Season,UniqueID,Benthos,Quad_ID,ID_number,Day_Night,Sampling_Date,Sampling_Time,UVHumic,Tyrosine,VisibleHumic,MarineHumic,Tryptophan,Phenylalanine,FulvicAcid,Optical_Brighteners,Lignin,BIX,HIX,FI,M_to_C
Fall,B1_Dawn,Barnacle,B1,1,Dawn,10/31/2023,7:06,0.029084667,0.038931866,0.027043721,0.034522529,0.059730948,0.017875392,0.012740385,0.021437281,0,0.870442092,1.951997139,1.680270317,0.783364435
Fall,B1_Dawn,Barnacle,B1,1,Dawn,11/3/2023,8:06,0.021665112,0.028219034,0.019873363,0.025632169,0.029044076,0.039707937,0.008494601,0.015561163,0,0.93730899,1.669832409,1.66754262,0.775328964
Spring,B1_Dawn,Barnacle,B1,1,Dawn,4/17/2024,6:18,0.029357773,0.030436188,0.029296558,0.034672572,0.019964209,0,0.014281175,0.023693713,0.022690035,0.905321799,3.950396562,1.676548935,0.844949089
Spring,B1_Dawn,Barnacle,B1,1,Dawn,4/19/2024,6:16,,,,,,,,,,,,,
Spring,B1_Dawn,Barnacle,B1,1,Dawn,4/20/2024,6:37,,,,,,,,,,,,,
Spring,B1_Dawn,Barnacle,B1,1,Dawn,5/5/2024,6:19,0.04385857,0.037896625,0.040874034,0.051248698,0.031961608,0.037405168,0.018939296,0.033048987,0.039078516,0.81660028,3.251250947,1.709650794,0.797562389
Fall,B1_Dawnb,Barnacle,B1,1,Dawn,11/2/2023,7:45,0.04418133,0.062003212,0.039352469,0.053011435,0.067571223,0.027298818,0.018366005,0.032031176,0,0.894074916,1.782471687,1.701560823,0.742339253
Summer,B1_Day,Barnacle,B1,1,Day,7/31/2023,9:57,0.046102371,0.057527244,0.04182372,0.055033315,0.123615153,0.001339315,0.020600838,0.036219026,0.203553027,0.93502005,1.21320173,1.52650384,0.759970939
Fall,B1_Dusk,Barnacle,B1,1,Dusk,10/24/2023,18:03,0.031174532,0.037619341,0.027992017,0.037766937,0.050794131,0.034583013,0.014780081,0.022555956,0.062071902,0.816934297,1.268822305,1.705840699,0.741177835
Spring,B1_Dusk,Barnacle,B1,1,Dusk,4/8/2024,19:19,,,,,,,,,,,,,
Spring,B1_Dusk,Barnacle,B1,1,Dusk,4/28/2024,19:35,0.041949629,0.053437169,0.039446257,0.0480946,0.055413993,0.007382173,0.018494845,0.03180951,0.090664507,0.826418371,2.364653292,1.609539862,0.820180594
Summer,B1_Night,Barnacle,B1,1,Night,8/1/2023,21:33,0.076916263,0.063039515,0.06755433,0.084230024,0.100163332,0.02005025,0.032757886,0.055205101,0.145349055,0.767004905,2.025677908,1.472450891,0.802021972
Fall,B2_Dawn,Barnacle,B2,2,Dawn,10/30/2023,7:05,0.036150228,0.048973078,0.032318239,0.042963922,0.056469372,0.015850789,0.014599555,0.025500512,0.095380277,0.847266589,1.732428893,1.750387825,0.752218086
Spring,B2_Dawn,Barnacle,B2,2,Dawn,4/16/2024,5:54,0.043735767,0.048414616,0.043263736,0.050318593,0.04755118,0,0.020984544,0.03609532,0.057644815,0.900051819,2.72226185,1.625408862,0.859796215
Spring,B2_Dawn,Barnacle,B2,2,Dawn,4/18/2024,6:17,0.031772717,0.027039031,0.031072874,0.036009634,0.022410026,0.020582008,0.014847617,0.033618389,0.020759446,0.868905727,2.787431229,1.605595097,0.862904462
Spring,B2_Dawn,Barnacle,B2,2,Dawn,5/1/2024,5:01,0.038607971,0.071247014,0.033996307,0.048735193,0.151027691,0.044985464,0.016002837,0.027984287,0.174763525,1.12594926,0.887053309,1.707495973,0.697572014
Spring,B2_Dawn,Barnacle,B2,2,Dawn,5/4/2024,6:00,0.037487183,0.037747036,0.035145031,0.044871255,0.053321263,0.03657281,0.016779705,0.028070312,0.089610864,0.882289806,1.983317152,1.699441108,0.783241542
Summer,B2_Day,Barnacle,B2,2,Day,8/2/2023,11:10,0.03999248,0.043436083,0.037107059,0.045891652,0.08529312,0.03055428,0.018060385,0.030170072,0.108644684,0.895473204,1.021036348,1.574756248,0.80857972
Summer,B2_Day,Barnacle,B2,2,Day,8/4/2023,12:29,0.030796644,0.034339309,0.027030696,0.036542527,0.074037235,0.015147571,0.013282153,0.021327928,0.132964911,0.915927642,1.348695827,1.527382025,0.739705163
Summer,B2_Dayb,Barnacle,B2,2,Day,8/14/2023,10:06,0.032812477,0.031300879,0.029413999,0.037538676,0.051676762,0,0.014111705,0.023892867,0.093130416,0.851636089,1.891594836,1.493939004,0.783565171
Fall,B2_Dusk,Barnacle,B2,2,Dusk,10/23/2023,18:04,0.032336339,0.041963944,0.029293181,0.039682276,0.058958572,0.034762124,0.014004881,0.023620698,0.049136492,0.894907874,1.064466716,1.752711262,0.738193083
Spring,B2_Dusk,Barnacle,B2,2,Dusk,4/9/2024,19:38,,,,,,,,,,,,,
Spring,B2_Dusk,Barnacle,B2,2,Dusk,4/11/2024,20:29,0.045227673,0.038621171,0.043529643,0.051582311,0.040287988,0.021423495,0.021243239,0.036122013,0.057998646,0.835017345,3.202337323,1.577015978,0.843887022
Spring,B2_Dusk,Barnacle,B2,2,Dusk,4/29/2024,20:17,,,,,,,,,,,,,
Spring,B2_Dusk,Barnacle,B2,2,Dusk,5/2/2024,19:37,0.031801191,0.034322156,0.029883319,0.036583521,0.073840778,0,0.014439458,0.0248696,0.079345953,0.915900594,1.521440604,1.599012381,0.816851909
Fall,B2_Duskb,Barnacle,B2,2,Dusk,10/25/2023,18:02,0.028700298,0.041620796,0.026437616,0.033265577,0.058753445,0.024013876,0.013162959,0.021205412,0.097506845,0.90539262,1.260711181,1.74512509,0.794743966
Summer,B2_Night,Barnacle,B2,2,Night,8/5/2023,0:00,0.064601436,0.033234807,0.060694701,0.068747795,0.052768545,0.011610115,0.031224429,0.049150965,0.070402335,0.789716099,3.943543211,1.360379146,0.882860328
Fall,B3_Dawn,Barnacle,B3,3,Dawn,10/29/2023,7:04,0.038670683,0.050431516,0.032052367,0.04452976,0.048378529,0.027109412,0.014813561,0.0259917,0.087487181,0.807172192,2.167645181,1.712483881,0.719796527
Spring,B3_Dawn,Barnacle,B3,3,Dawn,4/3/2024,6:36,0.040847388,0.04116873,0.038816921,0.047595314,0.044820582,0.046394999,0.018734557,0.030740399,0.061001128,0.845182954,2.458434352,1.688356794,0.81556182
Summer,B3_Day,Barnacle,B3,3,Day,7/31/2023,9:57,0.041785011,0.060561448,0.03807485,0.052569984,0.121551818,0.022212878,0.016050214,0.029167389,0.149176893,0.960267657,1.052502026,1.642589837,0.724269773
Fall,B3_Dusk,Barnacle,B3,3,Dusk,10/21/2023,17:00,0.046703138,0.098618094,0.039242999,0.060710667,0.082316182,0.032788661,0.018828857,0.030000194,0.097295195,0.735839684,1.138347113,1.84019174,0.646393792
Spring,B3_Dusk,Barnacle,B3,3,Dusk,4/8/2024,19:19,,,,,,,,,,,,,
Spring,B3_Dusk,Barnacle,B3,3,Dusk,4/11/2024,20:29,0.036401001,0.038992819,0.03385717,0.042540745,0.037194916,0.000469685,0.014972535,0.027663433,0.034249184,0.859449519,2.525968074,1.62459138,0.795876292
Spring,B3_Dusk,Barnacle,B3,3,Dusk,4/27/2024,19:50,0.035597356,0.04576979,0.034066643,0.041489356,0.059252183,0.002833875,0.016843144,0.028314525,0.097557394,0.893586234,1.6074404,1.641350005,0.821093556
Spring,B3_Dusk,Barnacle,B3,3,Dusk,4/28/2024,19:35,0.039773273,0.044495774,0.039011256,0.044556169,0.03855194,0.038600591,0.020634994,0.033007056,0.062636319,0.851268105,3.014347937,1.604814466,0.875552297
Spring,B3_Dusk,Barnacle,B3,3,Dusk,4/29/2024,20:17,0.039451697,0.049445977,0.039301526,0.043693164,0.058693175,0.034356169,0.019648615,0.031866997,0.073368548,0.87736553,2.242652679,1.617074143,0.899489127
Fall,B3_Duskb,Barnacle,B3,3,Dusk,10/23/2023,18:04,0.02471223,0.041756785,0.020881034,0.029089698,0.042630055,0.036811209,0.00988347,0.016595352,0.05119139,0.86231452,1.016771668,1.892906053,0.717815419
Summer,B3_Night,Barnacle,B3,3,Night,8/1/2023,21:33,0.04733934,0.053615917,0.042173846,0.054215431,0.08315457,0.013947888,0.021029114,0.034428585,0.11088211,0.80108423,1.380912675,1.518700342,0.777893772
Summer,B3_Night,Barnacle,B3,3,Night,8/5/2023,0:00,0.039094044,0.055229403,0.035440426,0.043874123,0.073259432,0.014707301,0.018026584,0.028953149,0.09855845,0.836576185,1.542895788,1.505218205,0.807775153
Fall,B4_Dawn,Barnacle,B4,4,Dawn,10/30/2023,7:05,,,,,,,,,,,,,
Spring,B4_Dawn,Barnacle,B4,4,Dawn,4/4/2024,6:35,0.037178356,0.053750281,0.033658163,0.043995764,0.114241908,0.042440701,0.017018371,0.026189629,0.118642957,0.924977886,1.187959836,1.757201372,0.765031896
Fall,B4_Dawnb,Barnacle,B4,4,Dawn,10/31/2023,7:06,0.02451739,0.055927165,0.021666504,0.028504742,0.042900052,0.019879315,0.009904981,0.017056754,0.0797373,0.875321366,1.8884519,1.721257498,0.760101729
Summer,B4_Day,Barnacle,B4,4,Day,8/2/2023,11:10,0.041551883,0.048637612,0.036629098,0.047738398,0.068796841,0.025466358,0.016788145,0.029473749,0.076815869,0.829870883,1.599269635,1.558483767,0.76728797
Summer,B4_Day,Barnacle,B4,4,Day,8/4/2023,12:29,0.025649402,0.046264293,0.023045151,0.030784901,0.064532137,0.039778191,0.010931843,0.018113071,0.037963898,0.934786686,1.099750411,1.619403442,0.748586176
Fall,B4_Dusk,Barnacle,B4,4,Dusk,10/22/2023,18:05,0.02843587,0.054834004,0.024059399,0.035478948,0.073934751,0.020458404,0.011386681,0.019183593,0.062761595,0.894421052,0.860966301,1.785536927,0.678131692
Spring,B4_Dusk,Barnacle,B4,4,Dusk,4/9/2024,19:38,0.040710431,0.039541962,0.038798048,0.04774396,0.060782556,0,0.018412175,0.031072151,0.088698285,0.845561882,2.317275845,1.666182471,0.812627354
Summer,B4_Night,Barnacle,B4,4,Night,8/3/2023,23:09,0.03931637,0.073088622,0.03470299,0.047811759,0.078586458,0.022012483,0.016131964,0.02793167,0.090137811,0.764035466,0.986537744,1.570160087,0.725825418
Fall,B5_Dawn,Barnacle,B5,5,Dawn,10/30/2023,7:05,0.023613206,0.030199168,0.020950864,0.028320861,0.030317768,0.016387144,0.009568165,0.016165446,0.051332685,0.906979465,1.719572617,1.772958515,0.739767902
Spring,B5_Dawn,Barnacle,B5,5,Dawn,4/3/2024,6:36,0.054821961,0.05452797,0.04688276,0.07868438,0.063317184,0.042912013,0.023939049,0.036890912,0.100842802,0.798180361,2.102656373,1.746939006,0.595833125
Summer,B5_Day,Barnacle,B5,5,Day,7/31/2023,9:57,0.043494733,0.088614134,0.036480743,0.062572835,0.107121657,0.040415182,0.016884141,0.028775638,0.134568266,0.834486757,0.978589338,1.660770687,0.583012468
Fall,B5_Dusk,Barnacle,B5,5,Dusk,10/21/2023,17:00,0.031686729,0.040723623,0.028217479,0.039250792,0.049880002,0.030559528,0.01241247,0.0223539,0.0861096,0.923271127,1.589382851,1.751892041,0.718902144
Spring,B5_Dusk,Barnacle,B5,5,Dusk,4/8/2024,19:19,0.0536588,0.042165569,0.050150904,0.061306049,0.053623942,0.018905373,0.02351944,0.040725787,0.080457204,0.855808582,2.823241396,1.583748994,0.818041687
Summer,B5_Night,Barnacle,B5,5,Night,8/1/2023,21:33,,,,,,,,,,,,,
Fall,B6_Dawn,Barnacle,B6,6,Dawn,10/29/2023,7:04,0.026835657,0.028009797,0.023631137,0.033552188,0.034294398,0.02871482,0.011195696,0.019414495,0.067801271,0.916671183,2.137586682,1.797918338,0.704309869
Spring,B6_Dawn,Barnacle,B6,6,Dawn,4/16/2024,5:54,0.047392432,0.040273536,0.045280877,0.06331201,0.038550897,0.004149276,0.021137518,0.0372027,0.066383863,0.797268439,3.870268175,1.700286243,0.715202007
Spring,B6_Dawn,Barnacle,B6,6,Dawn,5/2/2024,6:02,,,,,,,,,,,,,
Summer,B6_Day,Barnacle,B6,6,Day,8/2/2023,11:10,0.052366121,0.056924191,0.046970867,0.058294923,0.081972791,0.039537714,0.022354918,0.038311933,0.107014134,0.821356088,1.236522183,1.539924389,0.805745417
Fall,B6_Dusk,Barnacle,B6,6,Dusk,10/23/2023,18:04,0.026027482,0.02825475,0.023761418,0.032294806,0.038221183,0.026734513,0.010548602,0.019382914,0.066499245,0.876587151,1.468694337,1.721520431,0.735765942
Spring,B6_Dusk,Barnacle,B6,6,Dusk,4/9/2024,19:38,,,,,,,,,,,,,
Spring,B6_Dusk,Barnacle,B6,6,Dusk,4/10/2024,20:03,0.047510901,0.058058834,0.043296938,0.055168031,0.078531278,0.056352889,0.019084209,0.034301669,0.127886586,0.897934619,1.596792117,1.558244923,0.78481936
Fall,B6_Duskb,Barnacle,B6,6,Dusk,10/24/2023,18:03,0.027257887,0.029197023,0.024966027,0.031837508,0.040588078,0.009421008,0.011461631,0.019466879,0.061423018,0.862143048,1.320415139,1.783936281,0.784170263
Fall,B6_Duskc,Barnacle,B6,6,Dusk,10/26/2023,18:01,,,,,,,,,,,,,
Fall,B6_Duskd,Barnacle,B6,6,Dusk,10/27/2023,19:04,,,,,,,,,,,,,
Summer,B6_Night,Barnacle,B6,6,Night,8/3/2023,23:09,0.044606216,0.059074643,0.043100734,0.052412428,0.089872811,0.01041607,0.019391571,0.034747238,0.128475564,0.902046225,1.301100778,1.474890282,0.822338043
Summer,B6_Nightb,Barnacle,B6,6,Night,8/6/2023,0:57,0.064512256,0.054375096,0.057115634,0.073515297,0.100993621,0,0.026491684,0.045156797,0.143211144,0.815451709,2.037735196,1.532820164,0.776921769
Fall,M1_Dawn,Mussel,M1,1,Dawn,10/31/2023,7:06,0.027604022,0.034837277,0.025841181,0.033170787,0.038888832,0.049477801,0.010873948,0.020252761,0.042396001,0.880663516,1.942035353,1.748303943,0.779034319
Spring,M1_Dawn,Mussel,M1,1,Dawn,4/16/2024,5:54,0.043267261,0.038559015,0.040406938,0.051687558,0.035608252,0.029412635,0.017933721,0.032826944,0.078541764,0.853440105,2.712236205,1.721818811,0.781753674
Summer,M1_Day,Mussel,M1,1,Day,8/14/2023,10:06,,,,,,,,,,,,,
Fall,M1_Dusk,Mussel,M1,1,Dusk,10/25/2023,18:02,0.026136214,0.050727549,0.02445613,0.033372846,0.063475211,0.015967657,0.013205047,0.020926313,0,0.903502014,0.907813382,1.814675062,0.732815231
Spring,M1_Dusk,Mussel,M1,1,Dusk,4/8/2024,19:19,,,,,,,,,,,,,
Spring,M1_Dusk,Mussel,M1,1,Dusk,4/11/2024,20:29,,,,,,,,,,,,,
Spring,M1_Dusk,Mussel,M1,1,Dusk,4/27/2024,19:50,0.093965983,0.088871912,0.091105907,0.09412247,0.157882441,0.081646581,0.050983319,0.078307256,0.260988466,0.883503618,1.890547973,1.468623094,0.967950659
Spring,M1_Dusk,Mussel,M1,1,Dusk,4/28/2024,19:35,0.03552265,0.0399479,0.034185247,0.040501608,0.064799131,0.017655047,0.017172712,0.028884638,0.068851353,0.930126809,1.95274189,1.601718934,0.844046659
Summer,M1_Night,Mussel,M1,1,Night,8/1/2023,21:33,0.051350692,0.062377167,0.04666586,0.060400805,0.083380633,0.035858341,0.022057744,0.037735748,0.093344057,0.805047881,1.305567031,1.648734355,0.772603283
Summer,M1_Nightb,Mussel,M1,1,Night,8/5/2023,0:00,,,,,,,,,,,,,
Fall,M2_Dawn,Mussel,M2,2,Dawn,10/29/2023,7:04,,,,,,,,,,,,,
Spring,M2_Dawn,Mussel,M2,2,Dawn,4/18/2024,6:17,0.034956819,0.040028679,0.032501333,0.044592565,0.112750356,0.023898872,0.015623034,0.026544356,0.150617935,1.006287713,1.282193998,1.667351333,0.728850945
Spring,M2_Dawn,Mussel,M2,2,Dawn,4/19/2024,6:16,0.043910487,0.040706135,0.038855936,0.083976723,0.047283037,0.041436384,0.018832901,0.031237077,0.05199291,0.695934122,2.306420367,1.973550112,0.462698887
Spring,M2_Dawn,Mussel,M2,2,Dawn,4/20/2024,6:37,0.038415052,0.032621774,0.037099726,0.044294623,0.044263235,0,0.017617692,0.030378407,0.024395753,0.845411852,3.466629907,1.697860183,0.837567275
Spring,M2_Dawn,Mussel,M2,2,Dawn,5/1/2024,5:01,0.047342479,0.078966469,0.044658879,0.059468756,0.094108633,0.057957247,0.021207939,0.035699411,0.072825177,1.060006811,1.37670231,1.68671927,0.750963725
Spring,M2_Dawn,Mussel,M2,2,Dawn,5/4/2024,6:00,,,,,,,,,,,,,
Spring,M2_Dawn,Mussel,M2,2,Dawn,5/5/2024,6:19,,,,,,,,,,,,,
Fall,M2_Dawnb,Mussel,M2,2,Dawn,10/30/2023,7:05,0.025890152,0.037194531,0.023058286,0.031374291,0.034894543,0.027701812,0.009830291,0.018620088,0,0.934886847,1.90632112,1.691678028,0.734942055
Summer,M2_Day,Mussel,M2,2,Day,8/2/2023,11:10,,,,,,,,,,,,,
Summer,M2_Day,Mussel,M2,2,Day,8/17/2023,11:10,0.031853066,0.039514527,0.028044197,0.038991299,0.04776408,0.027161151,0.012011914,0.022315922,0.039629462,0.930309303,1.868198229,1.701372776,0.719242449
Summer,M2_Dayb,Mussel,M2,2,Day,8/12/2023,9:17,0.035918256,0.036188337,0.032292766,0.043536704,0.110783758,0.01177548,0.014376365,0.025524204,0.121782325,1.012699088,1.132415083,1.573552021,0.741736583
Fall,M2_Dusk,Mussel,M2,2,Dusk,10/26/2023,18:01,0.039063484,0.046775896,0.037950491,0.044669745,0.07529959,0.0398336,0.018809773,0.030746717,0,0.889423185,1.763186666,1.651020937,0.849579303
Spring,M2_Dusk,Mussel,M2,2,Dusk,4/10/2024,20:03,,,,,,,,,,,,,
Spring,M2_Dusk,Mussel,M2,2,Dusk,4/29/2024,20:17,,,,,,,,,,,,,
Spring,M2_Dusk,Mussel,M2,2,Dusk,5/2/2024,19:37,,,,,,,,,,,,,
Spring,M2_Dusk,Mussel,M2,2,Dusk,5/5/2024,19:40,,,,,,,,,,,,,
Summer,M2_Night,Mussel,M2,2,Night,8/13/2023,20:48,0.038690353,0.042236706,0.035209223,0.044933813,0.067314451,0.054341534,0.015866172,0.027329448,0.067385916,0.865830486,1.73862297,1.585821087,0.783579683
Spring,M3_Dawn,Mussel,M3,3,Dawn,5/2/2024,6:02,0.093356283,0.235962884,0.085901601,0.120849411,0.335383219,0.088181928,0.040183778,0.07113983,0.18812091,0.938168685,1.007829102,1.962217454,0.710815224
Spring,M3_Dawn,Mussel,M3,3,Dawn,5/4/2024,6:00,0.037578331,0.029672619,0.035644958,0.041622486,0.018486982,0,0.016976445,0.030307465,0.03806503,0.777757278,4.112204284,1.713278429,0.856387034
Spring,M3_Dawn,Mussel,M3,3,Dawn,5/5/2024,6:19,0.040896007,0.031712899,0.04132864,0.046321681,0.020529957,0.018335609,0.019805471,0.033500234,0.052058967,0.822856989,3.738819301,1.703108475,0.892209408
Summer,M3_Day,Mussel,M3,3,Day,8/17/2023,11:10,0.029533974,0.044654558,0.027986873,0.038138749,0.068062056,0.038621931,0.012421766,0.021497041,0.05032746,0.983465804,1.009075718,1.698336008,0.733817291
Fall,M3_Dusk,Mussel,M3,3,Dusk,10/27/2023,19:04,,,,,,,,,,,,,
Spring,M3_Dusk,Mussel,M3,3,Dusk,4/8/2024,19:19,,,,,,,,,,,,,
Spring,M3_Dusk,Mussel,M3,3,Dusk,4/9/2024,19:38,0.050222434,0.067874584,0.04438926,0.061249965,0.10798134,0.028485985,0.02079799,0.034602315,0.134437211,0.867115013,1.424794297,1.719736628,0.724723027
Summer,M3_Night,Mussel,M3,3,Night,8/15/2023,21:24,0.041787059,0.05474171,0.036047328,0.052100473,0.127019817,0.012424841,0.01654609,0.027822588,0.137879754,0.969786215,1.112110654,1.650113804,0.691881012
Spring,M4_Dawn,Mussel,M4,4,Dawn,4/16/2024,5:54,,,,,,,,,,,,,
Spring,M4_Dawn,Mussel,M4,4,Dawn,4/20/2024,6:37,,,,,,,,,,,,,
Spring,M4_Dawn,Mussel,M4,4,Dawn,5/1/2024,5:01,0.037631451,0.073374998,0.037442585,0.047069735,0.168696414,0.047428812,0.017945591,0.030364927,0.170908607,1.024398135,0.940944909,1.669397842,0.795470474
Summer,M4_Day,Mussel,M4,4,Day,8/2/2023,11:10,0.040595932,0.05701579,0.033806814,0.049399087,0.099942865,0.039425651,0.014323417,0.02625177,0.094255242,0.849167046,1.074154614,1.744098014,0.684361115
Summer,M4_Day,Mussel,M4,4,Day,8/12/2023,9:17,0.03488186,0.041878322,0.031688879,0.042319309,0.057112469,0.000822975,0.014216694,0.02535012,0.077930936,0.881424437,1.458552864,1.700047278,0.748804272
Fall,M4_Dusk,Mussel,M4,4,Dusk,10/24/2023,18:03,,,,,,,,,,,,,
Spring,M4_Dusk,Mussel,M4,4,Dusk,4/10/2024,20:03,0.03907942,0.055159611,0.034454462,0.045733267,0.046125163,0.011519337,0.014967955,0.028094241,0.051218834,0.867377289,2.174150984,1.59045748,0.75337855
Spring,M4_Dusk,Mussel,M4,4,Dusk,4/11/2024,20:29,,,,,,,,,,,,,
Spring,M4_Dusk,Mussel,M4,4,Dusk,4/27/2024,19:50,0.038315743,0.052026859,0.035468724,0.049498532,0.131050516,0.051230283,0.016538634,0.028703522,0.192734367,1.056695457,1.196993857,1.684755512,0.716561126
Spring,M4_Dusk,Mussel,M4,4,Dusk,4/28/2024,19:35,,,,,,,,,,,,,
Spring,M4_Dusk,Mussel,M4,4,Dusk,4/29/2024,20:17,,,,,,,,,,,,,
Spring,M4_Dusk,Mussel,M4,4,Dusk,5/2/2024,19:37,0.028695085,0.02605381,0.027936611,0.032133336,0.111484845,0,0.013773753,0.022794708,0.054214014,0.956731448,1.129736951,1.625031231,0.869396507
Fall,M4_Duskb,Mussel,M4,4,Dusk,10/25/2023,18:02,0.032724136,0.043017009,0.029639433,0.038068917,0.047107304,0.013398137,0.01262257,0.023053144,0,0.810716336,1.613218369,1.813500586,0.778573046
Summer,M4_Night,Mussel,M4,4,Night,8/16/2023,21:54,,,,,,,,,,,,,
Fall,M5_Dawn,Mussel,M5,5,Dawn,11/1/2023,7:25,0.025758819,0.028638869,0.022478838,0.031050637,0.027774368,0.028158669,0.009793998,0.018107755,0,0.853653329,2.156595401,1.685820187,0.72394128
Spring,M5_Dawn,Mussel,M5,5,Dawn,4/18/2024,6:17,0.034448584,0.048245104,0.033382321,0.041290279,0.063726065,0.029898672,0.016575633,0.028399001,0.077254642,0.877103664,2.115040058,1.68230249,0.80847894
Summer,M5_Day,Mussel,M5,5,Day,7/31/2023,9:57,0.036876578,0.092951209,0.031276822,0.050721083,0.20840701,0.032451695,0.012963076,0.024557552,0.262318803,1.109608547,0.573820468,1.912811712,0.616643424
Summer,M5_Dayb,Mussel,M5,5,Day,8/14/2023,10:06,0.031647299,0.040404322,0.027491462,0.038442588,0.050747134,0.007292598,0.012628626,0.020238968,0.062836169,0.849189718,1.165043505,1.537368114,0.71513038
Fall,M5_Dusk,Mussel,M5,5,Dusk,10/24/2023,18:03,0.027915767,0.055507507,0.023114103,0.035834315,0.120191558,0.02397183,0.010256621,0.018061424,0,1.125556334,0.671842575,1.694307948,0.645027048
Spring,M5_Dusk,Mussel,M5,5,Dusk,4/8/2024,19:19,0.058934114,0.065183279,0.052736114,0.07028612,0.088258929,0.006062072,0.02505077,0.041857491,0.156442019,0.842155978,1.859751588,1.636413181,0.750306231
Summer,M5_Night,Mussel,M5,5,Night,8/5/2023,0:00,0.045432738,0.037819691,0.04054533,0.050254767,0.055968555,0.006481321,0.018774148,0.031176053,0.092702903,0.825945909,2.269042391,1.53877035,0.806795709
Summer,M5_Night,Mussel,M5,5,Night,8/15/2023,21:24,0.05082897,0.048210705,0.043123511,0.059002266,0.070692762,0.023718689,0.02046748,0.033930136,0.079974554,0.833302207,2.184090025,1.59533669,0.730878895
Fall,M6_Dawn,Mussel,M6,6,Dawn,10/29/2023,7:04,,,,,,,,,,,,,
Spring,M6_Dawn,Mussel,M6,6,Dawn,4/17/2024,6:18,,,,,,,,,,,,,
Spring,M6_Dawn,Mussel,M6,6,Dawn,4/19/2024,6:16,,,,,,,,,,,,,
Spring,M6_Dawn,Mussel,M6,5,Dawn,4/20/2024,6:37,,,,,,,,,,,,,
Spring,M6_Dawn,Mussel,M6,6,Dawn,5/1/2024,5:01,,,,,,,,,,,,,
Spring,M6_Dawn,Mussel,M6,6,Dawn,5/2/2024,6:02,0.041846798,0.033196264,0.038695861,0.050344073,0.129609637,0,0.018278963,0.031491534,0.149029572,0.977264977,1.268448453,1.665681848,0.76862794
Fall,M6_Dawnb,Mussel,M6,6,Dawn,10/30/2023,7:05,0.03222328,0.033362926,0.028416184,0.039342775,0.04005511,0.033513273,0.0123776,0.022956716,0,0.884616518,2.347886273,1.72320256,0.722271967
Fall,M6_Dawnc,Mussel,M6,6,Dawn,10/31/2023,7:06,0.023456094,0.031013201,0.021181375,0.028105405,0.034389304,0.045346363,0.009264311,0.017503588,0,0.931593134,1.733612509,1.68500909,0.753640617
Summer,M6_Day,Mussel,M6,6,Day,8/2/2023,11:10,0.045909536,0.043409724,0.041146844,0.054022242,0.06179853,0.005133652,0.018530324,0.032728551,0.088024365,0.842172551,2.055033914,1.533214792,0.761664872
Summer,M6_Day,Mussel,M6,6,Day,8/17/2023,11:10,0.031505657,0.055356508,0.027134869,0.038265236,0.074600449,0.016588491,0.01236126,0.020980041,0.056088858,0.935485276,1.021324464,1.686968613,0.709125876
Fall,M6_Dusk,Mussel,M6,6,Dusk,10/25/2023,18:02,,,,,,,,,,,,,
Spring,M6_Dusk,Mussel,M6,6,Dusk,4/9/2024,19:38,,,,,,,,,,,,,
Spring,M6_Dusk,Mussel,M6,6,Dusk,4/10/2024,20:03,0.042437728,0.036134378,0.040511287,0.048796,0.039164904,0.018538435,0.019676376,0.032517316,0.05202967,0.885287201,2.790702652,1.594609644,0.830217361
Spring,M6_Dusk,Mussel,M6,6,Dusk,4/28/2024,19:35,0.066077308,0.083583252,0.062906555,0.079021614,0.092382984,0.014866995,0.02875371,0.049697414,0.077294522,0.883915909,2.093654884,1.7131247,0.796067698
Fall,M6_Duskb,Mussel,M6,6,Dusk,10/26/2023,18:01,0.037570505,0.045505926,0.035695919,0.044555847,0.062827958,0.006411795,0.016543628,0.028159358,0,0.899387223,1.445271168,1.649391966,0.801150046
Summer,M6_Night,Mussel,M6,6,Night,8/3/2023,23:09,0.039070102,0.03854416,0.037366831,0.044431593,0.056906476,0.056902614,0.015965743,0.026729989,0.071896266,0.820514804,1.595873115,1.563178522,0.840996869
Summer,M6_Nightb,Mussel,M6,6,Night,8/16/2023,21:54,0.036073894,0.036899902,0.031369082,0.042667183,0.0611369,0.019689942,0.013540159,0.023779372,0.048189694,0.883400954,1.248964383,1.596104915,0.735203963
Spring,OO_Dawn1,Open Ocean,OO1,1,Dawn,4/3/2024,6:15,0.048516874,0.042507864,0.047312509,0.052980808,0.163280058,0.029937715,0.023369473,0.038456406,0.130343591,0.959185868,1.439989273,1.541982469,0.893012217
Spring,OO_Dawn10,Open Ocean,OO10,10,Dawn,5/4/2024,6:09,0.050794325,0.056333882,0.049653343,0.114413273,0.569255468,0.034301359,0.024566563,0.041739056,0.732927618,4.416717241,0.511012087,1.702457905,0.433982369
Fall,OO_Dawn10a,Open Ocean,OO10,10,Dawn,10/31/2023,7:06,0.025719693,0.024733753,0.023618284,0.028339409,0.036734926,0,0.011829645,0.020211454,0.036300455,0.843578169,2.434439606,1.605318953,0.833407785
Fall,OO_Dawn10b,Open Ocean,OO10,10,Dawn,10/31/2023,7:06,0.030982443,0.030503016,0.027518674,0.034895834,0.064735249,0.019885194,0.013573803,0.022480774,0.072780402,0.778320487,1.692648021,1.585393291,0.788594828
Fall,OO_Dawn10c,Open Ocean,OO10,10,Dawn,10/31/2023,7:06,0.030201723,0.037360975,0.027612449,0.034902611,0.083367502,0.01840722,0.013876097,0.023136884,0.079177341,0.866001119,1.380939929,1.612524601,0.791128454
Spring,OO_Dawn11,Open Ocean,OO11,11,Dawn,5/5/2024,6:20,0.058478018,0.043152188,0.055659846,0.068362637,0.217249053,0.00769793,0.026705767,0.045929729,0.201311093,1.023706159,1.315333966,1.608350924,0.81418518
Fall,OO_Dawn11a,Open Ocean,OO11,11,Dawn,11/1/2023,7:25,0.028997019,0.032329084,0.026919796,0.033936846,0.077880458,0.011904574,0.012633425,0.022657757,0.093530614,0.935938693,1.449230661,1.655845132,0.793232114
Fall,OO_Dawn11b,Open Ocean,OO11,11,Dawn,11/1/2023,7:25,0.028949677,0.022152114,0.027340707,0.033404997,0.056691509,0.002043369,0.013408262,0.022582564,0.057924023,0.875998054,1.922151167,1.572108753,0.818461579
Fall,OO_Dawn11c,Open Ocean,OO11,11,Dawn,11/1/2023,7:25,0.029506577,0.029764152,0.027718448,0.033869563,0.069717481,0.003775835,0.014046808,0.023170848,0.063663323,0.949324277,1.653232266,1.618879486,0.818388123
Fall,OO_Dawn12a,Open Ocean,OO12,12,Dawn,11/2/2023,7:45,0.033564394,0.05270749,0.028944112,0.040803669,0.296301566,0.033465521,0.013605002,0.025165926,0.254235721,1.223528644,0.545408997,1.725827998,0.709350703
Fall,OO_Dawn12b,Open Ocean,OO12,12,Dawn,11/2/2023,7:45,0.031283725,0.0325712,0.027261746,0.035894097,0.133793777,0.028665018,0.013616529,0.022863213,0.133410283,1.021419777,1.055601492,1.583366214,0.759504996
Fall,OO_Dawn12c,Open Ocean,OO12,12,Dawn,11/2/2023,7:45,0.030977045,0.034117512,0.027550375,0.035762527,0.081500695,0.030217346,0.012180537,0.022696997,0.110852171,0.926734102,1.400193626,1.661420796,0.770369914
Fall,OO_Dawn13a,Open Ocean,OO13,13,Dawn,11/3/2023,8:06,0.028885355,0.03656614,0.02430046,0.034351848,0.061583483,0.016089752,0.012445647,0.02018697,0.093570857,0.875188297,1.697550329,1.717518356,0.707398901
Fall,OO_Dawn13b,Open Ocean,OO13,13,Dawn,11/3/2023,8:06,0.025315845,0.034737489,0.021848223,0.032353822,0.140112657,0.01557546,0.010882688,0.018045999,0.185250733,1.180675345,0.790986467,1.630262788,0.675290322
Fall,OO_Dawn13c,Open Ocean,OO13,13,Dawn,11/3/2023,8:06,0.021932153,0.021228786,0.019246479,0.025274657,0.051846801,0,0.009709111,0.016367816,0.090978909,1.016392976,1.626795932,1.63255724,0.76149319
Spring,OO_Dawn2,Open Ocean,OO2,2,Dawn,4/4/2024,6:35,0.051537855,0.037274339,0.049425988,0.058111074,0.084758838,0.025251664,0.023365362,0.040102546,0.100282675,0.874666802,2.327350013,1.585253891,0.85054337
Spring,OO_Dawn3,Open Ocean,OO3,3,Dawn,4/16/2024,6:05,0.041947928,0.058913818,0.03934088,0.05340119,0.420036208,0.026025175,0.018600482,0.031919154,0.356809589,1.378743742,0.5445544,1.598851037,0.736704188
Spring,OO_Dawn4,Open Ocean,OO4,4,Dawn,4/17/2024,6:20,0.054468826,0.059450539,0.051951238,0.063365246,0.336157492,0.038689076,0.020964739,0.040542254,0.214468373,1.062105725,0.771262484,1.799820124,0.819869589
Spring,OO_Dawn5,Open Ocean,OO5,5,Dawn,4/18/2024,6:17,0.034721275,0.036047418,0.034297281,0.041088979,0.208643356,0.028033424,0.01646438,0.028761408,0.202478563,1.18015711,0.920065779,1.656782176,0.83470755
Spring,OO_Dawn6,Open Ocean,OO6,6,Dawn,4/19/2024,6:16,0.05129533,0.087338816,0.050189634,0.10109269,0.672219391,0.042294089,0.023493947,0.042331871,0.77227197,3.660647307,0.416957959,1.736870394,0.496471449
Spring,OO_Dawn7,Open Ocean,OO7,7,Dawn,4/20/2024,6:37,0.040647946,0.034858793,0.041010578,0.051522986,0.167767555,0,0.019389502,0.033943051,0.203466338,1.541295732,1.23718426,1.602362501,0.795966646
Fall,OO_Dawn8,Open Ocean,OO8,8,Dawn,10/29/2023,7:04,0.025820698,0.020271674,0.021759086,0.0300776,0.017952968,0.004978938,0.010789743,0.01850328,0.033210705,0.845536894,2.922876976,1.594925086,0.723431602
Spring,OO_Dawn8,Open Ocean,OO8,8,Dawn,5/1/2024,5:00,0.036453537,0.046271351,0.038161676,0.047509118,0.132572676,0.049361435,0.018417736,0.032109106,0.172348383,1.495956023,1.203428598,1.645652717,0.803249526
Fall,OO_Dawn8a,Open Ocean,OO8,8,Dawn,10/29/2023,7:04,0.03007311,0.029177998,0.028620219,0.037413748,0.099072843,0.014483817,0.013576068,0.02379644,0.085298631,0.976467433,1.355791895,1.635492123,0.764965278
Fall,OO_Dawn8b,Open Ocean,OO8,8,Dawn,10/29/2023,7:04,0.031236251,0.024188572,0.028782848,0.03718037,0.05207929,0.00254417,0.014316332,0.024072651,0.050973392,0.847920998,2.276638137,1.609726797,0.774140979
Fall,OO_Dawn8c,Open Ocean,OO8,8,Dawn,10/29/2023,7:04,0.04273246,0.02545996,0.038634041,0.050106422,0.102015415,0.041838214,0.018095799,0.030931266,0.112214384,0.839476132,1.802765308,1.614838949,0.771039715
Fall,OO_Dawn9,Open Ocean,OO9,9,Dawn,10/30/2023,7:05,0.024005798,0.02629773,0.020120752,0.02870593,0.020235558,0,0.009517647,0.016779982,0.018148835,0.868851464,2.588575913,1.580897289,0.700926657
Spring,OO_Dawn9,Open Ocean,OO9,9,Dawn,5/2/2024,6:15,,,,,,,,,,,,,
Fall,OO_Dawn9a,Open Ocean,OO9,9,Dawn,10/30/2023,7:05,0.035733141,0.031462971,0.032573435,0.042192156,0.104764294,0,0.015088781,0.025904785,0.074004859,0.83797798,1.479880839,1.639319447,0.772025847
Fall,OO_Dawn9b,Open Ocean,OO9,9,Dawn,10/30/2023,7:05,0.031654598,0.026870133,0.030048014,0.036328654,0.071789001,0,0.014537047,0.024557341,0.085340598,0.883945887,1.803774089,1.485740305,0.827116098
Fall,OO_Dawn9c,Open Ocean,OO9,9,Dawn,10/30/2023,7:05,0.030841265,0.04689884,0.029474655,0.036323785,0.091543257,0.008415413,0.014565484,0.024554499,0.089034417,0.912005411,1.342762828,1.66452565,0.811442278
Summer,OO_Day1,Open Ocean,OO1,1,Day,7/31/2023,9:57,0.0520272,0.051134363,0.048499644,0.057980797,0.091062647,0,0.023166924,0.039864219,0.124201216,0.895327313,1.800604506,1.480926852,0.836477702
Summer,OO_Day2,Open Ocean,OO2,2,Day,8/2/2023,11:10,,,,,,,,,,,,,
Summer,OO_Day3,Open Ocean,OO,3,Day,8/4/2023,12:29,0.030938821,0.055991594,0.028113936,0.037144361,0.081246191,0.026689717,0.01367783,0.023048133,0.09632238,0.9267737,0.987466792,1.626106284,0.756883003
Summer,OO_Day3b,Open Ocean,OO,3,Day,8/4/2023,12:29,,,,,,,,,,,,,
Summer,OO_Day4,Open Ocean,OO,4,Day,8/12/2023,9:17,0.042117934,0.043034454,0.039464765,0.048567854,0.063940309,0,0.018678769,0.031138099,0.10254144,0.857335762,1.48025359,1.506211251,0.812569665
Summer,OO_Day5,Open Ocean,OO,5,Day,8/14/2023,10:06,0.032358178,0.028869982,0.030831107,0.03613224,0.042100604,0.015655104,0.01467553,0.024814835,0.104125161,0.92459322,1.867769711,1.573390643,0.85328523
Summer,OO_Day7,Open Ocean,OO7,7,Day,8/17/2023,11:10,0.036641219,0.050880609,0.034881475,0.043075884,0.100132575,0.027036107,0.015295544,0.028000153,0.105743991,0.943810815,0.563848456,1.619501296,0.809768055
Fall,OO_Dusk1,Open Ocean,OO1,1,Dusk,10/21/2023,17:00,,,,,,,,,,,,,
Spring,OO_Dusk1,Open Ocean,OO1,1,Dusk,4/8/2024,19:15,0.068837253,0.037721664,0.069365068,0.076850111,0.079548197,0.013287981,0.034585827,0.056693122,0.074671541,0.873033993,3.422568674,1.510798787,0.902602052
Fall,OO_Dusk1a,Open Ocean,OO1,1,Dusk,10/21/2023,17:00,,,,,,,,,,,,,
Fall,OO_Dusk1b,Open Ocean,OO1,1,Dusk,10/21/2023,17:00,0.041712431,0.038080423,0.040183501,0.046339501,0.066271864,0,0.01919621,0.032781857,0.097976415,0.858687013,1.490584361,1.5113277,0.867154371
Fall,OO_Dusk1c,Open Ocean,OO1,1,Dusk,10/21/2023,17:00,0.041478051,0.05295976,0.038861335,0.046679224,0.077875036,0.016969724,0.01810733,0.031300217,0.08290099,0.880818037,1.330109854,1.548149478,0.83251886
Spring,OO_Dusk2,Open Ocean,OO2,2,Dusk,4/9/2024,19:34,0.061549073,0.059456145,0.058177884,0.074320542,0.237533144,0.049809743,0.028636284,0.047505548,0.229280701,1.073267594,1.154742077,1.53005747,0.78279683
Fall,OO_Dusk2a,Open Ocean,OO2,2,Dusk,10/22/2023,18:05,0.030159314,0.049297097,0.02927526,0.034776808,0.098210823,0.048557033,0.014001954,0.023714767,0.09142286,0.892614252,0.948899244,1.511698627,0.841804122
Fall,OO_Dusk2b,Open Ocean,OO2,2,Dusk,10/22/2023,18:05,0.028873453,0.038161661,0.027222113,0.033497579,0.063952882,0.002375312,0.013874395,0.0225566,0.05713058,0.852503055,1.285438619,1.543352924,0.812659103
Spring,OO_Dusk3,Open Ocean,OO3,3,Dusk,4/10/2024,20:01,0.054476963,0.033419699,0.052551063,0.059772964,0.057849999,0.018354694,0.025669787,0.042472924,0.096196906,0.824711521,3.56097809,1.479408191,0.879177795
Fall,OO_Dusk3a,Open Ocean,OO3,3,Dusk,10/23/2023,18:04,0.037429083,0.03531504,0.035433916,0.044544899,0.109349442,0.000532828,0.01752511,0.029527289,0.119447586,1.000695643,1.323263041,1.544377398,0.795465178
Fall,OO_Dusk3b,Open Ocean,OO3,3,Dusk,10/23/2023,18:04,0.034771113,0.027195142,0.033517948,0.040005874,0.063897723,0.005726977,0.01638547,0.027672936,0.099558556,0.903045428,1.344479514,1.592215972,0.837825662
Fall,OO_Dusk3c,Open Ocean,OO3,3,Dusk,10/23/2023,18:04,0.034591299,0.028237841,0.032667648,0.038204928,0.054223331,0,0.016486724,0.026972813,0.080749715,0.873648266,1.508977681,1.514078362,0.855063708
Spring,OO_Dusk4,Open Ocean,OO4,4,Dusk,4/11/2024,20:24,0.043718469,0.043203491,0.042574166,0.050107503,0.092478223,0.032707484,0.020861947,0.035153855,0.087908012,0.896079816,2.095365599,1.558947847,0.849656501
Fall,OO_Dusk4a,Open Ocean,OO4,4,Dusk,10/24/2023,18:03,0.03796189,0.03788922,0.035948046,0.042633293,0.08560412,0,0.018352934,0.029655753,0.087009143,0.857256395,1.328695876,1.479884667,0.843191878
Fall,OO_Dusk4b,Open Ocean,OO4,4,Dusk,10/24/2023,18:03,0.0365896,0.031070647,0.03381344,0.040119567,0.080850027,0.018838543,0.017308938,0.02824082,0.134780374,0.979419642,1.282916511,1.55045109,0.842816677
Fall,OO_Dusk4c,Open Ocean,OO4,4,Dusk,10/24/2023,18:03,0.033972003,0.028901337,0.031926841,0.037193579,0.064543818,0,0.015975579,0.025743975,0.09660179,0.877245363,1.120506877,1.569249837,0.858396584
Fall,OO_Dusk5,Open Ocean,OO5,5,Dusk,10/25/2023,18:02,0.054745595,0.021285669,0.050607366,0.055005911,0.027450105,0.013822447,0.026418083,0.043085222,0.060518916,0.733174146,4.795504237,1.448664199,0.920035045
Spring,OO_Dusk5,Open Ocean,OO5,5,Dusk,4/27/2024,19:46,0.042648189,0.041261769,0.042267178,0.04887361,0.092324312,0,0.020560838,0.034880085,0.109883536,1.042863848,1.875257338,1.527016619,0.864826184
Fall,OO_Dusk5a,Open Ocean,OO5,5,Dusk,10/25/2023,18:02,0.031389624,0.037293175,0.02896703,0.037738148,0.190060419,0.032458312,0.014662632,0.023257002,0.175450416,1.06021531,0.647993585,1.538117357,0.767579534
Fall,OO_Dusk5b,Open Ocean,OO5,5,Dusk,10/25/2023,18:02,0.031183207,0.029345798,0.029123519,0.036406119,0.1077863,0.012073791,0.014800951,0.024198071,0.140873561,0.991062584,0.960746061,1.586235888,0.7999622
Fall,OO_Dusk5c,Open Ocean,OO5,5,Dusk,10/25/2023,18:02,0.031755143,0.033495102,0.029339734,0.036215023,0.07190439,0.02963263,0.014561222,0.024341312,0.116242664,0.933229908,1.285679867,1.550143996,0.810153672
Fall,OO_Dusk5d,Open Ocean,OO5,5,Dusk,10/25/2023,18:02,,,,,,,,,,,,,
Fall,OO_Dusk6,Open Ocean,OO6,6,Dusk,10/26/2023,18:01,0.036254982,0.046706861,0.032607364,0.040782199,0.050981955,0.045722437,0.015334996,0.027149537,0.08409774,0.883603923,1.820161336,1.591995205,0.799548938
Spring,OO_Dusk6,Open Ocean,OO6,6,Dusk,4/28/2024,19:31,0.054070072,0.068050069,0.054772296,0.060187886,0.11234231,0,0.02868978,0.045498954,0.102267851,0.975302714,1.979449221,1.544208777,0.910021924
Fall,OO_Dusk6a,Open Ocean,OO6,6,Dusk,10/26/2023,18:01,0.040416082,0.06091173,0.038229158,0.048784335,0.255648653,0.036386676,0.01943977,0.031906066,0.232327031,1.128181065,0.623135767,1.58242439,0.783635927
Fall,OO_Dusk6b,Open Ocean,OO6,6,Dusk,10/26/2023,18:01,0.036651604,0.03923184,0.036277456,0.042145204,0.099011195,0.016002156,0.017795634,0.028795069,0.102149181,0.937832042,0.933501719,1.560076551,0.860773052
Fall,OO_Dusk6c,Open Ocean,OO6,6,Dusk,10/26/2023,18:01,0.037448258,0.057128557,0.036243282,0.043719778,0.187256169,0.004591661,0.017839912,0.029939864,0.226413636,1.047404237,0.734338623,1.648024032,0.828990538
Fall,OO_Dusk7,Open Ocean,OO7,7,Dusk,10/27/2023,19:04,,,,,,,,,,,,,
Spring,OO_Dusk7,Open Ocean,OO7,7,Dusk,4/29/2024,20:12,0.043022868,0.051996332,0.039463787,0.05664714,0.185905246,0.050014506,0.018653532,0.032532194,0.332923174,1.23931057,0.939939699,1.682913483,0.69665984
Fall,OO_Dusk7a,Open Ocean,OO7,7,Dusk,10/27/2023,19:04,0.05643258,0.088401234,0.05131491,0.078110411,0.564297662,0.094846003,0.025183394,0.042902941,0.760392971,1.532734011,0.507318052,1.658220539,0.656953523
Fall,OO_Dusk7b,Open Ocean,OO7,7,Dusk,10/27/2023,19:04,0.047071404,0.068260254,0.045389137,0.056580621,0.266532289,0.013648025,0.02274397,0.037738109,0.235444135,1.069075858,0.748515962,1.598053966,0.802202888
Fall,OO_Dusk7c,Open Ocean,OO7,7,Dusk,10/27/2023,19:04,0.050595558,0.041356301,0.04914373,0.058159421,0.149963116,0.020368788,0.024074925,0.040822182,0.198485099,0.959732375,1.306437855,1.574205813,0.84498315
Spring,OO_Dusk8,Open Ocean,OO8,8,Dusk,5/2/2024,19:34,0.038193319,0.060383377,0.037832373,0.05106193,0.686526513,0.072416971,0.018109562,0.031394824,0.529691553,1.71069485,0.329341583,1.666009275,0.740911535
Summer,OO_Night1,Open Ocean,OO1,1,Night,8/1/2023,21:33,,,,,,,,,,,,,
Summer,OO_Night2,Open Ocean,OO2,2,Night,8/3/2023,23:09,0.06241643,0.036807904,0.059260989,0.065693574,0.052208076,0.011534121,0.030050309,0.048182739,0.08958855,0.785039029,3.827898296,1.368899792,0.902081979
Summer,OO_Night3,Open Ocean,OO3,3,Night,8/5/2023,0:00,0.08470496,0.034375134,0.079167382,0.086932276,0.062163628,0,0.041371126,0.066529902,0.143206421,0.756446515,4.62664953,1.370633239,0.910678815
Summer,OO_Night4,Open Ocean,OO4,4,Night,8/6/2023,0:57,0.063503321,0.038716542,0.058482995,0.067501982,0.066988937,0.00606198,0.029154329,0.047895445,0.114640667,0.816008277,2.474772708,1.390211077,0.866389299
Summer,OO_Night4b,Open Ocean,OO,4,Night,8/13/2023,20:48,0.054715445,0.040594541,0.051837431,0.059533621,0.088333298,0.004503466,0.025083395,0.042161764,0.134446342,0.852697893,2.192482238,1.516289495,0.870725315
Summer,OO_Night5,Open Ocean,OO,5,Night,8/15/2023,21:24,,,,,,,,,,,,,
Summer,OO_Night6,Open Ocean,OO6,6,Night,8/16/2023,21:54,0.044328298,0.028651134,0.04164664,0.049348259,0.049064233,0.004958763,0.019873278,0.03460182,0.070716938,0.869521393,1.631377135,1.523524728,0.843933329
Summer,OO_Night7,Open Ocean,OO7,7,Night,8/17/2023,22:24,,,,,,,,,,,,,
Fall,P1_Dawn,Surfgrass,P1,1,Dawn,11/1/2023,7:25,0.081019274,0.122395881,0.068640567,0.108805895,0.140312472,0.040907111,0.029959433,0.055373996,0.165744893,0.976940991,1.468794062,1.757378212,0.630853379
Spring,P1_Dawn,Surfgrass,P1,1,Dawn,4/17/2024,6:18,0.032038642,0.049476031,0.029827158,0.039470924,0.109064818,0.031361593,0.01321945,0.023849372,0.135339013,0.978877146,1.04293176,1.697842203,0.75567418
Spring,P1_Dawn,Surfgrass,P1,1,Dawn,4/18/2024,6:17,0.031389728,0.044061789,0.030576724,0.039899157,0.203517833,0.037155478,0.015355214,0.025159047,0.170869874,1.199561547,0.774829964,1.692047019,0.766350137
Spring,P1_Dawn,Surfgrass,P1,1,Dawn,4/20/2024,6:37,,,,,,,,,,,,,
Spring,P1_Dawn,Surfgrass,P1,1,Dawn,5/1/2024,5:01,0.035812872,0.058744593,0.032052008,0.043726977,0.140394922,0.001140767,0.014577688,0.026147658,0.113231861,0.943268083,1.006210589,1.664852111,0.733003066
Fall,P1_Dawnb,Surfgrass,P1,1,Dawn,11/2/2023,7:45,0.037642514,0.040888303,0.034223864,0.047055682,0.054507189,0.009459689,0.014620878,0.027924348,0.07226862,0.93970206,2.071625736,1.536152314,0.727305659
Summer,P1_Day,Surfgrass,P1,1,Day,7/31/2023,9:57,0.06416353,0.107214867,0.062083634,0.073668113,0.123512675,0.028476306,0.029486048,0.048588632,0.114803114,0.800105594,1.406846051,1.496838806,0.842747711
Fall,P1_Dusk,Surfgrass,P1,1,Dusk,10/23/2023,18:04,,,,,,,,,,,,,
Spring,P1_Dusk,Surfgrass,P1,1,Dusk,4/10/2024,20:03,0.051379819,0.044029062,0.045947061,0.0673108,0.061694913,0.020274832,0.022087645,0.038339454,0.109810711,0.825358239,2.336283146,1.682329782,0.682610539
Spring,P1_Dusk,Surfgrass,P1,1,Dusk,4/27/2024,19:50,0.041225161,0.049602649,0.040293835,0.047861822,0.06552911,0.004843702,0.020268059,0.033194249,0.090293381,0.915153739,1.993138936,1.627610209,0.841878413
Fall,P1_Duskb,Surfgrass,P1,1,Dusk,10/24/2023,18:03,0.043248367,0.091665195,0.037761707,0.060112994,0.09660389,0.071378921,0.017836876,0.030989984,0.077329789,0.745974947,1.088580473,1.847064649,0.62817877
Summer,P1_Night,Surfgrass,P1,1,Night,8/1/2023,21:33,0.084073355,0.078027569,0.076303118,0.09446788,0.123315458,0.047145169,0.03788127,0.062644584,0.126581377,0.790373928,1.841058935,1.435362206,0.807714942
Fall,P2_Dawn,Surfgrass,P2,2,Dawn,10/29/2023,7:04,0.033772105,0.029659838,0.031023342,0.039879944,0.039115682,0,0.012851265,0.025628738,0.065210173,0.911853517,2.403732285,1.538420677,0.777918399
Spring,P2_Dawn,Surfgrass,P2,2,Dawn,4/16/2024,5:54,0.041666615,0.034474045,0.04137264,0.048747992,0.026217987,0.023306175,0.019871188,0.034029793,0.056720564,0.904001843,3.697858633,1.570582434,0.848704498
Spring,P2_Dawn,Surfgrass,P2,2,Dawn,4/19/2024,6:16,0.068720859,0.089174397,0.063766711,0.080828217,0.196689196,0.025529091,0.024289285,0.049532519,0.153821982,0.915750153,1.237475509,1.7517393,0.788916462
Fall,P2_Dawnb,Surfgrass,P2,2,Dawn,10/31/2023,7:06,,,,,,,,,,,,,
Summer,P2_Day,Surfgrass,P2,2,Day,8/2/2023,11:10,0.082904365,0.036402559,0.078290833,0.086166049,0.046140428,0.007894632,0.039384004,0.064276656,0.078012801,0.760212013,5.547699756,1.382850549,0.908604191
Fall,P2_Dusk,Surfgrass,P2,2,Dusk,10/26/2023,18:01,,,,,,,,,,,,,
Spring,P2_Dusk,Surfgrass,P2,2,Dusk,4/11/2024,20:29,0.043225338,0.036145075,0.04033513,0.05881574,0.033952,0,0.01997895,0.033549342,0.069909993,0.765938428,4.18903924,1.690211675,0.685788016
Fall,P2_Duskb,Surfgrass,P2,2,Dusk,10/27/2023,19:04,0.044083354,0.05430463,0.042076072,0.05232499,0.060868733,0.002342281,0.01995894,0.034198227,0.097424651,0.86033096,2.081213114,1.613383251,0.80412958
Summer,P2_Night,Surfgrass,P2,2,Night,8/3/2023,23:09,0.065752746,0.06388944,0.060742894,0.073792759,0.097886032,0.039116954,0.028220364,0.050003675,0.084555995,0.832760692,2.068045248,1.469967784,0.823155213
Fall,P3_Dawn,Surfgrass,P3,3,Dawn,10/29/2023,7:04,0.036447455,0.042783892,0.032717586,0.044465457,0.057824851,0.030707219,0.015041681,0.026486096,0.074517134,0.884216901,1.908457996,1.618627853,0.735797816
Spring,P3_Dawn,Surfgrass,P3,3,Dawn,4/3/2024,6:36,0.093619578,0.026445342,0.088802979,0.091395779,0.024277361,0.018333018,0.050757839,0.07319844,0.061729689,0.723468718,9.061140444,1.365143793,0.97163108
Summer,P3_Day,Surfgrass,P3,3,Day,8/4/2023,12:29,0.063190197,0.041982123,0.059027188,0.068027993,0.047339399,0.021020715,0.029027815,0.04695526,0.081951781,0.775832689,3.92891229,1.414409699,0.867689683
Summer,P3_Dayb,Surfgrass,P3,3,Day,8/12/2023,9:17,0.040399638,0.037843577,0.037406893,0.04481523,0.039215379,0.01223037,0.017727507,0.029321276,0.044283568,0.830529511,2.419533714,1.520280724,0.834691533
Fall,P3_Dusk,Surfgrass,P3,3,Dusk,10/22/2023,18:05,0.037186484,0.039084686,0.034630615,0.043833369,0.062858817,0.023843866,0.012708399,0.028091666,0.071776151,0.788705431,1.462195383,1.675232538,0.790051415
Spring,P3_Dusk,Surfgrass,P3,3,Dusk,4/8/2024,19:19,0.051589698,0.048427437,0.047843586,0.067124309,0.052075719,0,0.021882484,0.038205487,0.060102169,0.794106601,2.916015649,1.734442453,0.712760943
Fall,P3_Duskb,Surfgrass,P3,3,Dusk,10/27/2023,19:04,0.04414151,0.046577916,0.039830579,0.051096486,0.072552871,0.007961956,0.019109944,0.032387448,0.087600374,0.845278706,2.137518738,1.60109925,0.779516993
Summer,P3_Night,Surfgrass,P3,3,Night,8/1/2023,21:33,0.101290739,0.040244246,0.095301655,0.109317294,0.064249691,0.035001032,0.046466234,0.079042669,0.11685168,0.77745477,4.509276155,1.429475722,0.871789369
Fall,P4_Dawn,Surfgrass,P4,4,Dawn,10/30/2023,7:05,0.036412869,0.0364405,0.032517163,0.0430002,0.050445903,0.02483291,0.014432134,0.026519771,0.057628582,0.851727366,2.25027334,1.65088456,0.756209572
Spring,P4_Dawn,Surfgrass,P4,5,Dawn,4/4/2024,6:35,,,,,,,,,,,,,
Spring,P4_Dawn,Surfgrass,P4,4,Dawn,4/16/2024,5:54,0.04058259,0.041502999,0.036844664,0.049486188,0.069067445,0.031572241,0.015897307,0.028375823,0.132616515,0.89971744,1.832662697,1.683438781,0.744544393
Spring,P4_Dawn,Surfgrass,P4,4,Dawn,4/17/2024,6:18,0.032562415,0.042254784,0.030185114,0.04028956,0.052387671,0.030046031,0.01410618,0.023898625,0.041384907,0.904412327,1.894459663,1.618772773,0.749204353
Summer,P4_Day,Surfgrass,P4,3,Day,8/2/2023,11:10,,,,,,,,,,,,,
Summer,P4_Dayb,Surfgrass,P4,4,Day,8/14/2023,10:06,0.036627346,0.028855463,0.033621477,0.039087975,0.034558561,0.012637108,0.016513285,0.026364175,0.033077731,0.858666081,2.802009715,1.470898617,0.860148854
Fall,P4_Dusk,Surfgrass,P4,4,Dusk,10/23/2023,18:04,,,,,,,,,,,,,
Spring,P4_Dusk,Surfgrass,P4,4,Dusk,4/9/2024,19:38,0.048637483,0.037988036,0.047402181,0.055473072,0.062966422,0.042623419,0.02308693,0.038991179,0.066753828,0.904157555,2.714184493,1.653041166,0.854507953
Spring,P4_Dusk,Surfgrass,P4,4,Dusk,4/10/2024,20:03,,,,,,,,,,,,,
Spring,P4_Dusk,Surfgrass,P4,4,Dusk,4/11/2024,20:29,0.034063904,0.030775438,0.031241145,0.040830274,0.050400693,0.015994189,0.014363003,0.025064336,0.07595167,0.90632654,2.403485217,1.637664972,0.765146606
Spring,P4_Dusk,Surfgrass,P4,4,Dusk,4/27/2024,19:50,0.03927018,0.050827018,0.035727783,0.048635156,0.138614686,0.003240493,0.016593554,0.028678361,0.141936075,1.074964025,1.121208729,1.682954778,0.734608172
Spring,P4_Dusk,Surfgrass,P4,4,Dusk,4/28/2024,19:35,0.037107386,0.045620767,0.034012674,0.044237499,0.068132527,0.014435587,0.016720923,0.027091134,0.083251522,0.866135403,1.827863198,1.580052961,0.768865219
Fall,P4_Duskb,Surfgrass,P4,4,Dusk,10/24/2023,18:03,,,,,,,,,,,,,
Fall,P4_Duskc,Surfgrass,P4,4,Dusk,10/25/2023,18:02,0.033914294,0.06849254,0.030364171,0.040317223,0.07976934,0.021209974,0.014004221,0.024562067,0.09724334,0.925720037,1.070287158,1.621325093,0.75313151
Fall,P4_Duskd,Surfgrass,P4,4,Dusk,10/26/2023,18:01,0.051294957,0.042867507,0.047750493,0.058140645,0.067467348,0.045397126,0.022295128,0.039461036,0.073944542,0.832492706,2.475842212,1.511979824,0.821292788
Summer,P4_Night,Surfgrass,P4,4,Night,8/3/2023,23:09,,,,,,,,,,,,,
Summer,P4_Night,Surfgrass,P4,4,Night,8/15/2023,21:24,0.066015858,0.091805285,0.06215723,0.075604048,0.155679406,0.049404486,0.030009093,0.05197398,0.156157088,0.862987561,0.946207476,1.535192317,0.822141564
Summer,P4_Nightb,Surfgrass,P4,4,Night,8/13/2023,20:48,0.046051067,0.039854954,0.043723527,0.050499241,0.080416012,0.027219414,0.021096769,0.036043516,0.062206087,0.867684534,2.080315104,1.486178988,0.865825438
Fall,P5_Dawn,Surfgrass,P5,5,Dawn,10/30/2023,7:05,,,,,,,,,,,,,
Spring,P5_Dawn,Surfgrass,P5,5,Dawn,4/3/2024,6:36,0.052901863,0.057620752,0.046056259,0.061638206,0.085046304,0.020940802,0.022087372,0.037158123,0.127908989,0.794618401,1.896085484,1.652566635,0.7472031
Fall,P5_Dawnb,Surfgrass,P5,5,Dawn,11/1/2023,7:25,0.04310531,0.033078285,0.039920813,0.048255123,0.079203511,0.001553219,0.018004147,0.033164407,0.11453854,0.948297259,2.076761186,1.51688662,0.827286524
Summer,P5_Day,Surfgrass,P5,5,Day,7/31/2023,9:57,0.098878508,0.100332561,0.093056243,0.106625423,0.143906703,0.040037562,0.04340492,0.076158303,0.182492565,0.838669009,2.13492134,1.465251281,0.872739738
Summer,P5_Day,Surfgrass,P5,5,Day,8/4/2023,12:29,0.069269175,0.039908772,0.0651089,0.0729051,0.066171618,0.024549481,0.032396978,0.052458457,0.072575411,0.797318544,3.219136921,1.438677074,0.893063727
Summer,P5_Day,Surfgrass,P5,5,Day,8/12/2023,9:17,0.048618965,0.042833434,0.043939699,0.053361155,0.060756501,0.011533127,0.0223548,0.036212936,0.075376886,0.828899731,2.138436946,1.445998517,0.823439803
Fall,P5_Dusk,Surfgrass,P5,5,Dusk,10/21/2023,17:00,0.028732918,0.034235153,0.026246593,0.034736096,0.066303602,0.025682974,0.013002908,0.021638807,0.108189813,0.918043993,1.274416975,1.651065988,0.755599967
Spring,P5_Dusk,Surfgrass,P5,5,Dusk,4/8/2024,19:19,0.049135227,0.053101945,0.046452528,0.055597044,0.055212785,0.048435656,0.021781545,0.037621745,0.121521278,0.84087774,2.274997858,1.569879162,0.835521537
Summer,P5_Night,Surfgrass,P5,5,Night,8/13/2023,20:48,0.043889557,0.049779126,0.038589401,0.050270553,0.073306007,0.037783342,0.01876772,0.031262077,0.073267808,0.776696864,1.36649377,1.543566152,0.767634294
Fall,P6_Dawn,Surfgrass,P6,6,Dawn,10/29/2023,7:04,0.027258476,0.030349116,0.024252435,0.033596427,0.029854682,0.044488303,0.010530021,0.020040991,0.041382925,0.850636723,2.228603414,1.583835819,0.721875435
Spring,P6_Dawn,Surfgrass,P6,6,Dawn,4/4/2024,6:35,0.04122473,0.03417669,0.03891265,0.046227106,0.041144375,0,0.019602173,0.0327679,0.054145544,0.859143335,3.154867475,1.526094972,0.841771272
Summer,P6_Day,Surfgrass,P6,6,Day,8/2/2023,11:10,0.074447183,0.051909178,0.068012897,0.077126551,0.065224134,0.013744357,0.033808548,0.055957407,0.125696415,0.738105588,2.839929072,1.46162964,0.881835066
Fall,P6_Dusk,Surfgrass,P6,6,Dusk,10/22/2023,18:05,0.024925515,0.032260802,0.022905359,0.029883949,0.038265763,0.010438221,0.010721204,0.018687623,0.050482139,0.856754947,1.114048574,1.665012848,0.766476962
Spring,P6_Dusk,Surfgrass,P6,6,Dusk,4/9/2024,19:38,0.056757423,0.056837485,0.051031399,0.072777454,0.080390542,0.009402917,0.022987504,0.041076908,0.123151611,0.792376873,1.912863577,1.732716416,0.701197923
Summer,P6_Night,Surfgrass,P6,6,Night,8/17/2023,22:24,0.043881541,0.03195413,0.041530124,0.049324926,0.046819539,0.024745277,0.019532719,0.033869856,0.084737691,0.858266918,2.726886931,1.472893042,0.841970312
Summer,P6-Night,Surfgrass,P6,6,Night,8/15/2023,21:24,0.051421948,0.043663881,0.046671542,0.058890346,0.081690924,0.03352844,0.021968585,0.036381488,0.110701954,0.822493766,1.467630296,1.512751876,0.792516002
Fall,RW1_Dawn,Rockweed,RW1,1,Dawn,10/30/2023,7:05,,,,,,,,,,,,,
Fall,RW1_Dawn,Rockweed,RW1,1,Dawn,11/2/2023,7:45,,,,,,,,,,,,,
Spring,RW1_Dawn,Rockweed,RW1,1,Dawn,4/17/2024,6:18,0.033922902,0.042140094,0.031133556,0.040803566,0.040099741,0,0.014540226,0.025567272,0.05495889,0.881809021,2.390673281,1.666155358,0.763010663
Fall,RW1_Dawnb,Rockweed,RW1,1,Dawn,11/3/2023,8:06,,,,,,,,,,,,,
Fall,RW1_Dawnc,Rockweed,RW1,1,Dawn,11/3/2023,8:06,,,,,,,,,,,,,
Summer,RW1_Day,Rockweed,RW1,1,Day,7/31/2023,9:57,0.07146514,0.100065909,0.066118468,0.084775578,0.121340355,0.039617493,0.030913937,0.054318649,0.14343974,0.846553364,1.329465377,1.555342748,0.779923526
Fall,RW1_Dusk,Rockweed,RW1,1,Dusk,10/21/2023,17:00,0.040145648,0.042476711,0.03816987,0.04657789,0.068071309,0.001758614,0.01845745,0.030089752,0.07905122,0.860172493,1.501391981,1.570744943,0.819484742
Spring,RW1_Dusk,Rockweed,RW1,1,Dusk,4/8/2024,19:19,0.096418882,0.075415053,0.090101327,0.122144508,0.109853653,0.033617083,0.043157727,0.073164149,0.14834959,0.794799555,2.735159023,1.646656407,0.73766171
Summer,RW1_Night,Rockweed,RW1,1,Night,8/1/2023,21:33,0.07403929,0.065455913,0.06452315,0.083639488,0.088549921,0.021657514,0.03121937,0.052326054,0.139446882,0.750576766,2.013020506,1.518966236,0.771443627
Fall,RW2_Dawn,Rockweed,RW2,2,Dawn,10/29/2023,7:04,0.039038577,0.03805012,0.032729429,0.048687911,0.056129327,0.02236375,0.01474725,0.025241707,0.09047973,0.821347,2.004119906,1.762060721,0.672229071
Spring,RW2_Dawn,Rockweed,RW2,2,Dawn,4/16/2024,5:54,0.050721843,0.045414194,0.046513178,0.060594153,0.053498083,0,0.020839736,0.037083059,0.125756576,0.867503731,2.633056406,1.593918599,0.767618247
Summer,RW2_Day,Rockweed,RW2,2,Day,8/2/2023,11:10,0.076484691,0.076186202,0.070894675,0.084421318,0.107386027,0.029177305,0.034827209,0.057493243,0.134600863,0.768400903,2.098619209,1.446195709,0.839772189
Fall,RW2_Dusk,Rockweed,RW2,2,Dusk,10/22/2023,18:05,0.028477148,0.036488245,0.026299424,0.03317859,0.051456689,0.019347683,0.012113754,0.021177167,0.050071757,0.895153791,1.192177886,1.572262872,0.792662501
Spring,RW2_Dusk,Rockweed,RW2,2,Dusk,4/10/2024,20:03,0.061750171,0.050879636,0.058836291,0.068279782,0.050651014,0.025956542,0.027071003,0.047401403,0.079456446,0.82421858,3.345818232,1.591511663,0.861694181
Summer,RW2_Night,Rockweed,RW2,2,Night,8/3/2023,23:09,0.083825359,0.047098323,0.076598034,0.08836376,0.08379983,0.027671638,0.039098548,0.062588356,0.111124452,0.737275572,2.959228056,1.391910297,0.866848968
Fall,RW3_Dawn,Rockweed,RW3,3,Dawn,11/1/2023,7:25,0.027472052,0.0306149,0.024711646,0.033809403,0.107531563,0.00828672,0.011305559,0.019373917,0.141946482,1.080876808,1.016122831,1.611661442,0.730910444
Fall,RW3_Dawn,Rockweed,RW3,3,Dawn,11/3/2023,8:06,0.030377706,0.028163955,0.028865529,0.034718935,0.043035101,0.013094539,0.014732835,0.022990292,0.086344163,0.894338458,2.251641043,1.582602628,0.831405942
Spring,RW3_Dawn,Rockweed,RW3,3,Dawn,4/17/2024,6:18,,,,,,,,,,,,,
Spring,RW3_Dawn,Rockweed,RW3,3,Dawn,4/18/2024,6:17,,,,,,,,,,,,,
Spring,RW3_Dawn,Rockweed,RW3,3,Dawn,4/19/2024,6:16,0.036309151,0.064187228,0.035072329,0.043643472,0.172201195,0.02094456,0.017425158,0.028810345,0.145441518,1.023388946,1.188490805,1.647781939,0.803609978
Summer,RW3_Day,Rockweed,RW3,3,Day,7/31/2023,9:57,0.057349032,0.091056582,0.051788185,0.068127824,0.095968305,0.034032264,0.022992579,0.042383915,0.110492351,0.843010178,1.177987799,1.614773391,0.760162033
Fall,RW3_Dusk,Rockweed,RW3,3,Dusk,10/21/2023,17:00,0.034205077,0.030997111,0.032148357,0.039838838,0.037411789,0.003105374,0.014940648,0.02599823,0.068007423,0.884397173,2.378813662,1.547325345,0.806960205
Spring,RW3_Dusk,Rockweed,RW3,3,Dusk,4/8/2024,19:19,0.068042385,0.066203858,0.061766551,0.092710495,0.071912956,0.026544127,0.030082757,0.050185172,0.078266533,0.763113181,2.740690808,1.685303935,0.666230405
Spring,RW3_Dusk,Rockweed,RW3,3,Dusk,5/2/2024,19:37,,,,,,,,,,,,,
Spring,RW3_Dusk,Rockweed,RW3,3,Dusk,5/5/2024,19:40,0.039017696,0.034676018,0.036893428,0.042901968,0.022529174,0.004484838,0.018003138,0.030073211,0.057596465,0.80398817,3.884322853,1.602241626,0.859947211
Summer,RW3_Night,Rockweed,RW3,3,Night,8/1/2023,21:33,0.082952461,0.084498745,0.074680917,0.094504507,0.125961876,0.019336444,0.035840647,0.060011849,0.146674569,0.760097252,1.517484903,1.485034734,0.790236568
Fall,RW4_Dawn,Rockweed,RW4,4,Dawn,10/29/2023,7:04,0.039757428,0.030560646,0.036277201,0.045170654,0.031957957,0.005712324,0.017343006,0.028457504,0.082020395,0.801138564,3.201500494,1.558092754,0.80311437
Spring,RW4_Dawn,Rockweed,RW4,4,Dawn,4/16/2024,5:54,,,,,,,,,,,,,
Spring,RW4_Dawn,Rockweed,RW4,4,Dawn,4/20/2024,6:37,0.039531966,0.052954509,0.038013241,0.045086789,0.077177885,0.009536835,0.018826828,0.031533887,0.045531938,0.845513066,1.664234164,1.61628011,0.84311264
Fall,RW4_Dawnb,Rockweed,RW4,4,Dawn,10/30/2023,7:05,0.031500281,0.028231503,0.029114248,0.035672106,0.032929892,0.023714816,0.01409274,0.023633922,0.061718854,0.865360124,2.564115231,1.562867669,0.816162871
Summer,RW4_Day,Rockweed,RW4,4,Day,8/2/2023,11:10,0.068966545,0.039507898,0.063236275,0.077267898,0.060359472,0,0.031483608,0.051461775,0.106877995,0.797272451,3.386059753,1.458851198,0.818402947
Fall,RW4_Dusk,Rockweed,RW4,4,Dusk,10/23/2023,18:04,0.033605188,0.034194302,0.033321862,0.039818894,0.048088255,0.001308554,0.016090683,0.026477665,0.084845147,0.901353105,1.483693059,1.620760155,0.836835443
Spring,RW4_Dusk,Rockweed,RW4,4,Dusk,4/9/2024,19:38,0.054417917,0.051663038,0.053113097,0.059745322,0.0381784,0.000950888,0.025921381,0.04331735,0.03480665,0.822681565,3.888241268,1.611235689,0.888991736
Summer,RW4_Night,Rockweed,RW4,4,Night,8/3/2023,23:09,0.088496353,0.055695199,0.07992444,0.093255718,0.078392034,0,0.041244337,0.06566685,0.130653638,0.709669231,2.858552048,1.425977733,0.857046002
Summer,RW4_Nightb,Rockweed,RW4,4,Night,8/5/2023,0:00,0.088772972,0.049320112,0.080494133,0.09404542,0.084452375,0.022060218,0.039673986,0.065855541,0.133862848,0.717940379,2.619548149,1.434712057,0.855906998
Fall,RW5_Dawn,Rockweed,RW5,5,Dawn,10/30/2023,7:05,,,,,,,,,,,,,
Fall,RW5_Dawn,Rockweed,RW5,5,Dawn,11/2/2023,7:45,0.039073757,0.037145998,0.03641879,0.044989013,0.043337918,0.018938764,0.016787725,0.029069108,0.080135963,0.876554145,2.353306141,1.58327746,0.809504078
Spring,RW5_Dawn,Rockweed,RW5,5,Dawn,4/17/2024,6:18,0.102631574,0.049012646,0.092439392,0.120368269,0.0667795,0,0.040811461,0.073399991,0.131970796,0.83756272,5.365584932,1.619997972,0.767971433
Summer,RW5_Day,Rockweed,RW5,5,Day,7/31/2023,9:57,0.071123111,0.096662482,0.064826866,0.085751395,0.09069719,0.005650747,0.027661215,0.051629547,0.131495215,0.851255437,1.827796659,1.598997285,0.755986135
Fall,RW5_Dusk,Rockweed,RW5,5,Dusk,10/21/2023,17:00,0.106767228,0.042544682,0.095494195,0.125893263,0.073676171,0.032713303,0.038629437,0.077745206,0.162063649,0.795971256,2.936251773,1.688741776,0.758533005
Spring,RW5_Dusk,Rockweed,RW5,5,Dusk,4/28/2024,19:35,0.114861436,0.050728253,0.10211979,0.132838261,0.158548676,0,0.042989838,0.080161819,0.194434264,0.868249227,3.0125161,1.594542358,0.768752836
Summer,RW5_Night,Rockweed,RW5,5,Night,8/1/2023,21:33,0.09469437,0.064383891,0.086074385,0.103536183,0.112599664,0.025834734,0.04251859,0.070889245,0.149829357,0.760979613,2.518282718,1.423491491,0.831345935
Fall,RW6_Dawn,Rockweed,RW6,6,Dawn,10/29/2023,7:04,0.048899839,0.045127976,0.044386657,0.057621918,0.058639551,0.003223839,0.020327077,0.035329831,0.114781299,0.808013548,2.413573081,1.725396317,0.770308561
Spring,RW6_Dawn,Rockweed,RW6,6,Dawn,4/18/2024,6:17,0.03657363,0.0407508,0.035229067,0.043262815,0.054583224,0.023262192,0.016995078,0.028086679,0.070148512,0.889145597,1.830359428,1.638492789,0.814303631
Summer,RW6_Day,Rockweed,RW6,6,Day,8/2/2023,11:10,0.090965778,0.025682167,0.086754736,0.09526233,0.049281998,0,0.043347403,0.070021925,0.126772617,0.741979705,5.909342125,1.38623051,0.910692992
Fall,RW6_Dusk,Rockweed,RW6,6,Dusk,10/24/2023,18:03,0.057779524,0.041133587,0.054961026,0.065539322,0.0634814,0.033735008,0.023955557,0.044396179,0.090292467,0.82173687,2.042068281,1.581358166,0.838596198
Spring,RW6_Dusk,Rockweed,RW6,6,Dusk,4/29/2024,20:17,0.04211893,0.047806588,0.039253382,0.046445205,0.065298007,0,0.017637693,0.031205841,0.085991576,0.856876282,2.201790054,1.558305353,0.84515467
Summer,RW6_Night,Rockweed,RW6,6,Night,8/3/2023,23:09,0.091027119,0.048733334,0.08298467,0.093427736,0.082430411,0.015925412,0.041843205,0.068282731,0.097881857,0.719981008,2.812913754,1.435220398,0.888223064
Summer,RW6_Nightb,Rockweed,RW6,6,Night,8/5/2023,0:00,0.102951728,0.059914242,0.092553454,0.109510745,0.099475025,0.025528332,0.045721386,0.074892161,0.125694655,0.742984813,2.986709889,1.431936157,0.845154095
Spring,SAS_OO_Dawn,Open Ocean,OO,,Dawn,4/16/2024,5:54,0.04439421,0.057962789,0.041879843,0.051678323,0.067798238,0.003480502,0.020977081,0.034889428,0.090979219,0.891556673,2.089738396,1.604464947,0.810394772
Spring,SAS_OO_Dusk,Open Ocean,OO,,Dusk,4/8/2024,19:19,0.068294844,0.059328876,0.06590043,0.079498701,0.07722944,0.010974985,0.032118066,0.053442897,0.135389845,0.843629055,2.801621339,1.578349743,0.828949763
