UniqueID,CobleA,CobleB,CobleC,CobleM,CobleT,Fpeak,Stedmon_D,Optical_Brighteners,dieselBandII,Petroleum,Lignin,BIX,HIX,FI,M_to_C,JP5_empirical,JP5_normalized,Diesel_Chen,sample,run_name
00_dawn_nut_20231030,0.024005798,0.02629773,0.020120752,0.02870593,0.020235558,0,0.009517647,0.016779982,0.007527735,0.023343447,0.018148835,0.868851464,2.588575913,1.580897289,0.700926657,1.28090334,0.044272379,7.356648146,Group001Sample0007,nyssa_run3
00_dusk_20231025,0.054745595,0.021285669,0.050607366,0.055005911,0.027450105,0.013822447,0.026418083,0.043085222,0.021605806,0.062649947,0.060518916,0.733174146,4.795504237,1.448664199,0.920035045,1.425325982,0.02147564,13.87924482,Group001Sample0003,nyssa_run3
00_SAS_dusk_20231026,0.036254982,0.046706861,0.032607364,0.040782199,0.050981955,0.045722437,0.015334996,0.027149537,0.011901852,0.036723811,0.08409774,0.883603923,1.820161336,1.591995205,0.799548938,2.700738614,0.058788727,13.22735132,Group001Sample0002,nyssa_run3
00HC_dusk_042724,0.042648189,0.041261769,0.042267178,0.04887361,0.092324312,0,0.020560838,0.034880085,0.015419035,0.051042505,0.109883536,1.042863848,1.875257338,1.527016619,0.864826184,4.015274716,0.06755598,17.01226422,Group004Sample0003,nyssa_run1
B1_dawn_20231031,0.029084667,0.038931866,0.027043721,0.034522529,0.059730948,0.017875392,0.012740385,0.021437281,0.00928354,0.031483192,0,0.870442092,1.951997139,1.680270317,0.783364435,3.001125551,0.07741707,11.59866338,Group007Sample0001,nyssa_run4
B1_dawn_20231103,0.021665112,0.028219034,0.019873363,0.025632169,0.029044076,0.039707937,0.008494601,0.015561163,0.006596249,0.021656673,0,0.93730899,1.669832409,1.66754262,0.775328964,1.608931491,0.056047264,8.654385476,Group007Sample0003,nyssa_run4
B1_dawn_nut_041724,0.029357773,0.030436188,0.029296558,0.034672572,0.019964209,0,0.014281175,0.023693713,0.010940599,0.033344234,0.022690035,0.905321799,3.950396562,1.676548935,0.844949089,1.340553551,0.036041668,8.652574594,Group001Sample0006,nyssa_run1
B1_dawn_nut_050524,0.04385857,0.037896625,0.040874034,0.051248698,0.031961608,0.037405168,0.018939296,0.033048987,0.014216406,0.045007394,0.039078516,0.81660028,3.251250947,1.709650794,0.797562389,2.016541106,0.037887646,13.41057227,Group001Sample0004,nyssa_run2
B1_dawn_nut_20231102,0.04418133,0.062003212,0.039352469,0.053011435,0.067571223,0.027298818,0.018366005,0.032031176,0.013890804,0.046579185,0,0.894074916,1.782471687,1.701560823,0.742339253,3.518144951,0.06104477,18.22141918,Group007Sample0002,nyssa_run4
B1_day_731,0.046102371,0.057527244,0.04182372,0.055033315,0.123615153,0.001339315,0.020600838,0.036219026,0.015769546,0.054630427,0.203553027,0.93502005,1.21320173,1.52650384,0.759970939,5.737188256,0.083553991,23.3514499,Group006Sample0004,nyssa_run5
B1_dusk_042724,0.040142252,0.06653329,0.040469372,0.047579771,0.10625845,0.035713831,0.019596246,0.032605449,0.013708084,0.048435512,0.091186368,0.916512288,1.511913698,1.625692304,0.850558359,4.928521868,0.085858421,18.36042301,Group006Sample0002,nyssa_run2
B1_dusk_20231024,0.031174532,0.037619341,0.027992017,0.037766937,0.050794131,0.034583013,0.014780081,0.022555956,0.010311174,0.036372512,0.062071902,0.816934297,1.268822305,1.705840699,0.741177835,2.7936398,0.065852466,13.50113862,Group006Sample0003,nyssa_run4
B1_dusk_nut_042824,0.041949629,0.053437169,0.039446257,0.0480946,0.055413993,0.007382173,0.018494845,0.03180951,0.013858932,0.047206492,0.090664507,0.826418371,2.364653292,1.609539862,0.820180594,3.089963244,0.057892452,14.65125612,Group004Sample0007,nyssa_run2
B1_night_801,0.076916263,0.063039515,0.06755433,0.084230024,0.100163332,0.02005025,0.032757886,0.055205101,0.025743567,0.089551954,0.145349055,0.767004905,2.025677908,1.472450891,0.802021972,5.260126517,0.053169544,27.68739306,Group007Sample0002,nyssa_run5
B2_dawn_050124,0.038607971,0.071247014,0.033996307,0.048735193,0.151027691,0.044985464,0.016002837,0.027984287,0.011993057,0.039478181,0.174763525,1.12594926,0.887053309,1.707495973,0.697572014,6.830880203,0.113590882,23.1504941,Group001Sample0002,nyssa_run2
B2_dawn_nut_041624,0.043735767,0.048414616,0.043263736,0.050318593,0.04755118,0,0.020984544,0.03609532,0.015960456,0.053017803,0.057644815,0.900051819,2.72226185,1.625408862,0.859796215,2.779970522,0.048309985,14.87782286,Group003Sample0001,nyssa_run2
B2_dawn_nut_041824,0.031772717,0.027039031,0.031072874,0.036009634,0.022410026,0.020582008,0.014847617,0.033618389,0.011023249,0.035868311,0.020759446,0.868905727,2.787431229,1.605595097,0.862904462,1.731851045,0.043401552,9.780394443,Group007Sample0002,nyssa_run1
B2_dawn_nut_050424,0.037487183,0.037747036,0.035145031,0.044871255,0.053321263,0.03657281,0.016779705,0.028070312,0.01290354,0.039617282,0.089610864,0.882289806,1.983317152,1.699441108,0.783241542,2.717990083,0.05578635,13.8701292,Group006Sample0002,nyssa_run1
B2_dawn_nut_20231030,0.036150228,0.048973078,0.032318239,0.042963922,0.056469372,0.015850789,0.014599555,0.025500512,0.010764851,0.037475103,0.095380277,0.847266589,1.732428893,1.750387825,0.752218086,2.967196258,0.064112221,13.91480218,Group006Sample0005,nyssa_run4
B2_day_804,0.030796644,0.034339309,0.027030696,0.036542527,0.074037235,0.015147571,0.013282153,0.021327928,0.010560875,0.033943504,0.132964911,0.915927642,1.348695827,1.527382025,0.739705163,3.431323629,0.0798467,14.09694576,Group006Sample0005,nyssa_run5
B2_day_812,0.03999248,0.043436083,0.037107059,0.045891652,0.08529312,0.03055428,0.018060385,0.030170072,0.013809819,0.043590873,0.108644684,0.895473204,1.021036348,1.574756248,0.80857972,4.123646199,0.073963921,18.65834435,Group006Sample0006,nyssa_run5
B2_day_814,0.032812477,0.031300879,0.029413999,0.037538676,0.051676762,0,0.014111705,0.023892867,0.010947857,0.035685518,0.093130416,0.851636089,1.891594836,1.493939004,0.783565171,2.437423377,0.058189825,11.88084373,Group006Sample0007,nyssa_run5
B2_dusk_041124,0.045227673,0.038621171,0.043529643,0.051582311,0.040287988,0.021423495,0.021243239,0.036122013,0.014673213,0.054837799,0.057998646,0.835017345,3.202337323,1.577015978,0.843887022,2.280371292,0.039246346,14.85913118,Group005Sample0003,nyssa_run2
B2_dusk_nut_20231023,0.032336339,0.041963944,0.029293181,0.039682276,0.058958572,0.034762124,0.014004881,0.023620698,0.010361206,0.035884095,0.049136492,0.894907874,1.064466716,1.752711262,0.738193083,3.214246519,0.073030095,14.64081243,Group006Sample0001,nyssa_run4
B2_dusk_nut_20231025,0.028700298,0.041620796,0.026437616,0.033265577,0.058753445,0.024013876,0.013162959,0.021205412,0.009756739,0.034087818,0.097506845,0.90539262,1.260711181,1.74512509,0.794743966,3.000877871,0.075111956,13.17144367,Group005Sample0006,nyssa_run4
B2_dusk_used_nut_050224,0.031801191,0.034322156,0.029883319,0.036583521,0.073840778,0,0.014439458,0.0248696,0.010884493,0.032990631,0.079345953,0.915900594,1.521440604,1.599012381,0.816851909,3.43697284,0.080039181,12.98769341,Group008Sample0003,nyssa_run1
B2_night_805,0.064601436,0.033234807,0.060694701,0.068747795,0.052768545,0.011610115,0.031224429,0.049150965,0.024933692,0.084575587,0.070402335,0.789716099,3.943543211,1.360379146,0.882860328,2.577002895,0.030781111,19.53415071,Group007Sample0003,nyssa_run5
B3_dawn_20231029,0.038670683,0.050431516,0.032052367,0.04452976,0.048378529,0.027109412,0.014813561,0.0259917,0.012361544,0.03871186,0.087487181,0.807172192,2.167645181,1.712483881,0.719796527,2.689194693,0.057800758,13.09754437,Group006Sample0004,nyssa_run4
B3_dawn_nut_040324,0.040847388,0.04116873,0.038816921,0.047595314,0.044820582,0.046394999,0.018734557,0.030740399,0.013684119,0.046009383,0.061001128,0.845182954,2.458434352,1.688356794,0.81556182,2.455917434,0.04736206,14.01009239,Group005Sample0005,nyssa_run1
B3_day_731,0.041785011,0.060561448,0.03807485,0.052569984,0.121551818,0.022212878,0.016050214,0.029167389,0.012428719,0.043625795,0.149176893,0.960267657,1.052502026,1.642589837,0.724269773,5.557025447,0.092829404,21.46559759,Group005Sample0003,nyssa_run5
B3_dusk_041124,0.036401001,0.038992819,0.03385717,0.042540745,0.037194916,0.000469685,0.014972535,0.027663433,0.011830906,0.038828431,0.034249184,0.859449519,2.525968074,1.62459138,0.795876292,2.258467837,0.049460143,12.04337069,Group002Sample0007,nyssa_run1
B3_dusk_042724,0.035597356,0.04576979,0.034066643,0.041489356,0.059252183,0.002833875,0.016843144,0.028314525,0.012110191,0.041558533,0.097557394,0.893586234,1.6074404,1.641350005,0.821093556,3.127053158,0.064808347,14.24411358,Group003Sample0003,nyssa_run1
B3_dusk_nut_042824,0.039773273,0.044495774,0.039011256,0.044556169,0.03855194,0.038600591,0.020634994,0.033007056,0.014793095,0.05101417,0.062636319,0.851268105,3.014347937,1.604814466,0.875552297,2.256298456,0.042857707,13.23084794,Group001Sample0007,nyssa_run2
B3_dusk_nut_042924,0.039451697,0.049445977,0.039301526,0.043693164,0.058693175,0.034356169,0.019648615,0.031866997,0.015067137,0.049301087,0.073368548,0.87736553,2.242652679,1.617074143,0.899489127,3.074066998,0.056683658,14.87148771,Group006Sample0005,nyssa_run1
B3_dusk_nut_20231021,0.046703138,0.098618094,0.039242999,0.060710667,0.082316182,0.032788661,0.018828857,0.030000194,0.013767315,0.048345658,0.097295195,0.735839684,1.138347113,1.84019174,0.646393792,4.902858826,0.079964374,20.98431007,Group005Sample0005,nyssa_run4
B3_dusk_nut_20231023,0.02471223,0.041756785,0.020881034,0.029089698,0.042630055,0.036811209,0.00988347,0.016595352,0.006909767,0.024955195,0.05119139,0.86231452,1.016771668,1.892906053,0.717815419,2.584048605,0.079720214,11.0349089,Group005Sample0004,nyssa_run4
B3_night_801,0.04733934,0.053615917,0.042173846,0.054215431,0.08315457,0.013947888,0.021029114,0.034428585,0.01633866,0.057035835,0.11088211,0.80108423,1.380912675,1.518700342,0.777893772,4.386859052,0.067316567,20.32823271,Group007Sample0004,nyssa_run5
B3_night_b_805,0.039094044,0.055229403,0.035440426,0.043874123,0.073259432,0.014707301,0.018026584,0.028953149,0.013422915,0.048753989,0.09855845,0.836576185,1.542895788,1.505218205,0.807775153,3.715412076,0.068604895,16.71442173,Group007Sample0005,nyssa_run5
B4_dawn_040424,0.037178356,0.053750281,0.033658163,0.043995764,0.114241908,0.042440701,0.017018371,0.026189629,0.012636939,0.042945581,0.118642957,0.924977886,1.187959836,1.757201372,0.765031896,5.013228988,0.093552154,19.02681427,Group005Sample0001,nyssa_run1
B4_dawn_20231031,0.02451739,0.055927165,0.021666504,0.028504742,0.042900052,0.019879315,0.009904981,0.017056754,0.007616187,0.024366058,0.0797373,0.875321366,1.8884519,1.721257498,0.760101729,2.160368215,0.069300452,9.228716087,Group006Sample0006,nyssa_run4
B4_day_802,0.041551883,0.048637612,0.036629098,0.047738398,0.068796841,0.025466358,0.016788145,0.029473749,0.013263821,0.045257161,0.076815869,0.829870883,1.599269635,1.558483767,0.76728797,3.544337068,0.065670833,16.08398834,Group005Sample0004,nyssa_run5
B4_day_804,0.025649402,0.046264293,0.023045151,0.030784901,0.064532137,0.039778191,0.010931843,0.018113071,0.007846901,0.02923121,0.037963898,0.934786686,1.099750411,1.619403442,0.748586176,3.287045386,0.088044603,13.15584341,Group005Sample0005,nyssa_run5
B4_dusk_20231022,0.02843587,0.054834004,0.024059399,0.035478948,0.073934751,0.020458404,0.011386681,0.019183593,0.008378403,0.028833151,0.062761595,0.894421052,0.860966301,1.785536927,0.678131692,4.010939239,0.103457944,14.21716209,Group005Sample0001,nyssa_run4
B4_dusk_nut_040924,0.040710431,0.039541962,0.038798048,0.04774396,0.060782556,0,0.018412175,0.031072151,0.01364707,0.047780355,0.088698285,0.845561882,2.317275845,1.666182471,0.812627354,2.955144694,0.056332717,14.37669502,Group002Sample0003,nyssa_run1
B4_night_803,0.03931637,0.073088622,0.03470299,0.047811759,0.078586458,0.022012483,0.016131964,0.02793167,0.012645548,0.044292907,0.090137811,0.764035466,0.986537744,1.570160087,0.725825418,4.480604051,0.08275132,18.65908584,Group007Sample0006,nyssa_run5
B5_dawn_040324,0.054821961,0.05452797,0.04688276,0.07868438,0.063317184,0.042912013,0.023939049,0.036890912,0.018157679,0.063297896,0.100842802,0.798180361,2.102656373,1.746939006,0.595833125,3.482446405,0.047894998,20.33653506,Group006Sample0001,nyssa_run1
B5_dawn_nut_20231030,0.023613206,0.030199168,0.020950864,0.028320861,0.030317768,0.016387144,0.009568165,0.016165446,0.007296752,0.022756775,0.051332685,0.906979465,1.719572617,1.772958515,0.739767902,1.698994783,0.056196336,8.93144941,Group006Sample0007,nyssa_run4
B5_day_731,0.043494733,0.088614134,0.036480743,0.062572835,0.107121657,0.040415182,0.016884141,0.028775638,0.012366287,0.046471518,0.134568266,0.834486757,0.978589338,1.660770687,0.583012468,5.61324063,0.087436356,23.33429343,Group005Sample0006,nyssa_run5
B5_dusk_040824,0.0536588,0.042165569,0.050150904,0.061306049,0.053623942,0.018905373,0.02351944,0.040725787,0.017476895,0.060256757,0.080457204,0.855808582,2.823241396,1.583748994,0.818041687,2.930316325,0.042829472,18.15309804,Group003Sample0001,nyssa_run1
B5_dusk_nut_20231021,0.031686729,0.040723623,0.028217479,0.039250792,0.049880002,0.030559528,0.01241247,0.0223539,0.009392542,0.030008336,0.0861096,0.923271127,1.589382851,1.751892041,0.718902144,2.586710813,0.063241266,12.86276909,Group005Sample0007,nyssa_run4
B6_dawn_20231029,0.026835657,0.028009797,0.023631137,0.033552188,0.034294398,0.02871482,0.011195696,0.019414495,0.00832934,0.027434681,0.067801271,0.916671183,2.137586682,1.797918338,0.704309869,1.721583662,0.050459871,9.777523623,Group006Sample0002,nyssa_run4
B6_dawn_nut_041624,0.047392432,0.040273536,0.045280877,0.06331201,0.038550897,0.004149276,0.021137518,0.0372027,0.016373002,0.057113806,0.066383863,0.797268439,3.870268175,1.700286243,0.715202007,2.142359096,0.034596669,14.95946154,Group001Sample0004,nyssa_run1
B6_day_802,0.052366121,0.056924191,0.046970867,0.058294923,0.081972791,0.039537714,0.022354918,0.038311933,0.016165407,0.059123611,0.107014134,0.821356088,1.236522183,1.539924389,0.805745417,4.381553009,0.063582524,21.36478636,Group005Sample0007,nyssa_run5
B6_dusk_nut_041024,0.047510901,0.058058834,0.043296938,0.055168031,0.078531278,0.056352889,0.019084209,0.034301669,0.014424128,0.050630725,0.127886586,0.897934619,1.596792117,1.558244923,0.78481936,4.094577246,0.064555438,19.80938217,Group006Sample0004,nyssa_run1
B6_dusk_nut_20231023,0.026027482,0.02825475,0.023761418,0.032294806,0.038221183,0.026734513,0.010548602,0.019382914,0.007870065,0.025916747,0.066499245,0.876587151,1.468694337,1.721520431,0.735765942,2.086598442,0.060647662,10.5786217,Group005Sample0003,nyssa_run4
B6_dusk_nut_20231024,0.027257887,0.029197023,0.024966027,0.031837508,0.040588078,0.009421008,0.011461631,0.019466879,0.008570563,0.029186594,0.061423018,0.862143048,1.320415139,1.783936281,0.784170263,2.203752487,0.062204295,11.09947913,Group005Sample0002,nyssa_run4
B6_night_801,0.044606216,0.059074643,0.043100734,0.052412428,0.089872811,0.01041607,0.019391571,0.034747238,0.015260038,0.050716945,0.128475564,0.902046225,1.301100778,1.474890282,0.822338043,4.637152013,0.073150747,19.9523538,Group006Sample0002,nyssa_run5
B6_night_806,0.064512256,0.054375096,0.057115634,0.073515297,0.100993621,0,0.026491684,0.045156797,0.020647426,0.071039791,0.143211144,0.815451709,2.037735196,1.532820164,0.776921769,4.568470519,0.055629233,23.73538956,Group006Sample0003,nyssa_run5
dusk_HC_00_nut_042824,0.054070072,0.068050069,0.054772296,0.060187886,0.11234231,0,0.02868978,0.045498954,0.020658744,0.06692891,0.102267851,0.975302714,1.979449221,1.544208777,0.910021924,5.453996752,0.074046736,20.84545372,Group002Sample0007,nyssa_run2
East_HC_00_20231022,0.030159314,0.049297097,0.02927526,0.034776808,0.098210823,0.048557033,0.014001954,0.023714767,0.010934727,0.037496074,0.09142286,0.892614252,0.948899244,1.511698627,0.841804122,4.718746686,0.100202468,17.11541965,Group005Sample0004,nyssa_run3
HC_00_041124,0.043718469,0.043203491,0.042574166,0.050107503,0.092478223,0.032707484,0.020861947,0.035153855,0.016014745,0.054044516,0.087908012,0.896079816,2.095365599,1.558947847,0.849656501,3.908241403,0.065623414,16.77207465,Group005Sample0006,nyssa_run2
HC_00_A_20231024,0.03796189,0.03788922,0.035948046,0.042633293,0.08560412,0,0.018352934,0.029655753,0.014120953,0.047083451,0.087009143,0.857256395,1.328695876,1.479884667,0.843191878,3.848442961,0.07146161,16.88800598,Group006Sample0001,nyssa_run3
HC_00_A_20231025,0.031389624,0.037293175,0.02896703,0.037738148,0.190060419,0.032458312,0.014662632,0.023257002,0.011012432,0.040166531,0.175450416,1.06021531,0.647993585,1.538117357,0.767579534,6.969723035,0.128648295,22.96323227,Group004Sample0004,nyssa_run3
HC_00_A_20231026,0.040416082,0.06091173,0.038229158,0.048784335,0.255648653,0.036386676,0.01943977,0.031906066,0.014575601,0.050642762,0.232327031,1.128181065,0.623135767,1.58242439,0.783635927,9.765148217,0.138054892,30.39790196,Group007Sample0002,nyssa_run3
HC_00_A_20231027,0.05643258,0.088401234,0.05131491,0.078110411,0.564297662,0.094846003,0.025183394,0.042902941,0.018531572,0.072036577,0.760392971,1.532734011,0.507318052,1.658220539,0.656953523,19.20708011,0.153971224,61.93345822,Group004Sample0007,nyssa_run3
HC_00_A_20231101,0.028997019,0.032329084,0.026919796,0.033936846,0.077880458,0.011904574,0.012633425,0.022657757,0.009608054,0.033132904,0.093530614,0.935938693,1.449230661,1.655845132,0.793232114,3.199904995,0.078207361,13.59231914,Group003Sample0003,nyssa_run3
HC_00_A_dawn_20231029,0.03007311,0.029177998,0.028620219,0.037413748,0.099072843,0.014483817,0.013576068,0.02379644,0.009845381,0.035178655,0.085298631,0.976467433,1.355791895,1.635492123,0.764965278,3.740443347,0.085334383,14.33288708,Group004Sample0006,nyssa_run3
HC_00_A_dawn_20231102,0.033564394,0.05270749,0.028944112,0.040803669,0.296301566,0.033465521,0.013605002,0.025165926,0.009574967,0.039467325,0.254235721,1.223528644,0.545408997,1.725827998,0.709350703,10.35572466,0.169443664,29.33342653,Group002Sample0006,nyssa_run3
HC_00_A_dawn_20231103,0.028885355,0.03656614,0.02430046,0.034351848,0.061583483,0.016089752,0.012445647,0.02018697,0.008760387,0.03417518,0.093570857,0.875188297,1.697550329,1.717518356,0.707398901,2.715721904,0.070023492,12.65068937,Group001Sample0006,nyssa_run3
HC_00_B_20231024,0.0365896,0.031070647,0.03381344,0.040119567,0.080850027,0.018838543,0.017308938,0.02824082,0.012851703,0.043360948,0.134780374,0.979419642,1.282916511,1.55045109,0.842816677,3.624062037,0.066060616,18.19656659,Group006Sample0006,nyssa_run3
HC_00_B_20231025,0.031183207,0.029345798,0.029123519,0.036406119,0.1077863,0.012073791,0.014800951,0.024198071,0.011346181,0.039499694,0.140873561,0.991062584,0.960746061,1.586235888,0.7999622,4.369479672,0.088862007,17.99397194,Group006Sample0004,nyssa_run3
HC_00_B_20231026,0.036651604,0.03923184,0.036277456,0.042145204,0.099011195,0.016002156,0.017795634,0.028795069,0.013249861,0.045365214,0.102149181,0.937832042,0.933501719,1.560076551,0.860773052,4.589813008,0.082852282,19.44017829,Group007Sample0004,nyssa_run3
HC_00_B_20231027,0.047071404,0.068260254,0.045389137,0.056580621,0.266532289,0.013648025,0.02274397,0.037738109,0.016656162,0.057683289,0.235444135,1.069075858,0.748515962,1.598053966,0.802202888,10.31587824,0.128003751,33.21663756,Group004Sample0002,nyssa_run3
HC_00_B_20231101,0.028949677,0.022152114,0.027340707,0.033404997,0.056691509,0.002043369,0.013408262,0.022582564,0.010125835,0.033922844,0.057924023,0.875998054,1.922151167,1.572108753,0.818461579,2.357508881,0.060278401,11.61170621,Group003Sample0002,nyssa_run3
HC_00_B_dawn_20231029,0.031236251,0.024188572,0.028782848,0.03718037,0.05207929,0.00254417,0.014316332,0.024072651,0.010187973,0.036359279,0.050973392,0.847920998,2.276638137,1.609726797,0.774140979,2.20825178,0.053688689,11.60098676,Group003Sample0004,nyssa_run3
HC_00_B_dawn_20231030,0.031654598,0.026870133,0.030048014,0.036328654,0.071789001,0,0.014537047,0.024557341,0.010881475,0.039186145,0.085340598,0.883945887,1.803774089,1.485740305,0.827116098,2.828750717,0.064750169,13.13213916,Group003Sample0005,nyssa_run3
HC_00_B_dawn_20231102,0.031283725,0.0325712,0.027261746,0.035894097,0.133793777,0.028665018,0.013616529,0.022863213,0.009772522,0.03583962,0.133410283,1.021419777,1.055601492,1.583366214,0.759504996,4.876464534,0.104149195,17.26587498,Group002Sample0002,nyssa_run3
HC_00_B_dawn_20231103,0.025315845,0.034737489,0.021848223,0.032353822,0.140112657,0.01557546,0.010882688,0.018045999,0.00788311,0.029545873,0.185250733,1.180675345,0.790986467,1.630262788,0.675290322,5.071709524,0.117315966,18.44734073,Group001Sample0004,nyssa_run3
HC_00_C_20231024,0.033972003,0.028901337,0.031926841,0.037193579,0.064543818,0,0.015975579,0.025743975,0.011805492,0.04177395,0.09660179,0.877245363,1.120506877,1.569249837,0.858396584,3.218748737,0.066288838,15.88356882,Group006Sample0005,nyssa_run3
HC_00_C_20231025,0.031755143,0.033495102,0.029339734,0.036215023,0.07190439,0.02963263,0.014561222,0.024341312,0.01098414,0.037892507,0.116242664,0.933229908,1.285679867,1.550143996,0.810153672,3.278397265,0.071057191,15.14125095,Group007Sample0003,nyssa_run3
HC_00_C_20231027,0.050595558,0.041356301,0.04914373,0.058159421,0.149963116,0.020368788,0.024074925,0.040822182,0.017532745,0.063880573,0.198485099,0.959732375,1.306437855,1.574205813,0.84498315,5.81870127,0.076764463,25.41456671,Group004Sample0001,nyssa_run3
HC_00_C_20231101,0.029506577,0.029764152,0.027718448,0.033869563,0.069717481,0.003775835,0.014046808,0.023170848,0.010037949,0.033686613,0.063663323,0.949324277,1.653232266,1.618879486,0.818388123,2.971827957,0.072227642,12.73363815,Group003Sample0007,nyssa_run3
HC_00_C_dawn_20231029,0.04273246,0.02545996,0.038634041,0.050106422,0.102015415,0.041838214,0.018095799,0.030931266,0.013288558,0.048070447,0.112214384,0.839476132,1.802765308,1.614838949,0.771039715,3.821224322,0.066723644,17.94795473,Group004Sample0003,nyssa_run3
HC_00_C_dawn_20231102,0.030977045,0.034117512,0.027550375,0.035762527,0.081500695,0.030217346,0.012180537,0.022696997,0.008653055,0.034162536,0.110852171,0.926734102,1.400193626,1.661420796,0.770369914,3.403572532,0.078575811,14.94051776,Group001Sample0005,nyssa_run3
HC_00_C_dawn_20231103,0.021932153,0.021228786,0.019246479,0.025274657,0.051846801,0,0.009709111,0.016367816,0.007333223,0.027421828,0.090978909,1.016392976,1.626795932,1.63255724,0.76149319,2.148541979,0.068009269,10.38459998,Group002Sample0001,nyssa_run3
HC_00_C20231026,0.037448258,0.057128557,0.036243282,0.043719778,0.187256169,0.004591661,0.017839912,0.029939864,0.013468454,0.046235115,0.226413636,1.047404237,0.734338623,1.648024032,0.828990538,7.517806937,0.118990324,26.02811382,Group007Sample0001,nyssa_run3
HC_00_dawn_041824,0.034721275,0.036047418,0.034297281,0.041088979,0.208643356,0.028033424,0.01646438,0.028761408,0.013003193,0.042762345,0.202478563,1.18015711,0.920065779,1.656782176,0.83470755,7.125171311,0.121801742,22.42076386,Group004Sample0005,nyssa_run2
HC_00_dawn_050124,0.036453537,0.046271351,0.038161676,0.047509118,0.132572676,0.049361435,0.018417736,0.032109106,0.013379783,0.043951878,0.172348383,1.495956023,1.203428598,1.645652717,0.803249526,5.44788937,0.088442695,20.63163162,Group001Sample0001,nyssa_run2
HC_00_dawn_050524,0.058478018,0.043152188,0.055659846,0.068362637,0.217249053,0.00769793,0.026705767,0.045929729,0.019602541,0.066797678,0.201311093,1.023706159,1.315333966,1.608350924,0.81418518,7.863543992,0.092946967,28.06364202,Group003Sample0006,nyssa_run2
HC_00_dawn_2_0505,0.058869393,0.035977331,0.056238191,0.068241191,0.213188111,0,0.026019441,0.045812136,0.020456693,0.065037322,0.148066128,0.933739243,1.314974909,1.660457091,0.82410917,7.738456656,0.094292575,26.78302273,Group008Sample0004,nyssa_run1
HC_00_dawn_A_20231030,0.035733141,0.031462971,0.032573435,0.042192156,0.104764294,0,0.015088781,0.025904785,0.011305929,0.041387804,0.074004859,0.83797798,1.479880839,1.639319447,0.772025847,4.013167297,0.081440377,16.19987502,Group003Sample0006,nyssa_run3
HC_00_dawn_C_20231130,0.030841265,0.04689884,0.029474655,0.036323785,0.091543257,0.008415413,0.014565484,0.024554499,0.010111402,0.037061836,0.089034417,0.912005411,1.342762828,1.66452565,0.811442278,4.016242862,0.09043612,14.81428394,Group003Sample0001,nyssa_run3
HC_00_dawn_nut_041924,0.05129533,0.087338816,0.050189634,0.10109269,0.672219391,0.042294089,0.023493947,0.042331871,0.017223393,0.0599331,0.77227197,3.660647307,0.416957959,1.736870394,0.496471449,24.92783387,0.165445426,66.09826532,Group002Sample0004,nyssa_run2
HC_00_dawn_nut_042024,0.040647946,0.034858793,0.041010578,0.051522986,0.167767555,0,0.019389502,0.033943051,0.014427128,0.047245625,0.203466338,1.541295732,1.23718426,1.602362501,0.795966646,6.283585496,0.093854595,22.0472478,Group003Sample0007,nyssa_run2
HC_00_dawn_nut_050424,0.050794325,0.056333882,0.049653343,0.114413273,0.569255468,0.034301359,0.024566563,0.041739056,0.018154847,0.059544783,0.732927618,4.416717241,0.511012087,1.702457905,0.433982369,22.3814416,0.140981742,61.4525135,Group001Sample0003,nyssa_run2
HC_00_dawn_nut_A_20231031,0.025719693,0.024733753,0.023618284,0.028339409,0.036734926,0,0.011829645,0.020211454,0.008153676,0.029791577,0.036300455,0.843578169,2.434439606,1.605318953,0.833407785,1.671822634,0.050814129,8.966690352,Group002Sample0007,nyssa_run3
HC_00_dawn_nut_B_20231031,0.030982443,0.030503016,0.027518674,0.034895834,0.064735249,0.019885194,0.013573803,0.022480774,0.009707037,0.036798838,0.072780402,0.778320487,1.692648021,1.585393291,0.788594828,2.912303321,0.069635847,13.26409983,Group002Sample0005,nyssa_run3
HC_00_dawn_nut_C_20231031,0.030201723,0.037360975,0.027612449,0.034902611,0.083367502,0.01840722,0.013876097,0.023136884,0.009745669,0.035430791,0.079177341,0.866001119,1.380939929,1.612524601,0.791128454,3.696226341,0.08709915,13.99640749,Group002Sample0004,nyssa_run3
HC_00_dusk_040824,0.068837253,0.037721664,0.069365068,0.076850111,0.079548197,0.013287981,0.034585827,0.056693122,0.025563321,0.086382999,0.074671541,0.873033993,3.422568674,1.510798787,0.902602052,3.612759845,0.040709553,21.94498025,Group006Sample0004,nyssa_run2
HC_00_East_20231023,0.034591299,0.028237841,0.032667648,0.038204928,0.054223331,0,0.016486724,0.026972813,0.012270075,0.041582023,0.080749715,0.873648266,1.508977681,1.514078362,0.855063708,2.7641523,0.058959153,13.88062903,Group006Sample0007,nyssa_run3
HC_00_nut_041724,0.054468826,0.059450539,0.051951238,0.063365246,0.336157492,0.038689076,0.020964739,0.040542254,0.015890741,0.059384494,0.214468373,1.062105725,0.771262484,1.799820124,0.819869589,11.81750714,0.144907672,33.49288624,Group006Sample0003,nyssa_run2
HC_00_west_20231023,0.037429083,0.03531504,0.035433916,0.044544899,0.109349442,0.000532828,0.01752511,0.029527289,0.012564714,0.04681222,0.119447586,1.000695643,1.323263041,1.544377398,0.795465178,4.288712836,0.076348272,18.66760841,Group004Sample0005,nyssa_run3
HC00_040424,0.051537855,0.037274339,0.049425988,0.058111074,0.084758838,0.025251664,0.023365362,0.040102546,0.018385946,0.059035024,0.100282675,0.874666802,2.327350013,1.585253891,0.85054337,3.664895021,0.053421964,19.14490286,Group006Sample0003,nyssa_run1
HC00_dawn_050224,0.038193319,0.060383377,0.037832373,0.05106193,0.686526513,0.072416971,0.018109562,0.031394824,0.013761297,0.049365905,0.529691553,1.71069485,0.329341583,1.666009275,0.740911535,22.23812906,0.231418757,53.71808634,Group007Sample0003,nyssa_run1
HC00_dusk_nut_042924,0.043022868,0.051996332,0.039463787,0.05664714,0.185905246,0.050014506,0.018653532,0.032532194,0.013919498,0.048682956,0.332923174,1.23931057,0.939939699,1.682913483,0.69665984,7.48240417,0.101407883,30.14902448,Group007Sample0004,nyssa_run1
HC00_dusk_used_050224,0.04103515,0.045816459,0.040917379,0.047285324,0.1347234,0.035943638,0.020254398,0.033523476,0.014545741,0.050825881,0.160712515,0.967896881,1.307891596,1.551302623,0.865329355,5.359731926,0.08687589,20.84316352,Group007Sample0007,nyssa_run1
HC00_nut_040324,0.048516874,0.042507864,0.047312509,0.052980808,0.163280058,0.029937715,0.023369473,0.038456406,0.018494812,0.06056196,0.130343591,0.959185868,1.439989273,1.541982469,0.893012217,6.217226461,0.088733372,22.65162752,Group006Sample0007,nyssa_run1
HC00_nut_040924,0.061549073,0.059456145,0.058177884,0.074320542,0.237533144,0.049809743,0.028636284,0.047505548,0.0219144,0.076222367,0.229280701,1.073267594,1.154742077,1.53005747,0.78279683,9.303325451,0.098222282,33.35362872,Group007Sample0006,nyssa_run1
HC00_nut_041024,0.054476963,0.033419699,0.052551063,0.059772964,0.057849999,0.018354694,0.025669787,0.042472924,0.019987863,0.068316186,0.096196906,0.824711521,3.56097809,1.479408191,0.879177795,2.587604366,0.037082732,17.01091802,Group004Sample0005,nyssa_run1
HC00_nut_041624,0.041947928,0.058913818,0.03934088,0.05340119,0.420036208,0.026025175,0.018600482,0.031919154,0.014524559,0.052168201,0.356809589,1.378743742,0.5445544,1.598851037,0.736704188,14.07629292,0.167052842,41.01153576,Group001Sample0001,nyssa_run1
M1_dawn_20231031,0.027604022,0.034837277,0.025841181,0.033170787,0.038888832,0.049477801,0.010873948,0.020252761,0.008193701,0.026434366,0.042396001,0.880663516,1.942035353,1.748303943,0.779034319,1.97784203,0.056838651,10.37312722,Group009Sample0001,nyssa_run4
M1_dawn_nut_041824,0.043267261,0.038559015,0.040406938,0.051687558,0.035608252,0.029412635,0.017933721,0.032826944,0.013973928,0.044363799,0.078541764,0.853440105,2.712236205,1.721818811,0.781753674,2.21784864,0.040970107,14.69870243,Group002Sample0005,nyssa_run1
M1_dusk_042724,0.093965983,0.088871912,0.091105907,0.09412247,0.157882441,0.081646581,0.050983319,0.078307256,0.046496945,0.116448287,0.260988466,0.883503618,1.890547973,1.468623094,0.967950659,7.30269798,0.047102012,37.16148758,Group004Sample0002,nyssa_run2
M1_dusk_nut_042824,0.03552265,0.0399479,0.034185247,0.040501608,0.064799131,0.017655047,0.017172712,0.028884638,0.012701759,0.04190968,0.068851353,0.930126809,1.95274189,1.601718934,0.844046659,3.001472739,0.062511795,13.48371279,Group004Sample0006,nyssa_run2
M1_dusk_nut_20231025,0.026136214,0.050727549,0.02445613,0.033372846,0.063475211,0.015967657,0.013205047,0.020926313,0.009402625,0.033193953,0,0.903502014,0.907813382,1.814675062,0.732815231,3.653856153,0.096274791,13.48761318,Group008Sample0003,nyssa_run4
M1_night_801,0.051350692,0.062377167,0.04666586,0.060400805,0.083380633,0.035858341,0.022057744,0.037735748,0.017086516,0.062292536,0.093344057,0.805047881,1.305567031,1.648734355,0.772603283,4.585513921,0.066269047,21.64021569,Group004Sample0001,nyssa_run5
M2_dawn_050124,0.047342479,0.078966469,0.044658879,0.059468756,0.094108633,0.057957247,0.021207939,0.035699411,0.01620746,0.048091257,0.072825177,1.060006811,1.37670231,1.68671927,0.750963725,4.733236152,0.072898142,20.43110877,Group005Sample0003,nyssa_run1
M2_dawn_050224,0.094189629,0.149088444,0.088438714,0.126293449,0.337872399,0.073652055,0.039354198,0.071372334,0.02720181,0.090503625,0.265318598,1.083901895,0.905401372,1.926779287,0.700263671,15.70733197,0.11638631,51.14647351,Group002Sample0002,nyssa_run2
M2_dawn_nut_041824,0.034956819,0.040028679,0.032501333,0.044592565,0.112750356,0.023898872,0.015623034,0.026544356,0.012132377,0.037582926,0.150617935,1.006287713,1.282193998,1.667351333,0.728850945,4.340694481,0.084736876,17.68011338,Group005Sample0005,nyssa_run2
M2_dawn_nut_041924,0.043910487,0.040706135,0.038855936,0.083976723,0.047283037,0.041436384,0.018832901,0.031237077,0.01365624,0.046155748,0.05199291,0.695934122,2.306420367,1.973550112,0.462698887,2.900902187,0.047502105,15.93041926,Group007Sample0001,nyssa_run1
M2_dawn_nut_042024,0.038415052,0.032621774,0.037099726,0.044294623,0.044263235,0,0.017617692,0.030378407,0.013114006,0.041368334,0.024395753,0.845411852,3.466629907,1.697860183,0.837567275,2.172160033,0.046499877,10.55324637,Group004Sample0003,nyssa_run2
M2_day_812,0.035918256,0.036188337,0.032292766,0.043536704,0.110783758,0.01177548,0.014376365,0.025524204,0.011630652,0.036623116,0.121782325,1.012699088,1.132415083,1.573552021,0.741736583,4.412267022,0.087216798,17.43220158,Group004Sample0004,nyssa_run5
M2_day_814,0.028902439,0.030612437,0.026888826,0.033842361,0.053862299,0.019187025,0.013102791,0.022387362,0.009281857,0.03088577,0.061393996,0.910895162,1.339270688,1.587911027,0.794531624,2.695910973,0.065695348,12.39788298,Group006Sample0001,nyssa_run5
M2_day_817,0.031853066,0.039514527,0.028044197,0.038991299,0.04776408,0.027161151,0.012011914,0.022315922,0.009747209,0.031375369,0.039629462,0.930309303,1.868198229,1.701372776,0.719242449,2.491518069,0.06179057,12.0682119,Group004Sample0005,nyssa_run5
M2_dusk_nut_20231026,0.039063484,0.046775896,0.037950491,0.044669745,0.07529959,0.0398336,0.018809773,0.030746717,0.013581153,0.045775702,0,0.889423185,1.763186666,1.651020937,0.849579303,3.804715723,0.071745841,15.68321264,Group007Sample0004,nyssa_run4
M2_night_803,0.047389769,0.04300112,0.042527868,0.054083712,0.054578868,0.001109607,0.02000865,0.034127849,0.016892375,0.050843331,0.086032872,0.807464566,2.140910577,1.579087017,0.786334122,2.857209057,0.047754113,16.51790178,Group004Sample0002,nyssa_run5
M2_night_813,0.038690353,0.042236706,0.035209223,0.044933813,0.067314451,0.054341534,0.015866172,0.027329448,0.012181191,0.041453951,0.067385916,0.865830486,1.73862297,1.585821087,0.783579683,3.348178994,0.067322369,14.86560254,Group004Sample0003,nyssa_run5
M2_dawn_nut_20231031,0.025890152,0.037194531,0.023058286,0.031374291,0.034894543,0.027701812,0.009830291,0.018620088,0.007787313,0.024038337,0,0.934886847,1.90632112,1.691678028,0.734942055,1.982486395,0.059119656,10.05107995,Group008Sample0005,nyssa_run4
M3_dawn_050224,0.093356283,0.235962884,0.085901601,0.120849411,0.335383219,0.088181928,0.040183778,0.07113983,0.029002403,0.100287426,0.18812091,0.938168685,1.007829102,1.962217454,0.710815224,16.55639817,0.128199107,46.21503957,Group004Sample0001,nyssa_run2
M3_dawn_20231031,0.042538427,0.026543127,0.041024813,0.045159026,0.032490701,0.034328606,0.021161981,0.034160842,0.017402429,0.047693162,0,0.832689414,3.392651607,1.466859218,0.908452121,1.650118573,0.029598718,12.37062372,Group008Sample0004,nyssa_run4
M3_dawn_fdom_20231101,0.052915882,0.03468001,0.0501005,0.058964442,0.079320827,0.045430617,0.02559057,0.04176153,0.02017178,0.065269048,0,0.894735838,2.618804969,1.507437957,0.849673108,3.399270169,0.045697516,19.81963762,Group008Sample0006,nyssa_run4
M3_dawn_nut_050424,0.037578331,0.029672619,0.035644958,0.041622486,0.018486982,0,0.016976445,0.030307465,0.012112821,0.040230958,0.03806503,0.777757278,4.112204284,1.713278429,0.856387034,1.45038608,0.032799924,10.46505157,Group002Sample0005,nyssa_run2
M3_dawn_nut_050524,0.040896007,0.031712899,0.04132864,0.046321681,0.020529957,0.018335609,0.019805471,0.033500234,0.014117242,0.04706485,0.052058967,0.822856989,3.738819301,1.703108475,0.892209408,1.448090378,0.028665276,12.08863968,Group001Sample0005,nyssa_run2
M3_day_817,0.029533974,0.044654558,0.027986873,0.038138749,0.068062056,0.038621931,0.012421766,0.021497041,0.009221294,0.032203469,0.05032746,0.983465804,1.009075718,1.698336008,0.733817291,3.683307737,0.089069694,14.26753615,Group004Sample0006,nyssa_run5
M3_dusk_nut_040424,0.050222434,0.067874584,0.04438926,0.061249965,0.10798134,0.028485985,0.02079799,0.034602315,0.015271705,0.051832069,0.134437211,0.867115013,1.424794297,1.719736628,0.724723027,5.232812889,0.077790292,22.55645559,Group005Sample0002,nyssa_run1
M3_night_815,0.041787059,0.05474171,0.036047328,0.052100473,0.127019817,0.012424841,0.01654609,0.027822588,0.012258096,0.042221163,0.137879754,0.969786215,1.112110654,1.650113804,0.691881012,5.294026819,0.089944277,21.15296771,Group002Sample0006,nyssa_run5
M4_dawn_050124,0.037631451,0.073374998,0.037442585,0.047069735,0.168696414,0.047428812,0.017945591,0.030364927,0.012909586,0.043186713,0.170908607,1.024398135,0.940944909,1.669397842,0.795470474,7.056110649,0.119090931,22.41839005,Group001Sample0006,nyssa_run2
M4_day_802,0.040595932,0.05701579,0.033806814,0.049399087,0.099942865,0.039425651,0.014323417,0.02625177,0.011003104,0.040288145,0.094255242,0.849167046,1.074154614,1.744098014,0.684361115,4.58161689,0.085808565,18.5298312,Group004Sample0007,nyssa_run5
M4_day_812,0.03488186,0.041878322,0.031688879,0.042319309,0.057112469,0.000822975,0.014216694,0.02535012,0.010903851,0.036948437,0.077930936,0.881424437,1.458552864,1.700047278,0.748804272,2.892336172,0.064237342,13.86149317,Group005Sample0001,nyssa_run5
M4_dusk_042724_1,0.038315743,0.052026859,0.035468724,0.049498532,0.131050516,0.051230283,0.016538634,0.028703522,0.013247744,0.041856605,0.192734367,1.056695457,1.196993857,1.684755512,0.716561126,5.388591836,0.030041744,21.51463972,Group006Sample0007,nyssa_run2
M4_dusk_042724_2,0.097099056,0.143344905,0.094013921,0.110215732,0.416647488,0.113841766,0.049682289,0.078739747,0.043186687,0.11799035,0.278561839,1.061941771,0.956622434,1.495620067,0.852999105,15.56394073,0.094877904,54.29774413,Group007Sample0001,nyssa_run2
M4_dusk_nut_041024,0.03907942,0.055159611,0.034454462,0.045733267,0.046125163,0.011519337,0.014967955,0.028094241,0.011632844,0.039410721,0.051218834,0.867377289,2.174150984,1.59045748,0.75337855,2.734024723,0.056199577,13.73772579,Group001Sample0005,nyssa_run1
M4_dusk_nut_20231025,0.032724136,0.043017009,0.029639433,0.038068917,0.047107304,0.013398137,0.01262257,0.023053144,0.010309958,0.028675327,0,0.810716336,1.613218369,1.813500586,0.778573046,2.518413804,0.063234469,11.8665912,Group007Sample0005,nyssa_run4
M4_dusk_used_nut_050224,0.028695085,0.02605381,0.027936611,0.032133336,0.111484845,0,0.013773753,0.022794708,0.009857211,0.032619222,0.054214014,0.956731448,1.129736951,1.625031231,0.869396507,4.324605699,0.10600435,13.46835215,Group008Sample0001,nyssa_run1
M5_dawn_fdom_20231101,0.025758819,0.028638869,0.022478838,0.031050637,0.027774368,0.028158669,0.009793998,0.018107755,0.008062751,0.024638282,0,0.853653329,2.156595401,1.685820187,0.72394128,1.645313544,0.05295256,8.633623346,Group008Sample0007,nyssa_run4
M5_dawn_nut_041824,0.034448584,0.048245104,0.033382321,0.041290279,0.063726065,0.029898672,0.016575633,0.028399001,0.011996121,0.040002665,0.077254642,0.877103664,2.115040058,1.68230249,0.80847894,3.128551361,0.06717691,13.39921525,Group005Sample0004,nyssa_run2
M5_day_731,0.036876578,0.092951209,0.031276822,0.050721083,0.20840701,0.032451695,0.012963076,0.024557552,0.009590698,0.035637567,0.262318803,1.109608547,0.573820468,1.912811712,0.616643424,8.829120754,0.143486503,28.30386869,Group005Sample0002,nyssa_run5
M5_day_814,0.031647299,0.040404322,0.027491462,0.038442588,0.050747134,0.007292598,0.012628626,0.020238968,0.009830383,0.032408279,0.062836169,0.849189718,1.165043505,1.537368114,0.71513038,2.899084468,0.070602292,13.36356341,Group003Sample0005,nyssa_run5
M5_dusk_040824,0.058934114,0.065183279,0.052736114,0.07028612,0.088258929,0.006062072,0.02505077,0.041857491,0.018604545,0.066287204,0.156442019,0.842155978,1.859751588,1.636413181,0.750306231,4.471091321,0.056191822,24.14683047,Group004Sample0006,nyssa_run1
M5_dusk_nut_20231024,0.027915767,0.055507507,0.023114103,0.035834315,0.120191558,0.02397183,0.010256621,0.018061424,0.007908851,0.026157519,0,1.125556334,0.671842575,1.694307948,0.645027048,5.241568815,0.121866403,18.43392381,Group007Sample0006,nyssa_run4
M5_night_805,0.045432738,0.037819691,0.04054533,0.050254767,0.055968555,0.006481321,0.018774148,0.031176053,0.014817879,0.049479484,0.092702903,0.825945909,2.269042391,1.53877035,0.806795709,2.792184607,0.049391242,15.58191167,Group002Sample0007,nyssa_run5
M5_night_815,0.05082897,0.048210705,0.043123511,0.059002266,0.070692762,0.023718689,0.02046748,0.033930136,0.016245734,0.052683466,0.079974554,0.833302207,2.184090025,1.59533669,0.730878895,3.543092027,0.056116201,18.0936224,Group003Sample0001,nyssa_run5
M6_dawn_050224,0.041846798,0.033196264,0.038695861,0.050344073,0.129609637,0,0.018278963,0.031491534,0.014047373,0.043683699,0.149029572,0.977264977,1.268448453,1.665681848,0.76862794,4.982940818,0.083074806,19.86254642,Group008Sample0005,nyssa_run1
M6_dawn_2023102023,0.03222328,0.033362926,0.028416184,0.039342775,0.04005511,0.033513273,0.0123776,0.022956716,0.009727116,0.029910549,0,0.884616518,2.347886273,1.72320256,0.722271967,2.074036059,0.052247363,11.50978528,Group008Sample0001,nyssa_run4
M6_dawn_20231031,0.023456094,0.031013201,0.021181375,0.028105405,0.034389304,0.045346363,0.009264311,0.017503588,0.00680182,0.022310696,0,0.931593134,1.733612509,1.68500909,0.753640617,1.834549258,0.060253488,9.296559279,Group008Sample0002,nyssa_run4
M6_day_802,0.045909536,0.043409724,0.041146844,0.054022242,0.06179853,0.005133652,0.018530324,0.032728551,0.014279557,0.047352,0.088024365,0.842172551,2.055033914,1.533214792,0.761664872,3.093599529,0.05361479,16.20273918,Group003Sample0006,nyssa_run5
M6_day_817,0.031505657,0.055356508,0.027134869,0.038265236,0.074600449,0.016588491,0.01236126,0.020980041,0.009036327,0.031434475,0.056088858,0.935485276,1.021324464,1.686968613,0.709125876,4.040771084,0.095787359,14.81091383,Group003Sample0007,nyssa_run5
M6_dusk_nut_041024,0.042437728,0.036134378,0.040511287,0.048796,0.039164904,0.018538435,0.019676376,0.032517316,0.015029035,0.050752937,0.05202967,0.885287201,2.790702652,1.594609644,0.830217361,2.28421875,0.041473107,14.19498527,Group002Sample0004,nyssa_run1
M6_dusk_nut_042824,0.066077308,0.083583252,0.062906555,0.079021614,0.092382984,0.014866995,0.02875371,0.049697414,0.021475924,0.070104715,0.077294522,0.883915909,2.093654884,1.7131247,0.796067698,5.23726625,0.065059785,22.11559758,Group002Sample0006,nyssa_run2
M6_dusk_nut_20231026,0.037570505,0.045505926,0.035695919,0.044555847,0.062827958,0.006411795,0.016543628,0.028159358,0.012625827,0.039843351,0,0.899387223,1.445271168,1.649391966,0.801150046,3.22830415,0.063871191,15.83265046,Group007Sample0007,nyssa_run4
M6_night_803,0.039070102,0.03854416,0.037366831,0.044431593,0.056906476,0.056902614,0.015965743,0.026729989,0.012352713,0.042030144,0.071896266,0.820514804,1.595873115,1.563178522,0.840996869,2.982658092,0.059292737,14.79617193,Group003Sample0002,nyssa_run5
M6_night_816,0.036073894,0.036899902,0.031369082,0.042667183,0.0611369,0.019689942,0.013540159,0.023779372,0.010425438,0.03622796,0.048189694,0.883400954,1.248964383,1.596104915,0.735203963,3.143294872,0.068436703,15.06435494,Group003Sample0003,nyssa_run5
Mid_HC_00_20231023,0.034771113,0.027195142,0.033517948,0.040005874,0.063897723,0.005726977,0.01638547,0.027672936,0.01186206,0.041813645,0.099558556,0.903045428,1.344479514,1.592215972,0.837825662,3.05498499,0.061489055,15.5046939,Group006Sample0002,nyssa_run3
Mid_HC_00_dusk_20231021,0.041712431,0.038080423,0.040183501,0.046339501,0.066271864,0,0.01919621,0.032781857,0.014597473,0.05127247,0.097976415,0.858687013,1.490584361,1.5113277,0.867154371,3.386236671,0.059421752,17.33539859,Group006Sample0003,nyssa_run3
OO_day_731,0.0520272,0.051134363,0.048499644,0.057980797,0.091062647,0,0.023166924,0.039864219,0.018568222,0.060281063,0.124201216,0.895327313,1.800604506,1.480926852,0.836477702,4.376470496,0.061626845,20.76826487,Group010Sample0004,nyssa_run5
OO_day_804,0.030938821,0.055991594,0.028113936,0.037144361,0.081246191,0.026689717,0.01367783,0.023048133,0.010408864,0.03606451,0.09632238,0.9267737,0.987466792,1.626106284,0.756883003,4.095264517,0.090899179,16.19447317,Group010Sample0005,nyssa_run5
OO_day_812,0.042117934,0.043034454,0.039464765,0.048567854,0.063940309,0,0.018678769,0.031138099,0.014358758,0.046410854,0.10254144,0.857335762,1.48025359,1.506211251,0.812569665,3.390848074,0.060489323,16.95427238,Group010Sample0006,nyssa_run5
OO_day_814,0.032358178,0.028869982,0.030831107,0.03613224,0.042100604,0.015655104,0.01467553,0.024814835,0.011566919,0.037313941,0.104125161,0.92459322,1.867769711,1.573390643,0.85328523,2.155442325,0.050620084,12.02862053,Group010Sample0007,nyssa_run5
OO_day_817,0.036641219,0.050880609,0.034881475,0.043075884,0.100132575,0.027036107,0.015295544,0.028000153,0.01076062,0.03801034,0.105743991,0.943810815,0.563848456,1.619501296,0.809768055,5.438084139,0.102519498,22.08229461,Group011Sample0001,nyssa_run5
OO_night_803,0.06241643,0.036807904,0.059260989,0.065693574,0.052208076,0.011534121,0.030050309,0.048182739,0.023745091,0.078987733,0.08958855,0.785039029,3.827898296,1.368899792,0.902081979,2.658099565,0.032639884,19.43515235,Group011Sample0002,nyssa_run5
OO_night_805,0.08470496,0.034375134,0.079167382,0.086932276,0.062163628,0,0.041371126,0.066529902,0.033925014,0.111492498,0.143206421,0.756446515,4.62664953,1.370633239,0.910678815,2.953262469,0.026533233,25.29268773,Group009Sample0005,nyssa_run5
OO_night_806,0.063503321,0.038716542,0.058482995,0.067501982,0.066988937,0.00606198,0.029154329,0.047895445,0.023709544,0.078055369,0.114640667,0.816008277,2.474772708,1.390211077,0.866389299,3.282237117,0.038401242,21.82469438,Group009Sample0006,nyssa_run5
OO_night_813,0.054715445,0.040594541,0.051837431,0.059533621,0.088333298,0.004503466,0.025083395,0.042161764,0.020558295,0.064907423,0.134446342,0.852697893,2.192482238,1.516289495,0.870725315,3.741437395,0.051020073,19.74127248,Group009Sample0007,nyssa_run5
OO_night_816,0.044328298,0.028651134,0.04164664,0.049348259,0.049064233,0.004958763,0.019873278,0.03460182,0.015063222,0.049939173,0.070716938,0.869521393,1.631377135,1.523524728,0.843933329,2.572962981,0.044456791,16.30801108,Group010Sample0001,nyssa_run5
OO_night_b_816,0.052341756,0.032085682,0.049206089,0.057262215,0.059260507,0.007858747,0.024304739,0.03994235,0.018971589,0.060254053,0.099164702,0.825615961,2.76186679,1.521696348,0.859311658,2.735120607,0.040187652,17.51977505,Group010Sample0002,nyssa_run5
P1_dawn_050124,0.035812872,0.058744593,0.032052008,0.043726977,0.140394922,0.001140767,0.014577688,0.026147658,0.011010268,0.037128171,0.113231861,0.943268083,1.006210589,1.664852111,0.733003066,5.761759697,0.11177727,18.90582206,Group002Sample0003,nyssa_run2
P1_dawn_LD_20231101,0.081019274,0.122395881,0.068640567,0.108805895,0.140312472,0.040907111,0.029959433,0.055373996,0.023501135,0.070062146,0.165744893,0.976940991,1.468794062,1.757378212,0.630853379,7.267510618,0.072754159,30.47241714,Group003Sample0003,nyssa_run4
P1_dawn_nut_041724,0.032038642,0.049476031,0.029827158,0.039470924,0.109064818,0.031361593,0.01321945,0.023849372,0.010193423,0.032868015,0.135339013,0.978877146,1.04293176,1.697842203,0.75567418,4.663451139,0.099330785,16.7195987,Group004Sample0002,nyssa_run1
P1_dawn_nut_041824,0.031389728,0.044061789,0.030576724,0.039899157,0.203517833,0.037155478,0.015355214,0.025159047,0.012421601,0.041034509,0.170869874,1.199561547,0.774829964,1.692047019,0.766350137,7.254087323,0.129824377,22.929259,Group004Sample0004,nyssa_run2
P1_dawn_nut_20231102,0.037642514,0.040888303,0.034223864,0.047055682,0.054507189,0.009459689,0.014620878,0.027924348,0.011267508,0.037293512,0.07226862,0.93970206,2.071625736,1.536152314,0.727305659,2.720245315,0.056079884,13.79952019,Group002Sample0005,nyssa_run4
P1_day_731,0.06416353,0.107214867,0.062083634,0.073668113,0.123512675,0.028476306,0.029486048,0.048588632,0.02212607,0.076594629,0.114803114,0.800105594,1.406846051,1.496838806,0.842747711,6.558340794,0.073831527,28.07748308,Group003Sample0004,nyssa_run5
P1_dusk_042724,0.041225161,0.049602649,0.040293835,0.047861822,0.06552911,0.004843702,0.020268059,0.033194249,0.015108931,0.048791353,0.090293381,0.915153739,1.993138936,1.627610209,0.841878413,3.247998027,0.058088562,15.79592238,Group003Sample0006,nyssa_run1
P1_dusk_nut_041024,0.051379819,0.044029062,0.045947061,0.0673108,0.061694913,0.020274832,0.022087645,0.038339454,0.016394702,0.057665785,0.109810711,0.825358239,2.336283146,1.682329782,0.682610539,3.087886131,0.046950574,17.52215095,Group003Sample0002,nyssa_run1
P1_dusk_nut_20231024,0.043248367,0.091665195,0.037761707,0.060112994,0.09660389,0.071378921,0.017836876,0.030989984,0.013132442,0.046194212,0.077329789,0.745974947,1.088580473,1.847064649,0.62817877,5.20689177,0.087657494,20.20591192,Group001Sample0005,nyssa_run4
P1_night_801,0.084073355,0.078027569,0.076303118,0.09446788,0.123315458,0.047145169,0.03788127,0.062644584,0.029224803,0.101290302,0.126581377,0.790373928,1.841058935,1.435362206,0.807714942,6.25231339,0.056034923,31.29585931,Group001Sample0003,nyssa_run5
P2_dawn_nut_041624,0.041666615,0.034474045,0.04137264,0.048747992,0.026217987,0.023306175,0.019871188,0.034029793,0.015114769,0.047506273,0.056720564,0.904001843,3.697858633,1.570582434,0.848704498,1.836265364,0.033990965,13.03512571,Group002Sample0002,nyssa_run1
P2_dawn_nut_041924,0.068720859,0.089174397,0.063766711,0.080828217,0.196689196,0.025529091,0.024289285,0.049532519,0.019877377,0.064890484,0.153821982,0.915750153,1.237475509,1.7517393,0.788916462,8.402707534,0.096175096,29.86668325,Group003Sample0002,nyssa_run2
P2_dawn_nut_20231029,0.033772105,0.029659838,0.031023342,0.039879944,0.039115682,0,0.012851265,0.025628738,0.009510374,0.032136553,0.065210173,0.911853517,2.403732285,1.538420677,0.777918399,2.07830008,0.04998228,11.2765312,Group002Sample0004,nyssa_run4
P2_day_802,0.082904365,0.036402559,0.078290833,0.086166049,0.046140428,0.007894632,0.039384004,0.064276656,0.03200501,0.105145407,0.078012801,0.760212013,5.547699756,1.382850549,0.908604191,2.291861798,0.021766338,23.34074742,Group001Sample0007,nyssa_run5
P2_dusk_041124,0.043225338,0.036145075,0.04033513,0.05881574,0.033952,0,0.01997895,0.033549342,0.014367794,0.050557365,0.069909993,0.765938428,4.18903924,1.690211675,0.685788016,1.961784961,0.035712746,12.77957394,Group005Sample0001,nyssa_run2
P2_dusk_20231027,0.044083354,0.05430463,0.042076072,0.05232499,0.060868733,0.002342281,0.01995894,0.034198227,0.015165439,0.048820532,0.097424651,0.86033096,2.081213114,1.613383251,0.80412958,3.160910289,0.054368572,16.2261674,Group001Sample0004,nyssa_run4
P2_night_803,0.065752746,0.06388944,0.060742894,0.073792759,0.097886032,0.039116954,0.028220364,0.050003675,0.022139458,0.07761865,0.084555995,0.832760692,2.068045248,1.469967784,0.823155213,5.012728814,0.058103598,24.63674448,Group001Sample0004,nyssa_run5
P3_dawn_nut_040324,0.093619578,0.026445342,0.088802979,0.091395779,0.024277361,0.018333018,0.050757839,0.07319844,0.043419921,0.122814346,0.061729689,0.723468718,9.061140444,1.365143793,0.97163108,1.576913809,0.013115599,22.38222731,Group001Sample0007,nyssa_run1
P3_dawn_nut_20231029,0.036447455,0.042783892,0.032717586,0.044465457,0.057824851,0.030707219,0.015041681,0.026486096,0.010845189,0.038661507,0.074517134,0.884216901,1.908457996,1.618627853,0.735797816,2.947132909,0.062542509,14.18214147,Group002Sample0006,nyssa_run4
P3_day_804,0.063190197,0.041982123,0.059027188,0.068027993,0.047339399,0.021020715,0.029027815,0.04695526,0.022608857,0.077554732,0.081951781,0.775832689,3.92891229,1.414409699,0.867689683,2.507476154,0.030870174,20.20623203,Group002Sample0001,nyssa_run5
P3_day_812,0.040399638,0.037843577,0.037406893,0.04481523,0.039215379,0.01223037,0.017727507,0.029321276,0.013545997,0.044947079,0.044283568,0.830529511,2.419533714,1.520280724,0.834691533,2.28262949,0.045000053,13.84387808,Group002Sample0002,nyssa_run5
P3_dusk_040824,0.051589698,0.048427437,0.047843586,0.067124309,0.052075719,0,0.021882484,0.038205487,0.016109698,0.05724555,0.060102169,0.794106601,2.916015649,1.734442453,0.712760943,2.820961588,0.042891678,17.11271728,Group001Sample0002,nyssa_run1
P3_dusk_20231022,0.037186484,0.039084686,0.034630615,0.043833369,0.062858817,0.023843866,0.012708399,0.028091666,0.009650944,0.034051224,0.071776151,0.788705431,1.462195383,1.675232538,0.790051415,3.242435034,0.070956807,14.67738846,Group002Sample0003,nyssa_run4
P3_dusk_20231027,0.04414151,0.046577916,0.039830579,0.051096486,0.072552871,0.007961956,0.019109944,0.032387448,0.01448679,0.047994716,0.087600374,0.845278706,2.137518738,1.60109925,0.779516993,3.479758772,0.06044009,16.90133032,Group002Sample0002,nyssa_run4
P3_night_801,0.101290739,0.040244246,0.095301655,0.109317294,0.064249691,0.035001032,0.046466234,0.079042669,0.037821326,0.126852828,0.11685168,0.77745477,4.509276155,1.429475722,0.871789369,3.221985377,0.0249434,29.66007044,Group001Sample0005,nyssa_run5
P4_dawn_nut_041624,0.04058259,0.041502999,0.036844664,0.049486188,0.069067445,0.031572241,0.015897307,0.028375823,0.012460816,0.040714972,0.132616515,0.89971744,1.832662697,1.683438781,0.744544393,3.384635504,0.062747698,16.89708973,Group006Sample0006,nyssa_run1
P4_dawn_nut_041724,0.032562415,0.042254784,0.030185114,0.04028956,0.052387671,0.030046031,0.01410618,0.023898625,0.010880248,0.034435061,0.041384907,0.904412327,1.894459663,1.618772773,0.749204353,2.788329717,0.065146089,12.71177848,Group006Sample0001,nyssa_run2
P4_dawn_nut_20231030,0.036412869,0.0364405,0.032517163,0.0430002,0.050445903,0.02483291,0.014432134,0.026519771,0.010583156,0.038555996,0.057628582,0.851727366,2.25027334,1.65088456,0.756209572,2.565278406,0.055980097,13.13443191,Group002Sample0007,nyssa_run4
P4_day_814,0.036627346,0.028855463,0.033621477,0.039087975,0.034558561,0.012637108,0.016513285,0.026364175,0.012772356,0.040967958,0.033077731,0.858666081,2.802009715,1.470898617,0.860148854,1.892374249,0.040978501,12.0540565,Group002Sample0003,nyssa_run5
P4_dusk_041124,0.034063904,0.030775438,0.031241145,0.040830274,0.050400693,0.015994189,0.014363003,0.025064336,0.010385805,0.036336536,0.07595167,0.90632654,2.403485217,1.637664972,0.765146606,2.380516987,0.055147818,11.82426257,Group006Sample0005,nyssa_run2
P4_dusk_042724,0.03927018,0.050827018,0.035727783,0.048635156,0.138614686,0.003240493,0.016593554,0.028678361,0.012768644,0.042158873,0.141936075,1.074964025,1.121208729,1.682954778,0.734608172,5.378091768,0.093877901,20.03607535,Group007Sample0002,nyssa_run2
P4_dusk_20231025,0.033914294,0.06849254,0.030364171,0.040317223,0.07976934,0.021209974,0.014004221,0.024562067,0.010469093,0.035940358,0.09724334,0.925720037,1.070287158,1.621325093,0.75313151,4.331479354,0.093037741,15.98272066,Group001Sample0007,nyssa_run4
P4_dusk_20231026,0.051294957,0.042867507,0.047750493,0.058140645,0.067467348,0.045397126,0.022295128,0.039461036,0.016691589,0.05704605,0.073944542,0.832492706,2.475842212,1.511979824,0.821292788,3.33226695,0.050964793,17.87421328,Group001Sample0001,nyssa_run4
P4_dusk_nut_040924,0.048637483,0.037988036,0.047402181,0.055473072,0.062966422,0.042623419,0.02308693,0.038991179,0.017004641,0.059458528,0.066753828,0.904157555,2.714184493,1.653041166,0.854507953,3.040081566,0.048182791,17.11608301,Group005Sample0007,nyssa_run1
P4_dusk_nut_042824,0.037107386,0.045620767,0.034012674,0.044237499,0.068132527,0.014435587,0.016720923,0.027091134,0.013090652,0.041358992,0.083251522,0.866135403,1.827863198,1.580052961,0.768865219,3.121195068,0.063616631,14.43150987,Group005Sample0002,nyssa_run2
P4_night_0816,0.066015858,0.091805285,0.06215723,0.075604048,0.155679406,0.049404486,0.030009093,0.05197398,0.023947132,0.075384711,0.156157088,0.862987561,0.946207476,1.535192317,0.822141564,8.180290753,0.085802875,33.71049943,Group005Sample0006,nyssa_run3
P4_night_813,0.046051067,0.039854954,0.043723527,0.050499241,0.080416012,0.027219414,0.021096769,0.036043516,0.016569462,0.054119289,0.062206087,0.867684534,2.080315104,1.486178988,0.865825438,3.411431615,0.055152258,17.70371067,Group001Sample0006,nyssa_run5
P5_dawn_LD_20231101,0.04310531,0.033078285,0.039920813,0.048255123,0.079203511,0.001553219,0.018004147,0.033164407,0.014132945,0.048476086,0.11453854,0.948297259,2.076761186,1.51688662,0.827286524,3.245511639,0.056425556,16.61085923,Group002Sample0001,nyssa_run4
P5_dawn_nut_040324,0.052901863,0.057620752,0.046056259,0.061638206,0.085046304,0.020940802,0.022087372,0.037158123,0.016731205,0.058734557,0.127908989,0.794618401,1.896085484,1.652566635,0.7472031,4.110175171,0.059693022,20.90775417,Group004Sample0001,nyssa_run1
P5_day_731,0.098878508,0.100332561,0.093056243,0.106625423,0.143906703,0.040037562,0.04340492,0.076158303,0.034515957,0.124513027,0.182492565,0.838669009,2.13492134,1.465251281,0.872739738,6.606953088,0.050524441,37.23259418,Group002Sample0004,nyssa_run5
P5_day_804,0.069269175,0.039908772,0.0651089,0.0729051,0.066171618,0.024549481,0.032396978,0.052458457,0.02477637,0.08524247,0.072575411,0.797318544,3.219136921,1.438677074,0.893063727,3.156647938,0.035135243,22.4433773,Group002Sample0005,nyssa_run5
P5_day_812,0.048618965,0.042833434,0.043939699,0.053361155,0.060756501,0.011533127,0.0223548,0.036212936,0.017369469,0.05554855,0.075376886,0.828899731,2.138436946,1.445998517,0.823439803,3.113001363,0.049510481,17.34819082,Group001Sample0001,nyssa_run5
P5_dusk_040824,0.049135227,0.053101945,0.046452528,0.055597044,0.055212785,0.048435656,0.021781545,0.037621745,0.016083878,0.055776227,0.121521278,0.84087774,2.274997858,1.569879162,0.835521537,3.030050566,0.047467805,17.76108572,Group004Sample0004,nyssa_run1
P5_dusk_nut_20231021,0.028732918,0.034235153,0.026246593,0.034736096,0.066303602,0.025682974,0.013002908,0.021638807,0.009273242,0.033363733,0.108189813,0.918043993,1.274416975,1.651065988,0.755599967,3.067587297,0.074696197,13.52770088,Group001Sample0002,nyssa_run4
P5_night_blue_0813,0.043889557,0.049779126,0.038589401,0.050270553,0.073306007,0.037783342,0.01876772,0.031262077,0.015357629,0.050201075,0.073267808,0.776696864,1.36649377,1.543566152,0.767634294,3.89528009,0.066225456,18.26794184,Group005Sample0003,nyssa_run3
P6_dawn_040424,0.04122473,0.03417669,0.03891265,0.046227106,0.041144375,0,0.019602173,0.0327679,0.015194728,0.050961072,0.054145544,0.859143335,3.154867475,1.526094972,0.841771272,2.172211071,0.039457244,13.63583136,Group003Sample0004,nyssa_run1
P6_dawn_20231029,0.027258476,0.030349116,0.024252435,0.033596427,0.029854682,0.044488303,0.010530021,0.020040991,0.008181583,0.026492509,0.041382925,0.850636723,2.228603414,1.583835819,0.721875435,1.707031733,0.049936094,9.642444202,Group001Sample0006,nyssa_run4
P6_day_802,0.074447183,0.051909178,0.068012897,0.077126551,0.065224134,0.013744357,0.033808548,0.055957407,0.026075917,0.094249833,0.125696415,0.738105588,2.839929072,1.46162964,0.881835066,3.482354829,0.036621746,24.60340428,Group001Sample0002,nyssa_run5
P6_dusk_20231022,0.024925515,0.032260802,0.022905359,0.029883949,0.038265763,0.010438221,0.010721204,0.018687623,0.007427397,0.027531958,0.050482139,0.856754947,1.114048574,1.665012848,0.766476962,2.279615617,0.06761514,10.97972163,Group001Sample0003,nyssa_run4
P6_dusk_nut_040924,0.056757423,0.056837485,0.051031399,0.072777454,0.080390542,0.009402917,0.022987504,0.041076908,0.016557002,0.062661364,0.123151611,0.792376873,1.912863577,1.732716416,0.701197923,3.91745584,0.05371358,21.24571687,Group005Sample0006,nyssa_run1
P6_night_0817,0.043881541,0.03195413,0.041530124,0.049324926,0.046819539,0.024745277,0.019532719,0.033869856,0.014976112,0.052151912,0.084737691,0.858266918,2.726886931,1.472893042,0.841970312,2.427926773,0.042493404,15.1090746,Group005Sample0001,nyssa_run3
P6_night_violet_0816,0.051421948,0.043663881,0.046671542,0.058890346,0.081690924,0.03352844,0.021968585,0.036381488,0.016464511,0.057264683,0.110701954,0.822493766,1.467630296,1.512751876,0.792516002,3.99360913,0.058359991,21.10603884,Group005Sample0002,nyssa_run3
RW1_dawn_nut_041724,0.033922902,0.042140094,0.031133556,0.040803566,0.040099741,0,0.014540226,0.025567272,0.011379971,0.036746856,0.05495889,0.881809021,2.390673281,1.666155358,0.763010663,2.265586865,0.051337018,12.1296678,Group006Sample0006,nyssa_run2
RW1_day_731,0.07146514,0.100065909,0.066118468,0.084775578,0.121340355,0.039617493,0.030913937,0.054318649,0.022665625,0.081211921,0.14343974,0.846553364,1.329465377,1.555342748,0.779923526,6.568871074,0.068883903,30.02284369,Group010Sample0003,nyssa_run5
RW1_dusk_040824,0.096418882,0.075415053,0.090101327,0.122144508,0.109853653,0.033617083,0.043157727,0.073164149,0.031103988,0.11366194,0.14834959,0.794799555,2.735159023,1.646656407,0.73766171,5.492024579,0.043918144,33.81052789,Group005Sample0004,nyssa_run1
RW1_dusk_nut_20231021,0.040145648,0.042476711,0.03816987,0.04657789,0.068071309,0.001758614,0.01845745,0.030089752,0.013457311,0.044175421,0.07905122,0.860172493,1.501391981,1.570744943,0.819484742,3.492078674,0.065882141,16.27943167,Group003Sample0002,nyssa_run4
RW1_night_801,0.07403929,0.065455913,0.06452315,0.083639488,0.088549921,0.021657514,0.03121937,0.052326054,0.024487974,0.08525573,0.139446882,0.750576766,2.013020506,1.518966236,0.771443627,4.705158442,0.049697873,26.20048456,Group009Sample0004,nyssa_run5
RW2_dawn_20231029,0.039038577,0.03805012,0.032729429,0.048687911,0.056129327,0.02236375,0.01474725,0.025241707,0.01151373,0.039550543,0.09047973,0.821347,2.004119906,1.762060721,0.672229071,2.761767783,0.055878385,15.36896942,Group004Sample0004,nyssa_run4
RW2_dawn_nut_041624,0.050721843,0.045414194,0.046513178,0.060594153,0.053498083,0,0.020839736,0.037083059,0.015764636,0.053188708,0.125756576,0.867503731,2.633056406,1.593918599,0.767618247,2.906698266,0.044313765,18.66353939,Group003Sample0007,nyssa_run1
RW2_day_802,0.076484691,0.076186202,0.070894675,0.084421318,0.107386027,0.029177305,0.034827209,0.057493243,0.027454789,0.092500256,0.134600863,0.768400903,2.098619209,1.446195709,0.839772189,5.468905279,0.053199755,29.57807263,Group008Sample0006,nyssa_run5
RW2_dusk_20231022,0.028477148,0.036488245,0.026299424,0.03317859,0.051456689,0.019347683,0.012113754,0.021177167,0.009133895,0.030597167,0.050071757,0.895153791,1.192177886,1.572262872,0.792662501,2.841801085,0.072983363,12.60745198,Group003Sample0007,nyssa_run4
RW2_dusk_nut_041024,0.061750171,0.050879636,0.058836291,0.068279782,0.050651014,0.025956542,0.027071003,0.047401403,0.019664888,0.069367287,0.079456446,0.82421858,3.345818232,1.591511663,0.861694181,2.945643399,0.038749172,19.14332949,Group002Sample0006,nyssa_run1
RW2_night_803,0.083825359,0.047098323,0.076598034,0.08836376,0.08379983,0.027671638,0.039098548,0.062588356,0.03090001,0.106278128,0.111124452,0.737275572,2.959228056,1.391910297,0.866848968,4.092067342,0.03788745,26.9888374,Group007Sample0007,nyssa_run5
RW3_dawn_20231103,0.030377706,0.028163955,0.028865529,0.034718935,0.043035101,0.013094539,0.014732835,0.022990292,0.012128941,0.035275826,0.086344163,0.894338458,2.251641043,1.582602628,0.831405942,2.043959325,0.049654514,11.18375903,Group004Sample0006,nyssa_run4
RW3_dawn_fdom_20231101,0.027472052,0.0306149,0.024711646,0.033809403,0.107531563,0.00828672,0.011305559,0.019373917,0.009627492,0.0308293,0.141946482,1.080876808,1.016122831,1.611661442,0.730910444,4.032081795,0.096223738,15.81400935,Group004Sample0005,nyssa_run4
RW3_dawn_nut_041924,0.036309151,0.064187228,0.035072329,0.043643472,0.172201195,0.02094456,0.017425158,0.028810345,0.012955169,0.044288916,0.145441518,1.023388946,1.188490805,1.647781939,0.803609978,7.406328001,0.128121451,20.97139137,Group003Sample0003,nyssa_run2
RW3_day_731,0.057349032,0.091056582,0.051788185,0.068127824,0.095968305,0.034032264,0.022992579,0.042383915,0.017724197,0.064168368,0.110492351,0.843010178,1.177987799,1.614773391,0.760162033,5.470430922,0.070896101,25.1138092,Group008Sample0007,nyssa_run5
RW3_dusk_040824,0.068042385,0.066203858,0.061766551,0.092710495,0.071912956,0.026544127,0.030082757,0.050185172,0.02182187,0.075455751,0.078266533,0.763113181,2.740690808,1.685303935,0.666230405,4.139674102,0.047113279,23.21485593,Group002Sample0001,nyssa_run1
RW3_dusk_050524,0.039017696,0.034676018,0.036893428,0.042901968,0.022529174,0.004484838,0.018003138,0.030073211,0.013734689,0.044544954,0.057596465,0.80398817,3.884322853,1.602241626,0.859947211,1.658070379,0.034327975,11.53933441,Group002Sample0001,nyssa_run2
RW3_dusk_nut_20231021,0.034205077,0.030997111,0.032148357,0.039838838,0.037411789,0.003105374,0.014940648,0.02599823,0.011132557,0.037258015,0.068007423,0.884397173,2.378813662,1.547325345,0.806960205,2.022234376,0.045137375,12.17977395,Group003Sample0001,nyssa_run4
RW3_night_801,0.082952461,0.084498745,0.074680917,0.094504507,0.125961876,0.019336444,0.035840647,0.060011849,0.02825746,0.096675858,0.146674569,0.760097252,1.517484903,1.485034734,0.790236568,6.474506479,0.058309607,33.46835875,Group008Sample0001,nyssa_run5
RW4_dawn_20231029,0.039757428,0.030560646,0.036277201,0.045170654,0.031957957,0.005712324,0.017343006,0.028457504,0.014291952,0.044291301,0.082020395,0.801138564,3.201500494,1.558092754,0.80311437,1.782233701,0.035077493,13.16428408,Group004Sample0007,nyssa_run4
RW4_dawn_nut_042024,0.039531966,0.052954509,0.038013241,0.045086789,0.077177885,0.009536835,0.018826828,0.031533887,0.014515557,0.044202994,0.045531938,0.845513066,1.664234164,1.61628011,0.84311264,4.035982075,0.077485702,14.92484994,Group008Sample0002,nyssa_run1
RW4_day_802,0.068966545,0.039507898,0.063236275,0.077267898,0.060359472,0,0.031483608,0.051461775,0.024934397,0.083035608,0.106877995,0.797272451,3.386059753,1.458851198,0.818402947,3.034137553,0.034294862,21.73939864,Group009Sample0001,nyssa_run5
RW4_dusk_nut_040424,0.054417917,0.051663038,0.053113097,0.059745322,0.0381784,0.000950888,0.025921381,0.04331735,0.018797872,0.063763812,0.03480665,0.822681565,3.888241268,1.611235689,0.888991736,2.526765218,0.037464119,16.08800817,Group001Sample0003,nyssa_run1
RW4_dusk_nut_20231023,0.033605188,0.034194302,0.033321862,0.039818894,0.048088255,0.001308554,0.016090683,0.026477665,0.012475531,0.040361598,0.084845147,0.901353105,1.483693059,1.620760155,0.836835443,2.651795862,0.058047775,13.44784641,Group003Sample0005,nyssa_run4
RW4_night_803,0.088496353,0.055695199,0.07992444,0.093255718,0.078392034,0,0.041244337,0.06566685,0.033576689,0.114096597,0.130653638,0.709669231,2.858552048,1.425977733,0.857046002,4.161393104,0.036303665,28.56554119,Group008Sample0002,nyssa_run5
RW4_night_b_805,0.088772972,0.049320112,0.080494133,0.09404542,0.084452375,0.022060218,0.039673986,0.065855541,0.031457456,0.110926073,0.133862848,0.717940379,2.619548149,1.434712057,0.855906998,4.244016749,0.036915752,29.20713957,Group008Sample0003,nyssa_run5
RW4-dawn_20231031,0.031500281,0.028231503,0.029114248,0.035672106,0.032929892,0.023714816,0.01409274,0.023633922,0.011791337,0.034354354,0.061718854,0.865360124,2.564115231,1.562867669,0.816162871,1.741031972,0.043463364,10.54147588,Group004Sample0001,nyssa_run4
RW5_dawn_nut_041724,0.102631574,0.049012646,0.092439392,0.120368269,0.0667795,0,0.040811461,0.073399991,0.029867398,0.116074794,0.131970796,0.83756272,5.365584932,1.619997972,0.767971433,3.498052112,0.028779401,30.45840229,Group005Sample0007,nyssa_run2
RW5_dawn_nut_20231102,0.039073757,0.037145998,0.03641879,0.044989013,0.043337918,0.018938764,0.016787725,0.029069108,0.012591881,0.041819141,0.080135963,0.876554145,2.353306141,1.58327746,0.809504078,2.415804857,0.048285747,13.94340918,Group004Sample0002,nyssa_run4
RW5_day_731,0.071123111,0.096662482,0.064826866,0.085751395,0.09069719,0.005650747,0.027661215,0.051629547,0.020931914,0.075725047,0.131495215,0.851255437,1.827796659,1.598997285,0.755986135,5.064645626,0.055932881,27.18126798,Group009Sample0002,nyssa_run5
RW5_dusk_nut_042824,0.114861436,0.050728253,0.10211979,0.132838261,0.158548676,0,0.042989838,0.080161819,0.031039248,0.124566189,0.194434264,0.868249227,3.0125161,1.594542358,0.768752836,6.252259733,0.044685187,39.05922559,Group003Sample0005,nyssa_run2
RW5_dusk_nut_20231021,0.106767228,0.042544682,0.095494195,0.125893263,0.073676171,0.032713303,0.038629437,0.077745206,0.027474454,0.106547671,0.162063649,0.795971256,2.936251773,1.688741776,0.758533005,3.861545515,0.031435882,33.06683776,Group003Sample0006,nyssa_run4
RW5_night,0.09469437,0.064383891,0.086074385,0.103536183,0.112599664,0.025834734,0.04251859,0.070889245,0.033572322,0.116892983,0.149829357,0.760979613,2.518282718,1.423491491,0.831345935,5.391734047,0.043199802,32.51129057,Group008Sample0004,nyssa_run5
RW6_dawn_041824,0.03657363,0.0407508,0.035229067,0.043262815,0.054583224,0.023262192,0.016995078,0.028086679,0.012464036,0.041865945,0.070148512,0.889145597,1.830359428,1.638492789,0.814303631,3.154931126,0.06319855,14.67046408,Group007Sample0005,nyssa_run1
RW6_dawn_20231029,0.048899839,0.045127976,0.044386657,0.057621918,0.058639551,0.003223839,0.020327077,0.035329831,0.014743947,0.0520172,0.114781299,0.808013548,2.413573081,1.725396317,0.770308561,3.01677022,0.049663953,17.57317954,Group004Sample0003,nyssa_run4
RW6_day_802,0.090965778,0.025682167,0.086754736,0.09526233,0.049281998,0,0.043347403,0.070021925,0.034918979,0.114335383,0.126772617,0.741979705,5.909342125,1.38623051,0.910692992,2.434338938,0.021155465,24.80005603,Group009Sample0003,nyssa_run5
RW6_dusk_20231024,0.057779524,0.041133587,0.054961026,0.065539322,0.0634814,0.033735008,0.023955557,0.044396179,0.01776721,0.062124247,0.090292467,0.82173687,2.042068281,1.581358166,0.838596198,3.335888187,0.04626558,20.09233574,Group003Sample0004,nyssa_run4
RW6_dusk_nut_042924,0.04211893,0.047806588,0.039253382,0.046445205,0.065298007,0,0.017637693,0.031205841,0.013467651,0.045289353,0.085991576,0.856876282,2.201790054,1.558305353,0.84515467,3.209389714,0.058793705,15.57848483,Group003Sample0004,nyssa_run2
RW6_night_b_815,0.102951728,0.059914242,0.092553454,0.109510745,0.099475025,0.025528332,0.045721386,0.074892161,0.035765234,0.126862266,0.125694655,0.742984813,2.986709889,1.431936157,0.845154095,4.661372306,0.035530462,33.43048358,Group007Sample0001,nyssa_run5
RW6_night_violet,0.091027119,0.048733334,0.08298467,0.093427736,0.082430411,0.015925412,0.041843205,0.068282731,0.032731205,0.117016591,0.097881857,0.719981008,2.812913754,1.435220398,0.888223064,4.195277625,0.035601708,29.29118995,Group008Sample0005,nyssa_run5
SAS_00_20231029,0.025820698,0.020271674,0.021759086,0.0300776,0.017952968,0.004978938,0.010789743,0.01850328,0.007711051,0.026092363,0.033210705,0.845536894,2.922876976,1.594925086,0.723431602,1.107549182,0.035674907,7.960662034,Group002Sample0003,nyssa_run3
SAS_00_dawn_041624,0.04439421,0.057962789,0.041879843,0.051678323,0.067798238,0.003480502,0.020977081,0.034889428,0.015647623,0.050384295,0.090979219,0.891556673,2.089738396,1.604464947,0.810394772,3.521221016,0.059348921,16.83689186,Group003Sample0005,nyssa_run1
SAS_00_dusk_040824,0.068294844,0.059328876,0.06590043,0.079498701,0.07722944,0.010974985,0.032118066,0.053442897,0.02280531,0.08013838,0.135389845,0.843629055,2.801621339,1.578349743,0.828949763,3.900773329,0.04430167,23.20000716,Group004Sample0007,nyssa_run1
SAS_00_dusk_20231023,0.0376547,0.027794875,0.035205277,0.042041548,0.030621901,0.028430496,0.016586449,0.028163322,0.012605593,0.040831391,0.055141884,0.821148121,3.101140831,1.585761365,0.837392487,1.744419219,0.037532767,11.36784883,Group001Sample0001,nyssa_run3
West_HC_00_20231022,0.028873453,0.038161661,0.027222113,0.033497579,0.063952882,0.002375312,0.013874395,0.0225566,0.010517651,0.03726969,0.05713058,0.852503055,1.285438619,1.543352924,0.812659103,3.19731843,0.07658946,13.28326282,Group005Sample0007,nyssa_run3
West_HC_00_dusk_20231021,0.041478051,0.05295976,0.038861335,0.046679224,0.077875036,0.016969724,0.01810733,0.031300217,0.014037236,0.046685404,0.08290099,0.880818037,1.330109854,1.548149478,0.83251886,4.006719278,0.071719328,17.041591,Group005Sample0005,nyssa_run3