#,Date-Time (PDT),Ch:1 - Temperature   (Â°C),Ch:2 - Millivolts   (mv),Ch:3 - pH   (pH),Button Down,Button Up,Host Connected,End of File
1,08/12/2023 02:50:00,19.29,-71.58,8.13,,,,
2,08/12/2023 02:55:00,19.34,-70.05,8.11,,,,
3,08/12/2023 03:00:00,19.37,-68.83,8.08,,,,
4,08/12/2023 03:05:00,19.39,-68.17,8.07,,,,
5,08/12/2023 03:10:00,19.44,-67.42,8.06,,,,
6,08/12/2023 03:15:00,19.44,-67.56,8.06,,,,
7,08/12/2023 03:20:00,19.44,-67.28,8.06,,,,
8,08/12/2023 03:25:00,19.41,-67.00,8.05,,,,
9,08/12/2023 03:30:00,19.41,-66.67,8.05,,,,
10,08/12/2023 03:35:00,19.39,-66.21,8.04,,,,
11,08/12/2023 03:40:00,19.39,-65.77,8.03,,,,
12,08/12/2023 03:45:00,19.37,-65.31,8.02,,,,
13,08/12/2023 03:50:00,19.37,-64.97,8.02,,,,
14,08/12/2023 03:55:00,19.34,-64.69,8.01,,,,
15,08/12/2023 04:00:00,19.34,-64.21,8.00,,,,
16,08/12/2023 04:05:00,19.32,-63.72,8.00,,,,
17,08/12/2023 04:10:00,19.32,-63.30,7.99,,,,
18,08/12/2023 04:15:00,19.29,-62.94,7.98,,,,
19,08/12/2023 04:20:00,19.29,-62.52,7.97,,,,
20,08/12/2023 04:25:00,19.27,-62.22,7.97,,,,
21,08/12/2023 04:30:00,19.27,-61.92,7.96,,,,
22,08/12/2023 04:35:00,19.25,-61.67,7.96,,,,
23,08/12/2023 04:40:00,19.25,-61.36,7.95,,,,
24,08/12/2023 04:45:00,19.22,-60.85,7.95,,,,
25,08/12/2023 04:50:00,19.22,-60.75,7.94,,,,
26,08/12/2023 04:55:00,19.22,-60.56,7.94,,,,
27,08/12/2023 05:00:00,19.22,-60.19,7.93,,,,
28,08/12/2023 05:05:00,19.20,-59.89,7.93,,,,
29,08/12/2023 05:10:00,19.20,-59.67,7.93,,,,
30,08/12/2023 05:15:00,19.20,-59.52,7.92,,,,
31,08/12/2023 05:20:00,19.20,-59.27,7.92,,,,
32,08/12/2023 05:25:00,19.20,-59.08,7.91,,,,
33,08/12/2023 05:30:00,19.20,-58.56,7.91,,,,
34,08/12/2023 05:35:00,19.20,-58.41,7.90,,,,
35,08/12/2023 05:40:00,19.20,-58.42,7.90,,,,
36,08/12/2023 05:45:00,19.20,-58.25,7.90,,,,
37,08/12/2023 05:50:00,19.20,-57.80,7.89,,,,
38,08/12/2023 05:55:00,19.20,-57.27,7.88,,,,
39,08/12/2023 06:00:00,19.20,-62.30,7.97,,,,
40,08/12/2023 06:05:00,19.25,-65.47,8.03,,,,
41,08/12/2023 06:10:00,19.27,-66.97,8.05,,,,
42,08/12/2023 06:15:00,19.29,-67.52,8.06,,,,
43,08/12/2023 06:20:00,19.32,-67.61,8.06,,,,
44,08/12/2023 06:25:00,19.32,-67.16,8.06,,,,
45,08/12/2023 06:30:00,19.34,-67.17,8.06,,,,
46,08/12/2023 06:35:00,19.34,-66.99,8.05,,,,
47,08/12/2023 06:40:00,19.34,-66.83,8.05,,,,
48,08/12/2023 06:45:00,19.34,-67.13,8.05,,,,
49,08/12/2023 06:50:00,19.34,-67.35,8.06,,,,
50,08/12/2023 06:55:00,19.34,-67.69,8.06,,,,
51,08/12/2023 07:00:00,19.37,-67.78,8.07,,,,
52,08/12/2023 07:05:00,19.37,-68.02,8.07,,,,
53,08/12/2023 07:10:00,19.37,-68.11,8.07,,,,
54,08/12/2023 07:15:00,19.37,-68.30,8.08,,,,
55,08/12/2023 07:20:00,19.39,-68.31,8.08,,,,
56,08/12/2023 07:25:00,19.39,-68.66,8.08,,,,
57,08/12/2023 07:30:00,19.37,-68.80,8.08,,,,
58,08/12/2023 07:35:00,19.37,-68.85,8.08,,,,
59,08/12/2023 07:40:00,19.37,-68.75,8.08,,,,
60,08/12/2023 07:45:00,19.37,-69.17,8.09,,,,
61,08/12/2023 07:50:00,19.37,-69.35,8.09,,,,
62,08/12/2023 07:55:00,19.37,-69.56,8.10,,,,
63,08/12/2023 08:00:00,19.34,-69.74,8.10,,,,
64,08/12/2023 08:05:00,19.34,-69.88,8.10,,,,
65,08/12/2023 08:10:00,19.34,-70.17,8.11,,,,
66,08/12/2023 08:15:00,19.32,-70.66,8.12,,,,
67,08/12/2023 08:20:00,19.32,-70.96,8.12,,,,
68,08/12/2023 08:25:00,19.29,-71.49,8.13,,,,
69,08/12/2023 08:30:00,19.29,-71.92,8.14,,,,
70,08/12/2023 08:35:00,19.29,-72.30,8.15,,,,
71,08/12/2023 08:40:00,19.29,-72.91,8.16,,,,
72,08/12/2023 08:45:00,19.27,-73.19,8.16,,,,
73,08/12/2023 08:50:00,19.29,-73.36,8.16,,,,
74,08/12/2023 08:55:00,19.29,-73.85,8.17,,,,
75,08/12/2023 09:00:00,19.29,-73.97,8.17,,,,
76,08/12/2023 09:05:00,19.29,-74.31,8.18,,,,
77,08/12/2023 09:10:00,19.29,-74.72,8.19,,,,
78,08/12/2023 09:15:00,19.29,-74.94,8.19,,,,
79,08/12/2023 09:20:00,19.29,-75.21,8.20,,,,
80,08/12/2023 09:25:00,19.32,-75.28,8.20,,,,
81,08/12/2023 09:30:00,19.32,-75.72,8.20,,,,
82,08/12/2023 09:35:00,19.34,-75.78,8.21,,,,
83,08/12/2023 09:40:00,19.37,-75.56,8.20,,,,
84,08/12/2023 09:45:00,19.37,-76.39,8.22,,,,
85,08/12/2023 09:50:00,19.37,-76.58,8.22,,,,
86,08/12/2023 09:55:00,19.41,-76.46,8.22,,,,
87,08/12/2023 10:00:00,19.44,-76.39,8.22,,,,
88,08/12/2023 10:05:00,19.39,-77.27,8.23,,,,
89,08/12/2023 10:10:00,19.41,-77.36,8.23,,,,
90,08/12/2023 10:15:00,19.41,-77.47,8.23,,,,
91,08/12/2023 10:20:00,19.41,-78.11,8.25,,,,
92,08/12/2023 10:25:00,19.44,-78.61,8.25,,,,
93,08/12/2023 10:30:00,19.46,-78.72,8.26,,,,
94,08/12/2023 10:35:00,19.51,-78.85,8.26,,,,
95,08/12/2023 10:40:00,19.56,-78.92,8.26,,,,
96,08/12/2023 10:45:00,19.56,-79.24,8.26,,,,
97,08/12/2023 10:50:00,19.56,-79.58,8.27,,,,
98,08/12/2023 10:55:00,19.56,-79.66,8.27,,,,
99,08/12/2023 11:00:00,19.63,-79.85,8.28,,,,
100,08/12/2023 11:05:00,19.63,-79.97,8.28,,,,
101,08/12/2023 11:10:00,19.63,-80.31,8.28,,,,
102,08/12/2023 11:15:00,19.65,-80.53,8.29,,,,
103,08/12/2023 11:20:00,19.65,-80.81,8.29,,,,
104,08/12/2023 11:25:00,19.70,-80.97,8.29,,,,
105,08/12/2023 11:30:00,19.75,-81.36,8.30,,,,
106,08/12/2023 11:35:00,19.75,-81.35,8.30,,,,
107,08/12/2023 11:40:00,19.79,-81.63,8.31,,,,
108,08/12/2023 11:45:00,19.82,-82.02,8.31,,,,
109,08/12/2023 11:50:00,19.86,-82.42,8.32,,,,
110,08/12/2023 11:55:00,19.91,-82.94,8.33,,,,
111,08/12/2023 12:00:00,19.94,-83.39,8.34,,,,
112,08/12/2023 12:05:00,19.96,-83.74,8.34,,,,
113,08/12/2023 12:10:00,20.01,-83.97,8.35,,,,
114,08/12/2023 12:15:00,20.06,-84.42,8.35,,,,
115,08/12/2023 12:20:00,20.08,-84.75,8.36,,,,
116,08/12/2023 12:25:00,20.13,-84.94,8.36,,,,
117,08/12/2023 12:30:00,20.13,-85.05,8.36,,,,
118,08/12/2023 12:35:00,20.15,-85.14,8.37,,,,
119,08/12/2023 12:40:00,20.22,-85.63,8.37,,,,
120,08/12/2023 12:45:00,20.29,-86.02,8.38,,,,
121,08/12/2023 12:50:00,20.34,-86.47,8.39,,,,
122,08/12/2023 12:55:00,20.36,-86.63,8.39,,,,
123,08/12/2023 13:00:00,20.44,-86.88,8.39,,,,
124,08/12/2023 13:05:00,20.44,-87.07,8.40,,,,
125,08/12/2023 13:10:00,20.53,-87.52,8.40,,,,
126,08/12/2023 13:15:00,20.58,-87.91,8.41,,,,
127,08/12/2023 13:20:00,20.60,-88.19,8.42,,,,
128,08/12/2023 13:25:00,20.65,-88.57,8.42,,,,
129,08/12/2023 13:30:00,20.67,-88.86,8.43,,,,
130,08/12/2023 13:35:00,20.72,-89.30,8.43,,,,
131,08/12/2023 13:40:00,20.77,-89.39,8.44,,,,
132,08/12/2023 13:45:00,20.77,-89.82,8.44,,,,
133,08/12/2023 13:50:00,20.79,-89.78,8.44,,,,
134,08/12/2023 13:55:00,20.82,-90.05,8.45,,,,
135,08/12/2023 14:00:00,20.94,-90.41,8.45,,,,
136,08/12/2023 14:05:00,20.96,-90.85,8.46,,,,
137,08/12/2023 14:10:00,21.01,-91.25,8.47,,,,
138,08/12/2023 14:15:00,21.06,-91.58,8.47,,,,
139,08/12/2023 14:20:00,21.08,-91.66,8.47,,,,
140,08/12/2023 14:25:00,21.03,-91.53,8.47,,,,
141,08/12/2023 14:30:00,21.01,-91.53,8.47,,,,
142,08/12/2023 14:35:00,20.98,-91.74,8.48,,,,
143,08/12/2023 14:40:00,21.06,-92.25,8.48,,,,
144,08/12/2023 14:45:00,21.06,-92.22,8.48,,,,
145,08/12/2023 14:50:00,21.08,-92.78,8.49,,,,
146,08/12/2023 14:55:00,21.10,-93.02,8.50,,,,
147,08/12/2023 15:00:00,21.15,-93.32,8.50,,,,
148,08/12/2023 15:05:00,21.15,-93.60,8.51,,,,
149,08/12/2023 15:10:00,21.15,-94.11,8.52,,,,
150,08/12/2023 15:15:00,21.17,-94.03,8.51,,,,
151,08/12/2023 15:20:00,21.15,-94.22,8.52,,,,
152,08/12/2023 15:25:00,21.13,-93.86,8.51,,,,
153,08/12/2023 15:30:00,21.17,-94.39,8.52,,,,
154,08/12/2023 15:35:00,21.22,-94.50,8.52,,,,
155,08/12/2023 15:40:00,21.25,-94.86,8.53,,,,
156,08/12/2023 15:45:00,21.27,-94.96,8.53,,,,
157,08/12/2023 15:50:00,21.17,-94.47,8.52,,,,
158,08/12/2023 15:55:00,21.25,-95.24,8.53,,,,
159,08/12/2023 16:00:00,21.22,-94.82,8.53,,,,
160,08/12/2023 16:05:00,21.13,-93.94,8.51,,,,
161,08/12/2023 16:10:00,21.13,-93.96,8.51,,,,
162,08/12/2023 16:15:00,21.17,-94.28,8.52,,,,
163,08/12/2023 16:20:00,21.22,-94.71,8.53,,,,
164,08/12/2023 16:25:00,21.22,-94.55,8.52,,,,
165,08/12/2023 16:30:00,21.13,-93.83,8.51,,,,
166,08/12/2023 16:35:00,21.15,-94.08,8.52,,,,
167,08/12/2023 16:40:00,21.22,-94.83,8.53,,,,
168,08/12/2023 16:45:00,21.25,-94.92,8.53,,,,
169,08/12/2023 16:50:00,21.29,-95.07,8.53,,,,
170,08/12/2023 16:55:00,21.20,-93.72,8.51,,,,
171,08/12/2023 17:00:00,21.29,-94.86,8.53,,,,
172,08/12/2023 17:05:00,21.13,-93.07,8.50,,,,
173,08/12/2023 17:10:00,21.27,-94.07,8.51,,,,
174,08/12/2023 17:15:00,21.29,-94.11,8.52,,,,
175,08/12/2023 17:20:00,21.06,-91.91,8.48,,,,
176,08/12/2023 17:25:00,21.06,-91.96,8.48,,,,
177,08/12/2023 17:30:00,21.15,-92.55,8.49,,,,
178,08/12/2023 17:35:00,20.91,-90.35,8.45,,,,
179,08/12/2023 17:40:00,21.08,-92.38,8.49,,,,
180,08/12/2023 17:45:00,21.15,-92.42,8.49,,,,
181,08/12/2023 17:50:00,21.20,-91.91,8.48,,,,
182,08/12/2023 17:55:00,21.20,-91.92,8.48,,,,
183,08/12/2023 18:00:00,20.98,-90.67,8.46,,,,
184,08/12/2023 18:05:00,21.08,-91.32,8.47,,,,
185,08/12/2023 18:10:00,21.08,-91.55,8.47,,,,
186,08/12/2023 18:15:00,20.96,-90.24,8.45,,,,
187,08/12/2023 18:20:00,21.03,-90.47,8.45,,,,
188,08/12/2023 18:25:00,21.06,-90.55,8.45,,,,
189,08/12/2023 18:30:00,20.96,-90.21,8.45,,,,
190,08/12/2023 18:35:00,21.01,-90.07,8.45,,,,
191,08/12/2023 18:40:00,20.91,-89.24,8.43,,,,
192,08/12/2023 18:45:00,20.89,-89.30,8.43,,,,
193,08/12/2023 18:50:00,20.96,-89.35,8.43,,,,
194,08/12/2023 18:55:00,20.98,-89.16,8.43,,,,
195,08/12/2023 19:00:00,21.01,-89.02,8.43,,,,
196,08/12/2023 19:05:00,20.96,-89.11,8.43,,,,
197,08/12/2023 19:10:00,20.94,-88.57,8.42,,,,
198,08/12/2023 19:15:00,20.96,-88.33,8.42,,,,
199,08/12/2023 19:20:00,20.96,-87.92,8.41,,,,
200,08/12/2023 19:25:00,20.94,-88.66,8.42,,,,
201,08/12/2023 19:30:00,20.91,-88.85,8.43,,,,
202,08/12/2023 19:35:00,20.86,-88.28,8.42,,,,
203,08/12/2023 19:40:00,20.84,-88.13,8.41,,,,
204,08/12/2023 19:45:00,20.82,-87.60,8.40,,,,
205,08/12/2023 19:50:00,20.79,-87.17,8.40,,,,
206,08/12/2023 19:55:00,20.82,-86.64,8.39,,,,
207,08/12/2023 20:00:00,20.86,-86.88,8.39,,,,
208,08/12/2023 20:05:00,20.86,-86.83,8.39,,,,
209,08/12/2023 20:10:00,20.82,-87.03,8.39,,,,
210,08/12/2023 20:15:00,20.75,-86.25,8.38,,,,
211,08/12/2023 20:20:00,20.77,-86.38,8.38,,,,
212,08/12/2023 20:25:00,20.75,-86.19,8.38,,,,
213,08/12/2023 20:30:00,20.79,-85.77,8.37,,,,
214,08/12/2023 20:35:00,20.79,-85.41,8.37,,,,
215,08/12/2023 20:40:00,20.75,-85.28,8.36,,,,
216,08/12/2023 20:45:00,20.70,-85.35,8.37,,,,
217,08/12/2023 20:50:00,20.65,-84.85,8.36,,,,
218,08/12/2023 20:55:00,20.67,-84.77,8.36,,,,
219,08/12/2023 21:00:00,20.63,-84.44,8.35,,,,
220,08/12/2023 21:05:00,20.63,-84.32,8.35,,,,
221,08/12/2023 21:10:00,20.67,-84.10,8.34,,,,
222,08/12/2023 21:15:00,20.70,-84.02,8.34,,,,
223,08/12/2023 21:20:00,20.67,-83.92,8.34,,,,
224,08/12/2023 21:25:00,20.63,-83.88,8.34,,,,
225,08/12/2023 21:30:00,20.60,-83.94,8.34,,,,
226,08/12/2023 21:35:00,20.67,-83.96,8.34,,,,
227,08/12/2023 21:40:00,20.65,-83.64,8.34,,,,
228,08/12/2023 21:45:00,20.63,-83.60,8.34,,,,
229,08/12/2023 21:50:00,20.56,-83.00,8.33,,,,
230,08/12/2023 21:55:00,20.51,-82.46,8.32,,,,
231,08/12/2023 22:00:00,20.48,-82.25,8.31,,,,
232,08/12/2023 22:05:00,20.48,-82.36,8.32,,,,
233,08/12/2023 22:10:00,20.53,-82.39,8.32,,,,
234,08/12/2023 22:15:00,20.53,-82.39,8.32,,,,
235,08/12/2023 22:20:00,20.46,-81.83,8.31,,,,
236,08/12/2023 22:25:00,20.51,-81.94,8.31,,,,
237,08/12/2023 22:30:00,20.48,-81.67,8.30,,,,
238,08/12/2023 22:35:00,20.48,-81.63,8.30,,,,
239,08/12/2023 22:40:00,20.48,-81.42,8.30,,,,
240,08/12/2023 22:45:00,20.46,-81.21,8.30,,,,
241,08/12/2023 22:50:00,20.46,-80.99,8.29,,,,
242,08/12/2023 22:55:00,20.48,-80.94,8.29,,,,
243,08/12/2023 23:00:00,20.46,-80.66,8.29,,,,
244,08/12/2023 23:05:00,20.44,-80.30,8.28,,,,
245,08/12/2023 23:10:00,20.44,-80.14,8.28,,,,
246,08/12/2023 23:15:00,20.44,-79.99,8.27,,,,
247,08/12/2023 23:20:00,20.44,-79.80,8.27,,,,
248,08/12/2023 23:25:00,20.41,-79.50,8.27,,,,
249,08/12/2023 23:30:00,20.36,-79.14,8.26,,,,
250,08/12/2023 23:35:00,20.36,-78.94,8.26,,,,
251,08/12/2023 23:40:00,20.34,-78.58,8.25,,,,
252,08/12/2023 23:45:00,20.32,-78.25,8.24,,,,
253,08/12/2023 23:50:00,20.29,-77.94,8.24,,,,
254,08/12/2023 23:55:00,20.27,-77.58,8.23,,,,
255,08/13/2023 00:00:00,20.25,-77.30,8.23,,,,
256,08/13/2023 00:05:00,20.22,-77.02,8.22,,,,
257,08/13/2023 00:10:00,20.20,-76.72,8.22,,,,
258,08/13/2023 00:15:00,20.20,-76.75,8.22,,,,
259,08/13/2023 00:20:00,20.20,-76.71,8.22,,,,
260,08/13/2023 00:25:00,20.17,-76.71,8.22,,,,
261,08/13/2023 00:30:00,20.15,-76.63,8.22,,,,
262,08/13/2023 00:35:00,20.15,-76.30,8.21,,,,
263,08/13/2023 00:40:00,20.13,-75.85,8.20,,,,
264,08/13/2023 00:45:00,20.13,-75.35,8.19,,,,
265,08/13/2023 00:50:00,20.10,-74.92,8.19,,,,
266,08/13/2023 00:55:00,20.10,-74.49,8.18,,,,
267,08/13/2023 01:00:00,20.08,-74.24,8.18,,,,
268,08/13/2023 01:05:00,20.06,-73.44,8.16,,,,
269,08/13/2023 01:10:00,20.06,-73.13,8.16,,,,
270,08/13/2023 01:15:00,20.06,-72.55,8.15,,,,
271,08/13/2023 01:20:00,20.03,-71.92,8.14,,,,
272,08/13/2023 01:25:00,20.01,-71.47,8.13,,,,
273,08/13/2023 01:30:00,20.01,-71.35,8.13,,,,
274,08/13/2023 01:35:00,19.98,-71.27,8.12,,,,
275,08/13/2023 01:40:00,19.96,-70.42,8.11,,,,
276,08/13/2023 01:45:00,19.94,-70.22,8.11,,,,
277,08/13/2023 01:50:00,19.91,-69.44,8.09,,,,
278,08/13/2023 01:55:00,19.91,-69.38,8.09,,,,
279,08/13/2023 02:00:00,19.91,-69.38,8.09,,,,
280,08/13/2023 02:05:00,19.89,-69.24,8.09,,,,
281,08/13/2023 02:10:00,19.86,-68.99,8.09,,,,
282,08/13/2023 02:15:00,19.86,-68.71,8.08,,,,
283,08/13/2023 02:20:00,19.84,-68.21,8.07,,,,
284,08/13/2023 02:25:00,19.82,-67.92,8.07,,,,
285,08/13/2023 02:30:00,19.79,-67.38,8.06,,,,
286,08/13/2023 02:35:00,19.79,-67.38,8.06,,,,
287,08/13/2023 02:40:00,19.77,-66.97,8.05,,,,
288,08/13/2023 02:45:00,19.77,-66.67,8.05,,,,
289,08/13/2023 02:50:00,19.75,-66.03,8.03,,,,
290,08/13/2023 02:55:00,19.75,-65.38,8.02,,,,
291,08/13/2023 03:00:00,19.72,-65.27,8.02,,,,
292,08/13/2023 03:05:00,19.72,-65.25,8.02,,,,
293,08/13/2023 03:10:00,19.70,-64.66,8.01,,,,
294,08/13/2023 03:15:00,19.70,-64.30,8.00,,,,
295,08/13/2023 03:20:00,19.70,-64.14,8.00,,,,
296,08/13/2023 03:25:00,19.67,-63.71,7.99,,,,
297,08/13/2023 03:30:00,19.65,-63.17,7.98,,,,
298,08/13/2023 03:35:00,19.65,-62.75,7.98,,,,
299,08/13/2023 03:40:00,19.65,-62.67,7.98,,,,
300,08/13/2023 03:45:00,19.63,-62.56,7.97,,,,
301,08/13/2023 03:50:00,19.63,-62.22,7.97,,,,
302,08/13/2023 03:55:00,19.60,-61.97,7.96,,,,
303,08/13/2023 04:00:00,19.60,-61.81,7.96,,,,
304,08/13/2023 04:05:00,19.58,-61.24,7.95,,,,
305,08/13/2023 04:10:00,19.58,-61.02,7.95,,,,
306,08/13/2023 04:15:00,19.56,-60.88,7.95,,,,
307,08/13/2023 04:20:00,19.56,-60.60,7.94,,,,
308,08/13/2023 04:25:00,19.56,-60.42,7.94,,,,
309,08/13/2023 04:30:00,19.53,-60.30,7.94,,,,
310,08/13/2023 04:35:00,19.53,-60.10,7.93,,,,
311,08/13/2023 04:40:00,19.53,-59.69,7.92,,,,
312,08/13/2023 04:45:00,19.51,-59.38,7.92,,,,
313,08/13/2023 04:50:00,19.48,-58.94,7.91,,,,
314,08/13/2023 04:55:00,19.48,-58.61,7.91,,,,
315,08/13/2023 05:00:00,19.48,-58.28,7.90,,,,
316,08/13/2023 05:05:00,19.46,-57.92,7.89,,,,
317,08/13/2023 05:10:00,19.44,-57.61,7.89,,,,
318,08/13/2023 05:15:00,19.44,-57.45,7.89,,,,
319,08/13/2023 05:20:00,19.41,-57.11,7.88,,,,
320,08/13/2023 05:25:00,19.41,-56.85,7.88,,,,
321,08/13/2023 05:30:00,19.41,-56.67,7.87,,,,
322,08/13/2023 05:35:00,19.41,-56.38,7.87,,,,
323,08/13/2023 05:40:00,19.39,-55.91,7.86,,,,
324,08/13/2023 05:45:00,19.39,-55.69,7.86,,,,
325,08/13/2023 05:50:00,19.37,-55.55,7.85,,,,
326,08/13/2023 05:55:00,19.37,-55.42,7.85,,,,
327,08/13/2023 06:00:00,19.34,-55.36,7.85,,,,
328,08/13/2023 06:05:00,19.34,-55.00,7.84,,,,
329,08/13/2023 06:10:00,19.34,-54.78,7.84,,,,
330,08/13/2023 06:15:00,19.32,-54.64,7.84,,,,
331,08/13/2023 06:20:00,19.29,-54.14,7.83,,,,
332,08/13/2023 06:25:00,19.27,-53.94,7.83,,,,
333,08/13/2023 06:30:00,19.22,-55.88,7.86,,,,
334,08/13/2023 06:35:00,19.17,-61.24,7.95,,,,
335,08/13/2023 06:40:00,19.20,-65.02,8.02,,,,
336,08/13/2023 06:45:00,19.22,-65.80,8.03,,,,
337,08/13/2023 06:50:00,19.22,-65.96,8.03,,,,
338,08/13/2023 06:55:00,19.17,-65.00,8.02,,,,
339,08/13/2023 07:00:00,19.20,-65.91,8.03,,,,
340,08/13/2023 07:05:00,19.20,-65.89,8.03,,,,
341,08/13/2023 07:10:00,19.22,-66.44,8.04,,,,
342,08/13/2023 07:15:00,19.20,-66.86,8.05,,,,
343,08/13/2023 07:20:00,19.17,-66.85,8.05,,,,
344,08/13/2023 07:25:00,19.15,-67.14,8.06,,,,
345,08/13/2023 07:30:00,19.15,-67.35,8.06,,,,
346,08/13/2023 07:35:00,19.13,-67.33,8.06,,,,
347,08/13/2023 07:40:00,19.10,-67.61,8.06,,,,
348,08/13/2023 07:45:00,19.10,-67.66,8.06,,,,
349,08/13/2023 07:50:00,19.10,-68.00,8.07,,,,
350,08/13/2023 07:55:00,19.08,-68.19,8.07,,,,
351,08/13/2023 08:00:00,19.08,-68.53,8.08,,,,
352,08/13/2023 08:05:00,19.08,-68.83,8.09,,,,
353,08/13/2023 08:10:00,19.06,-69.14,8.09,,,,
354,08/13/2023 08:15:00,19.06,-69.41,8.10,,,,
355,08/13/2023 08:20:00,19.06,-69.66,8.10,,,,
356,08/13/2023 08:25:00,19.06,-70.03,8.11,,,,
357,08/13/2023 08:30:00,19.03,-70.24,8.11,,,,
358,08/13/2023 08:35:00,19.03,-70.53,8.12,,,,
359,08/13/2023 08:40:00,19.03,-70.83,8.12,,,,
360,08/13/2023 08:45:00,19.03,-71.19,8.13,,,,
361,08/13/2023 08:50:00,19.03,-71.39,8.13,,,,
362,08/13/2023 08:55:00,19.03,-71.67,8.14,,,,
363,08/13/2023 09:00:00,19.03,-72.08,8.14,,,,
364,08/13/2023 09:05:00,19.03,-72.28,8.15,,,,
365,08/13/2023 09:10:00,19.03,-72.52,8.15,,,,
366,08/13/2023 09:15:00,19.06,-72.75,8.15,,,,
367,08/13/2023 09:20:00,19.03,-72.99,8.16,,,,
368,08/13/2023 09:25:00,19.03,-73.30,8.16,,,,
369,08/13/2023 09:30:00,19.03,-73.50,8.17,,,,
370,08/13/2023 09:35:00,19.06,-73.69,8.17,,,,
371,08/13/2023 09:40:00,19.08,-74.11,8.18,,,,
372,08/13/2023 09:45:00,19.03,-74.24,8.18,,,,
373,08/13/2023 09:50:00,19.08,-74.41,8.18,,,,
374,08/13/2023 09:55:00,19.13,-74.81,8.19,,,,
375,08/13/2023 10:00:00,19.10,-75.27,8.20,,,,
376,08/13/2023 10:05:00,19.15,-75.63,8.20,,,,
377,08/13/2023 10:10:00,19.13,-76.03,8.21,,,,
378,08/13/2023 10:15:00,19.22,-76.46,8.22,,,,
379,08/13/2023 10:20:00,19.27,-76.97,8.23,,,,
380,08/13/2023 10:25:00,19.29,-77.44,8.23,,,,
381,08/13/2023 10:30:00,19.29,-77.78,8.24,,,,
382,08/13/2023 10:35:00,19.32,-77.88,8.24,,,,
383,08/13/2023 10:40:00,19.34,-78.33,8.25,,,,
384,08/13/2023 10:45:00,19.34,-78.53,8.25,,,,
385,08/13/2023 10:50:00,19.32,-78.67,8.26,,,,
386,08/13/2023 10:55:00,19.37,-78.96,8.26,,,,
387,08/13/2023 11:00:00,19.34,-79.19,8.27,,,,
388,08/13/2023 11:05:00,19.34,-79.42,8.27,,,,
389,08/13/2023 11:10:00,19.37,-79.74,8.27,,,,
390,08/13/2023 11:15:00,19.39,-79.89,8.28,,,,
391,08/13/2023 11:20:00,19.44,-80.24,8.28,,,,
392,08/13/2023 11:25:00,19.41,-80.55,8.29,,,,
393,08/13/2023 11:30:00,19.44,-80.96,8.30,,,,
394,08/13/2023 11:35:00,19.53,-81.19,8.30,,,,
395,08/13/2023 11:40:00,19.58,-81.83,8.31,,,,
396,08/13/2023 11:45:00,19.56,-82.21,8.32,,,,
397,08/13/2023 11:50:00,19.67,-82.61,8.32,,,,
398,08/13/2023 11:55:00,19.67,-82.97,8.33,,,,
399,08/13/2023 12:00:00,19.77,-83.49,8.34,,,,
400,08/13/2023 12:05:00,19.77,-83.94,8.35,,,,
401,08/13/2023 12:10:00,19.86,-84.21,8.35,,,,
402,08/13/2023 12:15:00,19.91,-84.88,8.36,,,,
403,08/13/2023 12:20:00,19.94,-84.83,8.36,,,,
404,08/13/2023 12:25:00,19.98,-85.32,8.37,,,,
405,08/13/2023 12:30:00,20.08,-85.80,8.38,,,,
406,08/13/2023 12:35:00,20.22,-86.52,8.39,,,,
407,08/13/2023 12:40:00,20.34,-87.42,8.40,,,,
408,08/13/2023 12:45:00,20.29,-87.42,8.40,,,,
409,08/13/2023 12:50:00,20.25,-87.21,8.40,,,,
410,08/13/2023 12:55:00,20.29,-87.55,8.41,,,,
411,08/13/2023 13:00:00,20.39,-88.00,8.41,,,,
412,08/13/2023 13:05:00,20.48,-88.55,8.42,,,,
413,08/13/2023 13:10:00,20.39,-88.61,8.42,,,,
414,08/13/2023 13:15:00,20.48,-89.11,8.43,,,,
415,08/13/2023 13:20:00,20.56,-89.33,8.44,,,,
416,08/13/2023 13:25:00,20.60,-89.74,8.44,,,,
417,08/13/2023 13:30:00,20.72,-90.91,8.46,,,,
418,08/13/2023 13:35:00,20.75,-91.05,8.46,,,,
419,08/13/2023 13:40:00,20.79,-91.17,8.47,,,,
420,08/13/2023 13:45:00,20.84,-91.60,8.47,,,,
421,08/13/2023 13:50:00,20.84,-91.61,8.47,,,,
422,08/13/2023 13:55:00,20.91,-92.75,8.49,,,,
423,08/13/2023 14:00:00,21.01,-93.46,8.51,,,,
424,08/13/2023 14:05:00,21.03,-93.36,8.50,,,,
425,08/13/2023 14:10:00,21.03,-93.35,8.50,,,,
426,08/13/2023 14:15:00,20.98,-93.50,8.51,,,,
427,08/13/2023 14:20:00,21.01,-93.38,8.50,,,,
428,08/13/2023 14:25:00,21.06,-94.39,8.52,,,,
429,08/13/2023 14:30:00,21.10,-94.67,8.53,,,,
430,08/13/2023 14:35:00,21.20,-95.36,8.54,,,,
431,08/13/2023 14:40:00,21.17,-95.53,8.54,,,,
432,08/13/2023 14:45:00,21.17,-95.94,8.55,,,,
433,08/13/2023 14:50:00,21.22,-95.66,8.54,,,,
434,08/13/2023 14:55:00,21.25,-95.75,8.54,,,,
435,08/13/2023 15:00:00,21.29,-96.47,8.56,,,,
436,08/13/2023 15:05:00,21.29,-96.27,8.55,,,,
437,08/13/2023 15:10:00,21.29,-97.00,8.57,,,,
438,08/13/2023 15:15:00,21.32,-97.14,8.57,,,,
439,08/13/2023 15:20:00,21.27,-97.03,8.57,,,,
440,08/13/2023 15:25:00,21.22,-96.92,8.56,,,,
441,08/13/2023 15:30:00,21.25,-97.05,8.57,,,,
442,08/13/2023 15:35:00,21.29,-97.61,8.58,,,,
443,08/13/2023 15:40:00,21.37,-98.50,8.59,,,,
444,08/13/2023 15:45:00,21.34,-98.32,8.59,,,,
445,08/13/2023 15:50:00,21.27,-97.94,8.58,,,,
446,08/13/2023 15:55:00,21.22,-97.82,8.58,,,,
447,08/13/2023 16:00:00,21.25,-98.07,8.58,,,,
448,08/13/2023 16:05:00,21.32,-98.53,8.59,,,,
449,08/13/2023 16:10:00,21.29,-98.58,8.59,,,,
450,08/13/2023 16:15:00,21.25,-98.11,8.58,,,,
451,08/13/2023 16:20:00,21.27,-98.44,8.59,,,,
452,08/13/2023 16:25:00,21.37,-99.47,8.61,,,,
453,08/13/2023 16:30:00,21.39,-99.60,8.61,,,,
454,08/13/2023 16:35:00,21.41,-100.16,8.62,,,,
455,08/13/2023 16:40:00,21.44,-99.97,8.62,,,,
456,08/13/2023 16:45:00,21.29,-98.36,8.59,,,,
457,08/13/2023 16:50:00,21.34,-98.99,8.60,,,,
458,08/13/2023 16:55:00,21.29,-97.99,8.58,,,,
459,08/13/2023 17:00:00,21.20,-97.69,8.58,,,,
460,08/13/2023 17:05:00,21.27,-98.17,8.59,,,,
461,08/13/2023 17:10:00,21.25,-97.80,8.58,,,,
462,08/13/2023 17:15:00,21.20,-97.67,8.58,,,,
463,08/13/2023 17:20:00,21.17,-97.60,8.58,,,,
464,08/13/2023 17:25:00,21.06,-96.02,8.55,,,,
465,08/13/2023 17:30:00,21.10,-96.61,8.56,,,,
466,08/13/2023 17:35:00,21.25,-97.64,8.58,,,,
467,08/13/2023 17:40:00,21.17,-96.96,8.57,,,,
468,08/13/2023 17:45:00,21.08,-95.88,8.55,,,,
469,08/13/2023 17:50:00,21.08,-96.27,8.55,,,,
470,08/13/2023 17:55:00,21.13,-96.47,8.56,,,,
471,08/13/2023 18:00:00,21.06,-95.46,8.54,,,,
472,08/13/2023 18:05:00,21.03,-95.33,8.54,,,,
473,08/13/2023 18:10:00,20.91,-93.94,8.51,,,,
474,08/13/2023 18:15:00,20.91,-94.05,8.52,,,,
475,08/13/2023 18:20:00,21.03,-95.32,8.54,,,,
476,08/13/2023 18:25:00,21.08,-95.24,8.54,,,,
477,08/13/2023 18:30:00,21.10,-95.46,8.54,,,,
478,08/13/2023 18:35:00,21.10,-95.07,8.53,,,,
479,08/13/2023 18:40:00,20.86,-92.33,8.49,,,,
480,08/13/2023 18:45:00,21.06,-94.77,8.53,,,,
481,08/13/2023 18:50:00,20.91,-93.14,8.50,,,,
482,08/13/2023 18:55:00,20.98,-94.00,8.51,,,,
483,08/13/2023 19:00:00,20.86,-93.02,8.50,,,,
484,08/13/2023 19:05:00,20.86,-92.80,8.49,,,,
485,08/13/2023 19:10:00,20.67,-89.91,8.45,,,,
486,08/13/2023 19:15:00,20.70,-91.44,8.47,,,,
487,08/13/2023 19:20:00,20.82,-91.80,8.48,,,,
488,08/13/2023 19:25:00,20.86,-91.96,8.48,,,,
489,08/13/2023 19:30:00,20.86,-92.10,8.48,,,,
490,08/13/2023 19:35:00,20.79,-91.42,8.47,,,,
491,08/13/2023 19:40:00,20.75,-90.89,8.46,,,,
492,08/13/2023 19:45:00,20.84,-91.57,8.47,,,,
493,08/13/2023 19:50:00,20.72,-90.60,8.46,,,,
494,08/13/2023 19:55:00,20.51,-88.44,8.42,,,,
495,08/13/2023 20:00:00,20.53,-89.41,8.44,,,,
496,08/13/2023 20:05:00,20.65,-90.13,8.45,,,,
497,08/13/2023 20:10:00,20.46,-87.64,8.41,,,,
498,08/13/2023 20:15:00,20.36,-87.25,8.40,,,,
499,08/13/2023 20:20:00,20.32,-87.00,8.40,,,,
500,08/13/2023 20:25:00,20.44,-88.38,8.42,,,,
501,08/13/2023 20:30:00,20.46,-88.24,8.42,,,,
502,08/13/2023 20:35:00,20.34,-86.86,8.39,,,,
503,08/13/2023 20:40:00,20.34,-87.10,8.40,,,,
504,08/13/2023 20:45:00,20.29,-86.49,8.39,,,,
505,08/13/2023 20:50:00,20.10,-85.07,8.36,,,,
506,08/13/2023 20:55:00,20.17,-85.52,8.37,,,,
507,08/13/2023 21:00:00,20.22,-85.63,8.37,,,,
508,08/13/2023 21:05:00,20.03,-84.25,8.35,,,,
509,08/13/2023 21:10:00,19.98,-83.60,8.34,,,,
510,08/13/2023 21:15:00,19.94,-83.46,8.34,,,,
511,08/13/2023 21:20:00,20.15,-85.22,8.37,,,,
512,08/13/2023 21:25:00,20.20,-85.35,8.37,,,,
513,08/13/2023 21:30:00,20.13,-84.66,8.36,,,,
514,08/13/2023 21:35:00,20.08,-84.33,8.35,,,,
515,08/13/2023 21:40:00,20.06,-84.69,8.36,,,,
516,08/13/2023 21:45:00,20.06,-84.13,8.35,,,,
517,08/13/2023 21:50:00,19.98,-83.88,8.34,,,,
518,08/13/2023 21:55:00,19.94,-82.80,8.33,,,,
519,08/13/2023 22:00:00,19.91,-82.97,8.33,,,,
520,08/13/2023 22:05:00,19.94,-83.11,8.33,,,,
521,08/13/2023 22:10:00,20.08,-83.10,8.33,,,,
522,08/13/2023 22:15:00,19.91,-82.44,8.32,,,,
523,08/13/2023 22:20:00,20.06,-82.71,8.32,,,,
524,08/13/2023 22:25:00,19.91,-82.17,8.31,,,,
525,08/13/2023 22:30:00,19.84,-81.88,8.31,,,,
526,08/13/2023 22:35:00,19.77,-81.46,8.30,,,,
527,08/13/2023 22:40:00,19.77,-81.35,8.30,,,,
528,08/13/2023 22:45:00,19.67,-80.61,8.29,,,,
529,08/13/2023 22:50:00,19.67,-80.61,8.29,,,,
530,08/13/2023 22:55:00,19.70,-80.46,8.29,,,,
531,08/13/2023 23:00:00,19.65,-80.13,8.28,,,,
532,08/13/2023 23:05:00,19.48,-79.64,8.27,,,,
533,08/13/2023 23:10:00,19.41,-79.27,8.27,,,,
534,08/13/2023 23:15:00,19.46,-79.60,8.27,,,,
535,08/13/2023 23:20:00,19.58,-79.69,8.27,,,,
536,08/13/2023 23:25:00,19.56,-79.53,8.27,,,,
537,08/13/2023 23:30:00,19.56,-79.63,8.27,,,,
538,08/13/2023 23:35:00,19.63,-79.49,8.27,,,,
539,08/13/2023 23:40:00,19.60,-79.38,8.27,,,,
540,08/13/2023 23:45:00,19.60,-79.25,8.27,,,,
541,08/13/2023 23:50:00,19.58,-78.91,8.26,,,,
542,08/13/2023 23:55:00,19.53,-78.52,8.25,,,,
543,08/14/2023 00:00:00,19.48,-78.31,8.25,,,,
544,08/14/2023 00:05:00,19.51,-78.05,8.24,,,,
545,08/14/2023 00:10:00,19.53,-77.74,8.24,,,,
546,08/14/2023 00:15:00,19.53,-77.58,8.24,,,,
547,08/14/2023 00:20:00,19.48,-77.30,8.23,,,,
548,08/14/2023 00:25:00,19.48,-77.03,8.23,,,,
549,08/14/2023 00:30:00,19.44,-76.75,8.22,,,,
550,08/14/2023 00:35:00,19.39,-76.33,8.22,,,,
551,08/14/2023 00:40:00,19.39,-76.21,8.21,,,,
552,08/14/2023 00:45:00,19.39,-76.19,8.21,,,,
553,08/14/2023 00:50:00,19.39,-76.14,8.21,,,,
554,08/14/2023 00:55:00,19.37,-76.14,8.21,,,,
555,08/14/2023 01:00:00,19.37,-76.08,8.21,,,,
556,08/14/2023 01:05:00,19.37,-75.89,8.21,,,,
557,08/14/2023 01:10:00,19.37,-75.61,8.20,,,,
558,08/14/2023 01:15:00,19.37,-75.10,8.19,,,,
559,08/14/2023 01:20:00,19.34,-74.66,8.19,,,,
560,08/14/2023 01:25:00,19.34,-74.16,8.18,,,,
561,08/14/2023 01:30:00,19.34,-73.86,8.17,,,,
562,08/14/2023 01:35:00,19.34,-73.47,8.17,,,,
563,08/14/2023 01:40:00,19.34,-73.28,8.16,,,,
564,08/14/2023 01:45:00,19.34,-73.14,8.16,,,,
565,08/14/2023 01:50:00,19.34,-72.91,8.16,,,,
566,08/14/2023 01:55:00,19.34,-72.19,8.14,,,,
567,08/14/2023 02:00:00,19.34,-71.72,8.13,,,,
568,08/14/2023 02:05:00,19.34,-71.28,8.13,,,,
569,08/14/2023 02:10:00,19.34,-71.03,8.12,,,,
570,08/14/2023 02:15:00,19.34,-70.78,8.12,,,,
571,08/14/2023 02:20:00,19.34,-70.63,8.12,,,,
572,08/14/2023 02:25:00,19.34,-70.53,8.11,,,,
573,08/14/2023 02:30:00,19.34,-70.19,8.11,,,,
574,08/14/2023 02:35:00,19.34,-69.75,8.10,,,,
575,08/14/2023 02:40:00,19.34,-69.30,8.09,,,,
576,08/14/2023 02:45:00,19.34,-69.11,8.09,,,,
577,08/14/2023 02:50:00,19.34,-68.74,8.08,,,,
578,08/14/2023 02:55:00,19.34,-68.38,8.08,,,,
579,08/14/2023 03:00:00,19.34,-68.16,8.07,,,,
580,08/14/2023 03:05:00,19.34,-68.03,8.07,,,,
581,08/14/2023 03:10:00,19.34,-67.66,8.06,,,,
582,08/14/2023 03:15:00,19.34,-67.49,8.06,,,,
583,08/14/2023 03:20:00,19.34,-67.28,8.06,,,,
584,08/14/2023 03:25:00,19.34,-67.00,8.05,,,,
585,08/14/2023 03:30:00,19.34,-66.50,8.04,,,,
586,08/14/2023 03:35:00,19.34,-65.99,8.03,,,,
587,08/14/2023 03:40:00,19.34,-65.64,8.03,,,,
588,08/14/2023 03:45:00,19.34,-65.44,8.03,,,,
589,08/14/2023 03:50:00,19.34,-65.10,8.02,,,,
590,08/14/2023 03:55:00,19.34,-64.99,8.02,,,,
591,08/14/2023 04:00:00,19.34,-64.99,8.02,,,,
592,08/14/2023 04:05:00,19.34,-64.75,8.01,,,,
593,08/14/2023 04:10:00,19.34,-64.03,8.00,,,,
594,08/14/2023 04:15:00,19.34,-63.69,7.99,,,,
595,08/14/2023 04:20:00,19.34,-63.31,7.99,,,,
596,08/14/2023 04:25:00,19.34,-62.94,7.98,,,,
597,08/14/2023 04:30:00,19.34,-62.58,7.98,,,,
598,08/14/2023 04:35:00,19.34,-62.06,7.97,,,,
599,08/14/2023 04:40:00,19.34,-61.83,7.96,,,,
600,08/14/2023 04:45:00,19.34,-61.61,7.96,,,,
601,08/14/2023 04:50:00,19.34,-61.03,7.95,,,,
602,08/14/2023 04:55:00,19.34,-60.80,7.94,,,,
603,08/14/2023 05:00:00,19.34,-60.61,7.94,,,,
604,08/14/2023 05:05:00,19.34,-60.22,7.93,,,,
605,08/14/2023 05:10:00,19.34,-59.95,7.93,,,,
606,08/14/2023 05:15:00,19.34,-59.64,7.92,,,,
607,08/14/2023 05:20:00,19.34,-59.38,7.92,,,,
608,08/14/2023 05:25:00,19.34,-58.72,7.91,,,,
609,08/14/2023 05:30:00,19.34,-58.13,7.90,,,,
610,08/14/2023 05:35:00,19.34,-57.72,7.89,,,,
611,08/14/2023 05:40:00,19.34,-57.60,7.89,,,,
612,08/14/2023 05:45:00,19.32,-57.49,7.89,,,,
613,08/14/2023 05:50:00,19.32,-57.25,7.88,,,,
614,08/14/2023 05:55:00,19.32,-57.05,7.88,,,,
615,08/14/2023 06:00:00,19.32,-56.83,7.88,,,,
616,08/14/2023 06:05:00,19.32,-56.58,7.87,,,,
617,08/14/2023 06:10:00,19.29,-56.27,7.87,,,,
618,08/14/2023 06:15:00,19.29,-56.02,7.86,,,,
619,08/14/2023 06:20:00,19.29,-55.44,7.85,,,,
620,08/14/2023 06:25:00,19.29,-54.97,7.84,,,,
621,08/14/2023 06:30:00,19.29,-54.41,7.83,,,,
622,08/14/2023 06:35:00,19.27,-54.17,7.83,,,,
623,08/14/2023 06:40:00,19.27,-53.97,7.83,,,,
624,08/14/2023 06:45:00,19.27,-53.70,7.82,,,,
625,08/14/2023 06:50:00,19.22,-55.03,7.84,,,,
626,08/14/2023 06:55:00,19.13,-58.13,7.90,,,,
627,08/14/2023 07:00:00,19.01,-61.36,7.96,,,,
628,08/14/2023 07:05:00,18.91,-65.16,8.02,,,,
629,08/14/2023 07:10:00,18.84,-66.49,8.05,,,,
630,08/14/2023 07:15:00,18.82,-66.78,8.05,,,,
631,08/14/2023 07:20:00,18.82,-66.36,8.04,,,,
632,08/14/2023 07:25:00,18.79,-66.61,8.05,,,,
633,08/14/2023 07:30:00,18.77,-66.83,8.05,,,,
634,08/14/2023 07:35:00,18.77,-66.77,8.05,,,,
635,08/14/2023 07:40:00,18.77,-67.33,8.06,,,,
636,08/14/2023 07:45:00,18.77,-67.67,8.07,,,,
637,08/14/2023 07:50:00,18.75,-68.02,8.07,,,,
638,08/14/2023 07:55:00,18.75,-68.41,8.08,,,,
639,08/14/2023 08:00:00,18.75,-68.56,8.08,,,,
640,08/14/2023 08:05:00,18.75,-68.88,8.09,,,,
641,08/14/2023 08:10:00,18.72,-69.08,8.09,,,,
642,08/14/2023 08:15:00,18.72,-69.22,8.09,,,,
643,08/14/2023 08:20:00,18.72,-69.46,8.10,,,,
644,08/14/2023 08:25:00,18.72,-69.63,8.10,,,,
645,08/14/2023 08:30:00,18.70,-70.10,8.11,,,,
646,08/14/2023 08:35:00,18.68,-70.22,8.11,,,,
647,08/14/2023 08:40:00,18.68,-70.47,8.12,,,,
648,08/14/2023 08:45:00,18.68,-70.80,8.12,,,,
649,08/14/2023 08:50:00,18.65,-70.97,8.12,,,,
650,08/14/2023 08:55:00,18.68,-71.17,8.13,,,,
651,08/14/2023 09:00:00,18.65,-71.46,8.13,,,,
652,08/14/2023 09:05:00,18.60,-71.81,8.14,,,,
653,08/14/2023 09:10:00,18.58,-72.00,8.14,,,,
654,08/14/2023 09:15:00,18.60,-72.19,8.15,,,,
655,08/14/2023 09:20:00,18.58,-72.50,8.15,,,,
656,08/14/2023 09:25:00,18.53,-72.97,8.16,,,,
657,08/14/2023 09:30:00,18.56,-73.25,8.16,,,,
658,08/14/2023 09:35:00,18.53,-73.46,8.17,,,,
659,08/14/2023 09:40:00,18.56,-73.66,8.17,,,,
660,08/14/2023 09:45:00,18.49,-74.13,8.18,,,,
661,08/14/2023 09:50:00,18.51,-74.31,8.18,,,,
662,08/14/2023 09:55:00,18.51,-74.69,8.19,,,,
663,08/14/2023 10:00:00,18.39,-75.25,8.20,,,,
664,08/14/2023 10:05:00,18.25,-75.97,8.21,,,,
665,08/14/2023 10:10:00,18.39,-75.86,8.21,,,,
666,08/14/2023 10:15:00,18.30,-76.63,8.22,,,,
667,08/14/2023 10:20:00,18.39,-76.61,8.22,,,,
668,08/14/2023 10:25:00,18.46,-77.06,8.23,,,,
669,08/14/2023 10:30:00,18.51,-77.61,8.24,,,,
670,08/14/2023 10:35:00,18.63,-78.03,8.25,,,,
671,08/14/2023 10:40:00,18.58,-78.41,8.25,,,,
672,08/14/2023 10:45:00,18.65,-78.71,8.26,,,,
673,08/14/2023 10:50:00,18.70,-78.94,8.26,,,,
674,08/14/2023 10:55:00,18.84,-79.44,8.27,,,,
675,08/14/2023 11:00:00,18.87,-79.78,8.28,,,,
676,08/14/2023 11:05:00,18.94,-79.99,8.28,,,,
677,08/14/2023 11:10:00,18.91,-80.31,8.29,,,,
678,08/14/2023 11:15:00,18.94,-80.52,8.29,,,,
679,08/14/2023 11:20:00,18.91,-80.71,8.29,,,,
680,08/14/2023 11:25:00,18.94,-80.85,8.30,,,,
681,08/14/2023 11:30:00,19.03,-81.13,8.30,,,,
682,08/14/2023 11:35:00,18.98,-81.52,8.31,,,,
683,08/14/2023 11:40:00,18.96,-81.77,8.31,,,,
684,08/14/2023 11:45:00,19.03,-82.32,8.32,,,,
685,08/14/2023 11:50:00,19.06,-82.49,8.32,,,,
686,08/14/2023 11:55:00,19.06,-82.88,8.33,,,,
687,08/14/2023 12:00:00,19.13,-83.33,8.34,,,,
688,08/14/2023 12:05:00,19.25,-83.88,8.35,,,,
689,08/14/2023 12:10:00,19.37,-84.47,8.36,,,,
690,08/14/2023 12:15:00,19.39,-85.21,8.37,,,,
691,08/14/2023 12:20:00,19.32,-85.07,8.37,,,,
692,08/14/2023 12:25:00,19.41,-85.28,8.37,,,,
693,08/14/2023 12:30:00,19.39,-85.92,8.38,,,,
694,08/14/2023 12:35:00,19.44,-86.25,8.39,,,,
695,08/14/2023 12:40:00,19.58,-86.71,8.39,,,,
696,08/14/2023 12:45:00,19.70,-87.16,8.40,,,,
697,08/14/2023 12:50:00,19.65,-87.47,8.41,,,,
698,08/14/2023 12:55:00,19.75,-87.69,8.41,,,,
699,08/14/2023 13:00:00,19.75,-88.11,8.42,,,,
700,08/14/2023 13:05:00,19.86,-88.42,8.42,,,,
701,08/14/2023 13:10:00,19.96,-89.21,8.44,,,,
702,08/14/2023 13:15:00,20.03,-89.83,8.45,,,,
703,08/14/2023 13:20:00,20.06,-90.19,8.45,,,,
704,08/14/2023 13:25:00,20.13,-90.67,8.46,,,,
705,08/14/2023 13:30:00,20.17,-91.17,8.47,,,,
706,08/14/2023 13:35:00,20.27,-91.27,8.47,,,,
707,08/14/2023 13:40:00,20.29,-91.71,8.48,,,,
708,08/14/2023 13:45:00,20.32,-92.02,8.48,,,,
709,08/14/2023 13:50:00,20.34,-91.80,8.48,,,,
710,08/14/2023 13:55:00,20.41,-92.69,8.50,,,,
711,08/14/2023 14:00:00,20.39,-92.83,8.50,,,,
712,08/14/2023 14:05:00,20.48,-93.13,8.50,,,,
713,08/14/2023 14:10:00,20.46,-93.27,8.50,,,,
714,08/14/2023 14:15:00,20.53,-93.53,8.51,,,,
715,08/14/2023 14:20:00,20.60,-94.36,8.52,,,,
716,08/14/2023 14:25:00,20.70,-94.86,8.53,,,,
717,08/14/2023 14:30:00,20.75,-95.25,8.54,,,,
718,08/14/2023 14:35:00,20.72,-95.07,8.53,,,,
719,08/14/2023 14:40:00,20.53,-94.44,8.52,,,,
720,08/14/2023 14:45:00,20.53,-94.67,8.53,,,,
721,08/14/2023 14:50:00,20.72,-95.33,8.54,,,,
722,08/14/2023 14:55:00,20.60,-94.89,8.53,,,,
723,08/14/2023 15:00:00,20.70,-95.52,8.54,,,,
724,08/14/2023 15:05:00,20.70,-95.69,8.55,,,,
725,08/14/2023 15:10:00,20.75,-96.27,8.56,,,,
726,08/14/2023 15:15:00,20.86,-97.03,8.57,,,,
727,08/14/2023 15:20:00,20.82,-96.99,8.57,,,,
728,08/14/2023 15:25:00,20.86,-97.33,8.57,,,,
729,08/14/2023 15:30:00,20.91,-97.72,8.58,,,,
730,08/14/2023 15:35:00,20.89,-97.77,8.58,,,,
731,08/14/2023 15:40:00,20.94,-98.94,8.60,,,,
732,08/14/2023 15:45:00,20.98,-98.85,8.60,,,,
733,08/14/2023 15:50:00,20.91,-98.42,8.59,,,,
734,08/14/2023 15:55:00,20.89,-98.60,8.59,,,,
735,08/14/2023 16:00:00,20.89,-98.75,8.60,,,,
736,08/14/2023 16:05:00,20.86,-98.44,8.59,,,,
737,08/14/2023 16:10:00,20.91,-98.78,8.60,,,,
738,08/14/2023 16:15:00,20.91,-99.03,8.60,,,,
739,08/14/2023 16:20:00,20.91,-99.25,8.61,,,,
740,08/14/2023 16:25:00,20.91,-99.27,8.61,,,,
741,08/14/2023 16:30:00,20.86,-99.32,8.61,,,,
742,08/14/2023 16:35:00,20.91,-99.77,8.62,,,,
743,08/14/2023 16:40:00,20.89,-99.67,8.61,,,,
744,08/14/2023 16:45:00,20.84,-99.47,8.61,,,,
745,08/14/2023 16:50:00,20.86,-99.61,8.61,,,,
746,08/14/2023 16:55:00,20.84,-99.52,8.61,,,,
747,08/14/2023 17:00:00,20.79,-99.39,8.61,,,,
748,08/14/2023 17:05:00,20.70,-98.78,8.60,,,,
749,08/14/2023 17:10:00,20.53,-97.52,8.58,,,,
750,08/14/2023 17:15:00,20.48,-97.47,8.58,,,,
751,08/14/2023 17:20:00,20.46,-97.74,8.58,,,,
752,08/14/2023 17:25:00,20.58,-99.17,8.61,,,,
753,08/14/2023 17:30:00,20.41,-97.30,8.58,,,,
754,08/14/2023 17:35:00,20.41,-97.72,8.58,,,,
755,08/14/2023 17:40:00,20.51,-98.49,8.60,,,,
756,08/14/2023 17:45:00,20.63,-98.75,8.60,,,,
757,08/14/2023 17:50:00,20.56,-98.46,8.59,,,,
758,08/14/2023 17:55:00,20.34,-96.71,8.57,,,,
759,08/14/2023 18:00:00,20.36,-96.72,8.57,,,,
760,08/14/2023 18:05:00,20.34,-96.39,8.56,,,,
761,08/14/2023 18:10:00,20.39,-96.69,8.56,,,,
762,08/14/2023 18:15:00,20.32,-95.85,8.55,,,,
763,08/14/2023 18:20:00,20.27,-95.42,8.54,,,,
764,08/14/2023 18:25:00,20.36,-95.88,8.55,,,,
765,08/14/2023 18:30:00,20.39,-95.97,8.55,,,,
766,08/14/2023 18:35:00,20.32,-95.67,8.55,,,,
767,08/14/2023 18:40:00,20.25,-94.89,8.53,,,,
768,08/14/2023 18:45:00,20.22,-94.53,8.53,,,,
769,08/14/2023 18:50:00,20.03,-92.61,8.50,,,,
770,08/14/2023 18:55:00,20.17,-94.13,8.52,,,,
771,08/14/2023 19:00:00,20.10,-93.39,8.51,,,,
772,08/14/2023 19:05:00,20.08,-93.36,8.51,,,,
773,08/14/2023 19:10:00,20.03,-92.58,8.50,,,,
774,08/14/2023 19:15:00,20.06,-92.92,8.50,,,,
775,08/14/2023 19:20:00,20.01,-92.35,8.49,,,,
776,08/14/2023 19:25:00,20.10,-92.33,8.49,,,,
777,08/14/2023 19:30:00,20.22,-93.21,8.50,,,,
778,08/14/2023 19:35:00,20.15,-92.82,8.50,,,,
779,08/14/2023 19:40:00,20.13,-92.36,8.49,,,,
780,08/14/2023 19:45:00,19.98,-91.38,8.47,,,,
781,08/14/2023 19:50:00,19.82,-90.53,8.46,,,,
782,08/14/2023 19:55:00,19.84,-90.14,8.45,,,,
783,08/14/2023 20:00:00,19.89,-90.67,8.46,,,,
784,08/14/2023 20:05:00,19.79,-89.66,8.45,,,,
785,08/14/2023 20:10:00,19.94,-90.44,8.46,,,,
786,08/14/2023 20:15:00,19.91,-90.41,8.46,,,,
787,08/14/2023 20:20:00,19.79,-89.24,8.44,,,,
788,08/14/2023 20:25:00,19.75,-89.14,8.44,,,,
789,08/14/2023 20:30:00,19.75,-88.75,8.43,,,,
790,08/14/2023 20:35:00,19.70,-88.16,8.42,,,,
791,08/14/2023 20:40:00,19.72,-88.52,8.43,,,,
792,08/14/2023 20:45:00,19.86,-89.11,8.44,,,,
793,08/14/2023 20:50:00,19.82,-88.94,8.43,,,,
794,08/14/2023 20:55:00,19.72,-88.41,8.42,,,,
795,08/14/2023 21:00:00,19.75,-88.14,8.42,,,,
796,08/14/2023 21:05:00,19.70,-87.55,8.41,,,,
797,08/14/2023 21:10:00,19.77,-87.49,8.41,,,,
798,08/14/2023 21:15:00,19.77,-87.22,8.40,,,,
799,08/14/2023 21:20:00,19.65,-86.64,8.39,,,,
800,08/14/2023 21:25:00,19.53,-85.72,8.38,,,,
801,08/14/2023 21:30:00,19.72,-85.96,8.38,,,,
802,08/14/2023 21:35:00,19.72,-86.02,8.38,,,,
803,08/14/2023 21:40:00,19.63,-86.08,8.38,,,,
804,08/14/2023 21:45:00,19.67,-86.24,8.39,,,,
805,08/14/2023 21:50:00,19.56,-85.33,8.37,,,,
806,08/14/2023 21:55:00,19.39,-84.38,8.36,,,,
807,08/14/2023 22:00:00,19.20,-83.94,8.35,,,,
808,08/14/2023 22:05:00,19.08,-83.33,8.34,,,,
809,08/14/2023 22:10:00,19.22,-84.35,8.36,,,,
810,08/14/2023 22:15:00,19.29,-83.99,8.35,,,,
811,08/14/2023 22:20:00,19.22,-83.77,8.35,,,,
812,08/14/2023 22:25:00,19.27,-83.58,8.34,,,,
813,08/14/2023 22:30:00,19.41,-83.80,8.35,,,,
814,08/14/2023 22:35:00,19.53,-83.86,8.35,,,,
815,08/14/2023 22:40:00,19.39,-83.52,8.34,,,,
816,08/14/2023 22:45:00,19.32,-83.00,8.33,,,,
817,08/14/2023 22:50:00,19.20,-82.47,8.32,,,,
818,08/14/2023 22:55:00,19.15,-82.10,8.32,,,,
819,08/14/2023 23:00:00,19.37,-82.13,8.32,,,,
820,08/14/2023 23:05:00,19.10,-81.41,8.30,,,,
821,08/14/2023 23:10:00,19.25,-81.35,8.30,,,,
822,08/14/2023 23:15:00,19.15,-81.03,8.30,,,,
823,08/14/2023 23:20:00,19.03,-80.61,8.29,,,,
824,08/14/2023 23:25:00,19.17,-80.72,8.29,,,,
825,08/14/2023 23:30:00,19.03,-80.31,8.29,,,,
826,08/14/2023 23:35:00,18.96,-80.06,8.28,,,,
827,08/14/2023 23:40:00,18.87,-79.78,8.28,,,,
828,08/14/2023 23:45:00,18.75,-79.52,8.27,,,,
829,08/14/2023 23:50:00,18.77,-79.50,8.27,,,,
830,08/14/2023 23:55:00,18.56,-78.78,8.26,,,,
831,08/15/2023 00:00:00,18.60,-78.91,8.26,,,,
832,08/15/2023 00:05:00,18.60,-78.77,8.26,,,,
833,08/15/2023 00:10:00,18.60,-78.49,8.26,,,,
834,08/15/2023 00:15:00,18.60,-78.27,8.25,,,,
835,08/15/2023 00:20:00,18.65,-78.10,8.25,,,,
836,08/15/2023 00:25:00,18.70,-78.02,8.25,,,,
837,08/15/2023 00:30:00,18.70,-77.97,8.25,,,,
838,08/15/2023 00:35:00,18.63,-77.58,8.24,,,,
839,08/15/2023 00:40:00,18.63,-77.22,8.23,,,,
840,08/15/2023 00:45:00,18.65,-76.91,8.23,,,,
841,08/15/2023 00:50:00,18.51,-76.31,8.22,,,,
842,08/15/2023 00:55:00,18.44,-75.83,8.21,,,,
843,08/15/2023 01:00:00,18.39,-75.56,8.21,,,,
844,08/15/2023 01:05:00,18.41,-75.31,8.20,,,,
845,08/15/2023 01:10:00,18.41,-75.17,8.20,,,,
846,08/15/2023 01:15:00,18.41,-75.11,8.20,,,,
847,08/15/2023 01:20:00,18.44,-75.08,8.20,,,,
848,08/15/2023 01:25:00,18.44,-75.06,8.20,,,,
849,08/15/2023 01:30:00,18.46,-75.00,8.20,,,,
850,08/15/2023 01:35:00,18.46,-74.83,8.19,,,,
851,08/15/2023 01:40:00,18.49,-74.71,8.19,,,,
852,08/15/2023 01:45:00,18.49,-74.61,8.19,,,,
853,08/15/2023 01:50:00,18.51,-74.49,8.19,,,,
854,08/15/2023 01:55:00,18.51,-74.30,8.18,,,,
855,08/15/2023 02:00:00,18.53,-74.03,8.18,,,,
856,08/15/2023 02:05:00,18.56,-73.80,8.17,,,,
857,08/15/2023 02:10:00,18.56,-73.56,8.17,,,,
858,08/15/2023 02:15:00,18.56,-73.14,8.16,,,,
859,08/15/2023 02:20:00,18.58,-72.67,8.15,,,,
860,08/15/2023 02:25:00,18.60,-72.44,8.15,,,,
861,08/15/2023 02:30:00,18.60,-72.35,8.15,,,,
862,08/15/2023 02:35:00,18.60,-72.14,8.15,,,,
863,08/15/2023 02:40:00,18.63,-72.02,8.14,,,,
864,08/15/2023 02:45:00,18.63,-71.94,8.14,,,,
865,08/15/2023 02:50:00,18.63,-71.72,8.14,,,,
866,08/15/2023 02:55:00,18.65,-71.42,8.13,,,,
867,08/15/2023 03:00:00,18.65,-71.30,8.13,,,,
868,08/15/2023 03:05:00,18.65,-70.89,8.12,,,,
869,08/15/2023 03:10:00,18.68,-70.50,8.12,,,,
870,08/15/2023 03:15:00,18.68,-69.49,8.10,,,,
871,08/15/2023 03:20:00,18.68,-69.17,8.09,,,,
872,08/15/2023 03:25:00,18.70,-69.00,8.09,,,,
873,08/15/2023 03:30:00,18.70,-68.97,8.09,,,,
874,08/15/2023 03:35:00,18.70,-68.78,8.09,,,,
875,08/15/2023 03:40:00,18.70,-68.71,8.08,,,,
876,08/15/2023 03:45:00,18.72,-68.52,8.08,,,,
877,08/15/2023 03:50:00,18.72,-68.13,8.07,,,,
878,08/15/2023 03:55:00,18.72,-67.81,8.07,,,,
879,08/15/2023 04:00:00,18.72,-67.25,8.06,,,,
880,08/15/2023 04:05:00,18.72,-66.11,8.04,,,,
881,08/15/2023 04:10:00,18.72,-65.44,8.03,,,,
882,08/15/2023 04:15:00,18.75,-65.17,8.02,,,,
883,08/15/2023 04:20:00,18.75,-64.77,8.02,,,,
884,08/15/2023 04:25:00,18.75,-64.30,8.01,,,,
885,08/15/2023 04:30:00,18.75,-64.36,8.01,,,,
886,08/15/2023 04:35:00,18.75,-63.92,8.00,,,,
887,08/15/2023 04:40:00,18.77,-63.55,7.99,,,,
888,08/15/2023 04:45:00,18.77,-63.36,7.99,,,,
889,08/15/2023 04:50:00,18.77,-63.17,7.99,,,,
890,08/15/2023 04:55:00,18.77,-62.96,7.98,,,,
891,08/15/2023 05:00:00,18.77,-62.74,7.98,,,,
892,08/15/2023 05:05:00,18.77,-62.36,7.97,,,,
893,08/15/2023 05:10:00,18.77,-61.96,7.97,,,,
894,08/15/2023 05:15:00,18.77,-61.78,7.96,,,,
895,08/15/2023 05:20:00,18.79,-61.55,7.96,,,,
896,08/15/2023 05:25:00,18.79,-61.33,7.96,,,,
897,08/15/2023 05:30:00,18.79,-60.72,7.94,,,,
898,08/15/2023 05:35:00,18.79,-60.00,7.93,,,,
899,08/15/2023 05:40:00,18.79,-59.86,7.93,,,,
900,08/15/2023 05:45:00,18.79,-59.63,7.93,,,,
901,08/15/2023 05:50:00,18.79,-59.35,7.92,,,,
902,08/15/2023 05:55:00,18.79,-58.94,7.91,,,,
903,08/15/2023 06:00:00,18.79,-58.50,7.91,,,,
904,08/15/2023 06:05:00,18.79,-58.10,7.90,,,,
905,08/15/2023 06:10:00,18.79,-57.75,7.89,,,,
906,08/15/2023 06:15:00,18.79,-57.58,7.89,,,,
907,08/15/2023 06:20:00,18.79,-57.41,7.89,,,,
908,08/15/2023 06:25:00,18.79,-57.19,7.88,,,,
909,08/15/2023 06:30:00,18.79,-56.66,7.87,,,,
910,08/15/2023 06:35:00,18.79,-56.41,7.87,,,,
911,08/15/2023 06:40:00,18.79,-55.91,7.86,,,,
912,08/15/2023 06:45:00,18.79,-55.72,7.86,,,,
913,08/15/2023 06:50:00,18.79,-55.47,7.85,,,,
914,08/15/2023 06:55:00,18.82,-55.13,7.85,,,,
915,08/15/2023 07:00:00,18.79,-54.91,7.84,,,,
916,08/15/2023 07:05:00,18.82,-54.75,7.84,,,,
917,08/15/2023 07:10:00,18.82,-54.38,7.83,,,,
918,08/15/2023 07:15:00,18.82,-54.05,7.83,,,,
919,08/15/2023 07:20:00,18.79,-53.74,7.82,,,,
920,08/15/2023 07:25:00,18.79,-53.61,7.82,,,,
921,08/15/2023 07:30:00,18.68,-55.77,7.86,,,,
922,08/15/2023 07:35:00,18.46,-60.70,7.95,,,,
923,08/15/2023 07:40:00,18.18,-65.14,8.02,,,,
924,08/15/2023 07:45:00,18.08,-66.19,8.04,,,,
925,08/15/2023 07:50:00,18.03,-66.42,8.05,,,,
926,08/15/2023 07:55:00,18.01,-66.05,8.04,,,,
927,08/15/2023 08:00:00,17.99,-66.41,8.05,,,,
928,08/15/2023 08:05:00,17.99,-66.14,8.04,,,,
929,08/15/2023 08:10:00,17.96,-66.81,8.05,,,,
930,08/15/2023 08:15:00,17.96,-67.14,8.06,,,,
931,08/15/2023 08:20:00,17.94,-67.52,8.07,,,,
932,08/15/2023 08:25:00,17.94,-67.78,8.07,,,,
933,08/15/2023 08:30:00,17.94,-68.16,8.08,,,,
934,08/15/2023 08:35:00,17.94,-68.46,8.08,,,,
935,08/15/2023 08:40:00,17.89,-68.61,8.09,,,,
936,08/15/2023 08:45:00,17.87,-68.85,8.09,,,,
937,08/15/2023 08:50:00,17.87,-69.13,8.10,,,,
938,08/15/2023 08:55:00,17.87,-69.31,8.10,,,,
939,08/15/2023 09:00:00,17.87,-69.71,8.11,,,,
940,08/15/2023 09:05:00,17.87,-70.05,8.11,,,,
941,08/15/2023 09:10:00,17.87,-70.17,8.11,,,,
942,08/15/2023 09:15:00,17.87,-70.71,8.12,,,,
943,08/15/2023 09:20:00,17.89,-70.91,8.13,,,,
944,08/15/2023 09:25:00,17.84,-70.92,8.13,,,,
945,08/15/2023 09:30:00,17.87,-71.49,8.14,,,,
946,08/15/2023 09:35:00,17.87,-71.78,8.14,,,,
947,08/15/2023 09:40:00,17.91,-72.28,8.15,,,,
948,08/15/2023 09:45:00,17.84,-72.67,8.16,,,,
949,08/15/2023 09:50:00,17.87,-72.92,8.16,,,,
950,08/15/2023 09:55:00,17.89,-73.25,8.17,,,,
951,08/15/2023 10:00:00,17.80,-74.02,8.18,,,,
952,08/15/2023 10:05:00,17.84,-74.35,8.19,,,,
953,08/15/2023 10:10:00,17.91,-74.61,8.19,,,,
954,08/15/2023 10:15:00,17.91,-75.19,8.20,,,,
955,08/15/2023 10:20:00,17.94,-75.56,8.21,,,,
956,08/15/2023 10:25:00,18.03,-76.13,8.22,,,,
957,08/15/2023 10:30:00,18.10,-76.96,8.23,,,,
958,08/15/2023 10:35:00,18.03,-77.52,8.24,,,,
959,08/15/2023 10:40:00,18.06,-77.60,8.24,,,,
960,08/15/2023 10:45:00,18.15,-77.99,8.25,,,,
961,08/15/2023 10:50:00,18.10,-78.42,8.26,,,,
962,08/15/2023 10:55:00,18.03,-78.83,8.26,,,,
963,08/15/2023 11:00:00,18.22,-79.28,8.27,,,,
964,08/15/2023 11:05:00,18.30,-79.46,8.27,,,,
965,08/15/2023 11:10:00,18.27,-79.88,8.28,,,,
966,08/15/2023 11:15:00,18.25,-80.19,8.29,,,,
967,08/15/2023 11:20:00,18.30,-80.33,8.29,,,,
968,08/15/2023 11:25:00,18.39,-80.77,8.30,,,,
969,08/15/2023 11:30:00,18.39,-81.25,8.31,,,,
970,08/15/2023 11:35:00,18.49,-81.67,8.31,,,,
971,08/15/2023 11:40:00,18.49,-82.03,8.32,,,,
972,08/15/2023 11:45:00,18.49,-82.39,8.32,,,,
973,08/15/2023 11:50:00,18.56,-82.66,8.33,,,,
974,08/15/2023 11:55:00,18.56,-82.88,8.33,,,,
975,08/15/2023 12:00:00,18.68,-83.83,8.35,,,,
976,08/15/2023 12:05:00,18.79,-84.22,8.36,,,,
977,08/15/2023 12:10:00,18.77,-84.57,8.36,,,,
978,08/15/2023 12:15:00,18.89,-84.97,8.37,,,,
979,08/15/2023 12:20:00,18.91,-85.35,8.37,,,,
980,08/15/2023 12:25:00,18.94,-85.47,8.38,,,,
981,08/15/2023 12:30:00,19.03,-85.74,8.38,,,,
982,08/15/2023 12:35:00,19.10,-86.07,8.39,,,,
983,08/15/2023 12:40:00,19.15,-86.64,8.40,,,,
984,08/15/2023 12:45:00,19.13,-86.91,8.40,,,,
985,08/15/2023 12:50:00,19.15,-87.13,8.40,,,,
986,08/15/2023 12:55:00,19.27,-88.03,8.42,,,,
987,08/15/2023 13:00:00,19.27,-88.05,8.42,,,,
988,08/15/2023 13:05:00,19.39,-88.38,8.43,,,,
989,08/15/2023 13:10:00,19.53,-88.91,8.43,,,,
990,08/15/2023 13:15:00,19.63,-89.78,8.45,,,,
991,08/15/2023 13:20:00,19.58,-90.22,8.46,,,,
992,08/15/2023 13:25:00,19.70,-90.17,8.45,,,,
993,08/15/2023 13:30:00,19.82,-90.67,8.46,,,,
994,08/15/2023 13:35:00,19.89,-91.66,8.48,,,,
995,08/15/2023 13:40:00,19.94,-91.67,8.48,,,,
996,08/15/2023 13:45:00,20.06,-92.57,8.49,,,,
997,08/15/2023 13:50:00,20.15,-92.77,8.50,,,,
998,08/15/2023 13:55:00,20.22,-93.22,8.51,,,,
999,08/15/2023 14:00:00,20.17,-93.85,8.52,,,,
1000,08/15/2023 14:05:00,20.25,-93.69,8.51,,,,
1001,08/15/2023 14:10:00,20.17,-93.42,8.51,,,,
1002,08/15/2023 14:15:00,20.34,-94.28,8.52,,,,
1003,08/15/2023 14:20:00,20.22,-93.55,8.51,,,,
1004,08/15/2023 14:25:00,20.10,-93.00,8.50,,,,
1005,08/15/2023 14:30:00,20.08,-93.52,8.51,,,,
1006,08/15/2023 14:35:00,20.08,-93.33,8.51,,,,
1007,08/15/2023 14:40:00,20.06,-93.50,8.51,,,,
1008,08/15/2023 14:45:00,20.17,-93.74,8.51,,,,
1009,08/15/2023 14:50:00,20.32,-94.14,8.52,,,,
1010,08/15/2023 14:55:00,20.41,-94.50,8.53,,,,
1011,08/15/2023 15:00:00,20.51,-95.35,8.54,,,,
1012,08/15/2023 15:05:00,20.58,-96.53,8.56,,,,
1013,08/15/2023 15:10:00,20.56,-96.86,8.57,,,,
1014,08/15/2023 15:15:00,20.60,-96.46,8.56,,,,
1015,08/15/2023 15:20:00,20.63,-96.21,8.55,,,,
1016,08/15/2023 15:25:00,20.60,-96.57,8.56,,,,
1017,08/15/2023 15:30:00,20.58,-96.57,8.56,,,,
1018,08/15/2023 15:35:00,20.58,-97.13,8.57,,,,
1019,08/15/2023 15:40:00,20.56,-97.14,8.57,,,,
1020,08/15/2023 15:45:00,20.63,-98.08,8.59,,,,
1021,08/15/2023 15:50:00,20.72,-98.57,8.60,,,,
1022,08/15/2023 15:55:00,20.77,-98.91,8.60,,,,
1023,08/15/2023 16:00:00,20.75,-99.00,8.60,,,,
1024,08/15/2023 16:05:00,20.72,-99.10,8.60,,,,
1025,08/15/2023 16:10:00,20.72,-99.39,8.61,,,,
1026,08/15/2023 16:15:00,20.79,-99.78,8.62,,,,
1027,08/15/2023 16:20:00,20.79,-99.64,8.61,,,,
1028,08/15/2023 16:25:00,20.60,-98.72,8.60,,,,
1029,08/15/2023 16:30:00,20.44,-97.66,8.58,,,,
1030,08/15/2023 16:35:00,20.46,-98.25,8.59,,,,
1031,08/15/2023 16:40:00,20.51,-98.75,8.60,,,,
1032,08/15/2023 16:45:00,20.51,-98.71,8.60,,,,
1033,08/15/2023 16:50:00,20.53,-99.02,8.60,,,,
1034,08/15/2023 16:55:00,20.60,-99.57,8.61,,,,
1035,08/15/2023 17:00:00,20.53,-99.36,8.61,,,,
1036,08/15/2023 17:05:00,20.46,-98.92,8.60,,,,
1037,08/15/2023 17:10:00,20.41,-98.80,8.60,,,,
1038,08/15/2023 17:15:00,20.39,-98.69,8.60,,,,
1039,08/15/2023 17:20:00,20.25,-98.02,8.59,,,,
1040,08/15/2023 17:25:00,20.17,-97.71,8.58,,,,
1041,08/15/2023 17:30:00,20.10,-97.42,8.58,,,,
1042,08/15/2023 17:35:00,20.08,-97.60,8.58,,,,
1043,08/15/2023 17:40:00,20.01,-97.11,8.57,,,,
1044,08/15/2023 17:45:00,19.96,-96.91,8.57,,,,
1045,08/15/2023 17:50:00,19.84,-95.88,8.55,,,,
1046,08/15/2023 17:55:00,19.84,-96.14,8.56,,,,
1047,08/15/2023 18:00:00,19.75,-95.58,8.55,,,,
1048,08/15/2023 18:05:00,19.70,-95.10,8.54,,,,
1049,08/15/2023 18:10:00,19.67,-94.85,8.54,,,,
1050,08/15/2023 18:15:00,19.60,-94.30,8.53,,,,
1051,08/15/2023 18:20:00,19.60,-94.41,8.53,,,,
1052,08/15/2023 18:25:00,19.51,-93.28,8.51,,,,
1053,08/15/2023 18:30:00,19.46,-93.96,8.52,,,,
1054,08/15/2023 18:35:00,19.25,-91.44,8.48,,,,
1055,08/15/2023 18:40:00,18.98,-89.77,8.45,,,,
1056,08/15/2023 18:45:00,19.22,-92.52,8.50,,,,
1057,08/15/2023 18:50:00,19.08,-90.88,8.47,,,,
1058,08/15/2023 18:55:00,18.87,-89.00,8.44,,,,
1059,08/15/2023 19:00:00,19.06,-91.24,8.48,,,,
1060,08/15/2023 19:05:00,18.96,-89.02,8.44,,,,
1061,08/15/2023 19:10:00,18.96,-89.91,8.45,,,,
1062,08/15/2023 19:15:00,18.84,-89.02,8.44,,,,
1063,08/15/2023 19:20:00,18.75,-88.52,8.43,,,,
1064,08/15/2023 19:25:00,18.70,-88.25,8.43,,,,
1065,08/15/2023 19:30:00,18.70,-88.10,8.42,,,,
1066,08/15/2023 19:35:00,19.03,-90.08,8.46,,,,
1067,08/15/2023 19:40:00,19.13,-90.57,8.46,,,,
1068,08/15/2023 19:45:00,19.15,-91.33,8.48,,,,
1069,08/15/2023 19:50:00,18.82,-88.72,8.43,,,,
1070,08/15/2023 19:55:00,19.01,-89.41,8.44,,,,
1071,08/15/2023 20:00:00,19.03,-89.10,8.44,,,,
1072,08/15/2023 20:05:00,18.91,-88.39,8.43,,,,
1073,08/15/2023 20:10:00,18.77,-87.97,8.42,,,,
1074,08/15/2023 20:15:00,19.03,-89.69,8.45,,,,
1075,08/15/2023 20:20:00,18.94,-88.39,8.43,,,,
1076,08/15/2023 20:25:00,18.72,-87.07,8.41,,,,
1077,08/15/2023 20:30:00,18.60,-86.49,8.40,,,,
1078,08/15/2023 20:35:00,18.49,-86.03,8.39,,,,
1079,08/15/2023 20:40:00,18.46,-86.02,8.39,,,,
1080,08/15/2023 20:45:00,18.32,-84.58,8.36,,,,
1081,08/15/2023 20:50:00,18.53,-86.35,8.39,,,,
1082,08/15/2023 20:55:00,18.39,-84.49,8.36,,,,
1083,08/15/2023 21:00:00,18.53,-85.28,8.38,,,,
1084,08/15/2023 21:05:00,18.30,-84.00,8.35,,,,
1085,08/15/2023 21:10:00,18.30,-83.99,8.35,,,,
1086,08/15/2023 21:15:00,18.51,-85.05,8.37,,,,
1087,08/15/2023 21:20:00,18.51,-84.42,8.36,,,,
1088,08/15/2023 21:25:00,18.58,-85.21,8.37,,,,
1089,08/15/2023 21:30:00,18.65,-85.49,8.38,,,,
1090,08/15/2023 21:35:00,18.46,-84.46,8.36,,,,
1091,08/15/2023 21:40:00,18.01,-82.10,8.32,,,,
1092,08/15/2023 21:45:00,18.13,-82.92,8.34,,,,
1093,08/15/2023 21:50:00,18.18,-82.61,8.33,,,,
1094,08/15/2023 21:55:00,18.18,-82.41,8.33,,,,
1095,08/15/2023 22:00:00,18.25,-82.58,8.33,,,,
1096,08/15/2023 22:05:00,18.01,-81.41,8.31,,,,
1097,08/15/2023 22:10:00,17.96,-81.11,8.30,,,,
1098,08/15/2023 22:15:00,18.13,-81.89,8.32,,,,
1099,08/15/2023 22:20:00,18.01,-80.92,8.30,,,,
1100,08/15/2023 22:25:00,18.01,-80.77,8.30,,,,
1101,08/15/2023 22:30:00,17.91,-80.47,8.29,,,,
1102,08/15/2023 22:35:00,17.91,-80.58,8.30,,,,
1103,08/15/2023 22:40:00,17.94,-80.60,8.30,,,,
1104,08/15/2023 22:45:00,17.94,-80.47,8.29,,,,
1105,08/15/2023 22:50:00,17.94,-80.14,8.29,,,,
1106,08/15/2023 22:55:00,17.96,-80.13,8.29,,,,
1107,08/15/2023 23:00:00,17.89,-79.61,8.28,,,,
1108,08/15/2023 23:05:00,17.84,-79.36,8.27,,,,
1109,08/15/2023 23:10:00,17.65,-78.53,8.26,,,,
1110,08/15/2023 23:15:00,17.84,-79.19,8.27,,,,
1111,08/15/2023 23:20:00,18.06,-79.33,8.27,,,,
1112,08/15/2023 23:25:00,17.89,-79.11,8.27,,,,
1113,08/15/2023 23:30:00,17.89,-79.10,8.27,,,,
1114,08/15/2023 23:35:00,17.65,-78.38,8.26,,,,
1115,08/15/2023 23:40:00,17.39,-77.74,8.25,,,,
1116,08/15/2023 23:45:00,17.01,-76.96,8.24,,,,
1117,08/15/2023 23:50:00,17.42,-78.46,8.26,,,,
1118,08/15/2023 23:55:00,17.34,-77.74,8.25,,,,
1119,08/16/2023 00:00:00,17.22,-77.19,8.24,,,,
1120,08/16/2023 00:05:00,17.22,-76.99,8.24,,,,
1121,08/16/2023 00:10:00,17.15,-76.74,8.23,,,,
1122,08/16/2023 00:15:00,17.11,-76.50,8.23,,,,
1123,08/16/2023 00:20:00,17.13,-76.46,8.23,,,,
1124,08/16/2023 00:25:00,17.25,-76.53,8.23,,,,
1125,08/16/2023 00:30:00,17.15,-76.35,8.22,,,,
1126,08/16/2023 00:35:00,17.22,-76.38,8.22,,,,
1127,08/16/2023 00:40:00,17.25,-76.21,8.22,,,,
1128,08/16/2023 00:45:00,17.15,-75.92,8.22,,,,
1129,08/16/2023 00:50:00,16.96,-75.25,8.21,,,,
1130,08/16/2023 00:55:00,16.92,-75.10,8.20,,,,
1131,08/16/2023 01:00:00,16.99,-75.11,8.20,,,,
1132,08/16/2023 01:05:00,17.06,-74.89,8.20,,,,
1133,08/16/2023 01:10:00,17.06,-74.58,8.19,,,,
1134,08/16/2023 01:15:00,17.01,-74.31,8.19,,,,
1135,08/16/2023 01:20:00,16.99,-73.99,8.18,,,,
1136,08/16/2023 01:25:00,16.99,-73.69,8.18,,,,
1137,08/16/2023 01:30:00,16.99,-73.44,8.17,,,,
1138,08/16/2023 01:35:00,16.99,-72.99,8.17,,,,
1139,08/16/2023 01:40:00,17.01,-72.35,8.15,,,,
1140,08/16/2023 01:45:00,17.01,-71.96,8.15,,,,
1141,08/16/2023 01:50:00,17.03,-71.39,8.14,,,,
1142,08/16/2023 01:55:00,17.06,-71.52,8.14,,,,
1143,08/16/2023 02:00:00,17.08,-71.36,8.14,,,,
1144,08/16/2023 02:05:00,17.08,-71.13,8.13,,,,
1145,08/16/2023 02:10:00,17.11,-70.56,8.12,,,,
1146,08/16/2023 02:15:00,17.13,-70.24,8.12,,,,
1147,08/16/2023 02:20:00,17.13,-70.03,8.11,,,,
1148,08/16/2023 02:25:00,17.15,-69.72,8.11,,,,
1149,08/16/2023 02:30:00,17.18,-69.67,8.11,,,,
1150,08/16/2023 02:35:00,17.20,-69.58,8.11,,,,
1151,08/16/2023 02:40:00,17.20,-69.35,8.10,,,,
1152,08/16/2023 02:45:00,17.22,-69.19,8.10,,,,
1153,08/16/2023 02:50:00,17.25,-68.77,8.09,,,,
1154,08/16/2023 02:55:00,17.27,-68.50,8.09,,,,
1155,08/16/2023 03:00:00,17.27,-68.22,8.08,,,,
1156,08/16/2023 03:05:00,17.30,-67.91,8.08,,,,
1157,08/16/2023 03:10:00,17.32,-67.69,8.07,,,,
1158,08/16/2023 03:15:00,17.34,-67.36,8.07,,,,
1159,08/16/2023 03:20:00,17.34,-66.83,8.06,,,,
1160,08/16/2023 03:25:00,17.37,-66.33,8.05,,,,
1161,08/16/2023 03:30:00,17.39,-66.02,8.04,,,,
1162,08/16/2023 03:35:00,17.39,-65.27,8.03,,,,
1163,08/16/2023 03:40:00,17.42,-64.50,8.02,,,,
1164,08/16/2023 03:45:00,17.44,-64.28,8.01,,,,
1165,08/16/2023 03:50:00,17.44,-64.58,8.02,,,,
1166,08/16/2023 03:55:00,17.46,-64.56,8.02,,,,
1167,08/16/2023 04:00:00,17.49,-64.46,8.01,,,,
1168,08/16/2023 04:05:00,17.46,-64.22,8.01,,,,
1169,08/16/2023 04:10:00,17.49,-63.11,7.99,,,,
1170,08/16/2023 04:15:00,17.46,-62.69,7.98,,,,
1171,08/16/2023 04:20:00,17.49,-62.99,7.99,,,,
1172,08/16/2023 04:25:00,17.49,-63.08,7.99,,,,
1173,08/16/2023 04:30:00,17.51,-62.88,7.99,,,,
1174,08/16/2023 04:35:00,17.53,-62.81,7.99,,,,
1175,08/16/2023 04:40:00,17.53,-62.33,7.98,,,,
1176,08/16/2023 04:45:00,17.53,-61.94,7.97,,,,
1177,08/16/2023 04:50:00,17.53,-61.72,7.97,,,,
1178,08/16/2023 04:55:00,17.53,-61.63,7.96,,,,
1179,08/16/2023 05:00:00,17.53,-61.56,7.96,,,,
1180,08/16/2023 05:05:00,17.53,-61.31,7.96,,,,
1181,08/16/2023 05:10:00,17.56,-60.75,7.95,,,,
1182,08/16/2023 05:15:00,17.56,-60.56,7.95,,,,
1183,08/16/2023 05:20:00,17.58,-60.39,7.94,,,,
1184,08/16/2023 05:25:00,17.58,-60.06,7.94,,,,
1185,08/16/2023 05:30:00,17.58,-59.99,7.94,,,,
1186,08/16/2023 05:35:00,17.61,-59.78,7.93,,,,
1187,08/16/2023 05:40:00,17.61,-59.58,7.93,,,,
1188,08/16/2023 05:45:00,17.61,-59.36,7.92,,,,
1189,08/16/2023 05:50:00,17.61,-59.20,7.92,,,,
1190,08/16/2023 05:55:00,17.63,-59.11,7.92,,,,
1191,08/16/2023 06:00:00,17.63,-59.10,7.92,,,,
1192,08/16/2023 06:05:00,17.65,-58.92,7.92,,,,
1193,08/16/2023 06:10:00,17.65,-58.80,7.91,,,,
1194,08/16/2023 06:15:00,17.63,-58.74,7.91,,,,
1195,08/16/2023 06:20:00,17.65,-58.35,7.91,,,,
1196,08/16/2023 06:25:00,17.65,-58.08,7.90,,,,
1197,08/16/2023 06:30:00,17.65,-57.61,7.89,,,,
1198,08/16/2023 06:35:00,17.65,-57.31,7.89,,,,
1199,08/16/2023 06:40:00,17.65,-57.25,7.89,,,,
1200,08/16/2023 06:45:00,17.65,-56.75,7.88,,,,
1201,08/16/2023 06:50:00,17.65,-56.24,7.87,,,,
1202,08/16/2023 06:55:00,17.68,-55.85,7.86,,,,
1203,08/16/2023 07:00:00,17.68,-55.61,7.86,,,,
1204,08/16/2023 07:05:00,17.68,-55.35,7.85,,,,
1205,08/16/2023 07:10:00,17.68,-55.05,7.85,,,,
1206,08/16/2023 07:15:00,17.68,-54.81,7.84,,,,
1207,08/16/2023 07:20:00,17.68,-54.25,7.84,,,,
1208,08/16/2023 07:25:00,17.70,-54.02,7.83,,,,
1209,08/16/2023 07:30:00,17.72,-54.03,7.83,,,,
1210,08/16/2023 07:35:00,17.72,-53.89,7.83,,,,
1211,08/16/2023 07:40:00,17.75,-54.20,7.83,,,,
1212,08/16/2023 07:45:00,17.72,-56.38,7.87,,,,
1213,08/16/2023 07:50:00,17.63,-62.25,7.98,,,,
1214,08/16/2023 07:55:00,17.32,-68.28,8.08,,,,
1215,08/16/2023 08:00:00,17.15,-69.10,8.10,,,,
1216,08/16/2023 08:05:00,17.11,-69.83,8.11,,,,
1217,08/16/2023 08:10:00,17.01,-69.97,8.11,,,,
1218,08/16/2023 08:15:00,16.96,-69.96,8.11,,,,
1219,08/16/2023 08:20:00,16.94,-69.92,8.11,,,,
1220,08/16/2023 08:25:00,16.96,-70.30,8.12,,,,
1221,08/16/2023 08:30:00,16.96,-70.86,8.13,,,,
1222,08/16/2023 08:35:00,16.92,-71.27,8.14,,,,
1223,08/16/2023 08:40:00,16.94,-71.55,8.14,,,,
1224,08/16/2023 08:45:00,16.92,-72.02,8.15,,,,
1225,08/16/2023 08:50:00,16.92,-72.22,8.15,,,,
1226,08/16/2023 08:55:00,16.89,-72.56,8.16,,,,
1227,08/16/2023 09:00:00,16.80,-72.85,8.16,,,,
1228,08/16/2023 09:05:00,16.82,-73.08,8.17,,,,
1229,08/16/2023 09:10:00,16.84,-73.53,8.18,,,,
1230,08/16/2023 09:15:00,16.75,-73.86,8.18,,,,
1231,08/16/2023 09:20:00,16.68,-73.89,8.18,,,,
1232,08/16/2023 09:25:00,16.68,-74.16,8.19,,,,
1233,08/16/2023 09:30:00,16.68,-74.38,8.19,,,,
1234,08/16/2023 09:35:00,16.77,-74.94,8.20,,,,
1235,08/16/2023 09:40:00,16.82,-75.72,8.22,,,,
1236,08/16/2023 09:45:00,16.75,-76.00,8.22,,,,
1237,08/16/2023 09:50:00,16.72,-76.10,8.22,,,,
1238,08/16/2023 09:55:00,16.70,-76.31,8.23,,,,
1239,08/16/2023 10:00:00,16.77,-76.86,8.24,,,,
1240,08/16/2023 10:05:00,16.92,-77.89,8.25,,,,
1241,08/16/2023 10:10:00,16.77,-77.64,8.25,,,,
1242,08/16/2023 10:15:00,16.82,-78.03,8.26,,,,
1243,08/16/2023 10:20:00,16.75,-78.08,8.26,,,,
1244,08/16/2023 10:25:00,16.82,-78.55,8.26,,,,
1245,08/16/2023 10:30:00,16.92,-79.08,8.27,,,,
1246,08/16/2023 10:35:00,16.75,-78.66,8.27,,,,
1247,08/16/2023 10:40:00,16.75,-79.05,8.27,,,,
1248,08/16/2023 10:45:00,16.92,-79.72,8.28,,,,
1249,08/16/2023 10:50:00,16.92,-79.85,8.29,,,,
1250,08/16/2023 10:55:00,17.03,-80.53,8.30,,,,
1251,08/16/2023 11:00:00,16.99,-80.77,8.30,,,,
1252,08/16/2023 11:05:00,16.84,-80.55,8.30,,,,
1253,08/16/2023 11:10:00,16.87,-80.58,8.30,,,,
1254,08/16/2023 11:15:00,16.92,-80.92,8.31,,,,
1255,08/16/2023 11:20:00,17.06,-81.61,8.32,,,,
1256,08/16/2023 11:25:00,16.96,-81.69,8.32,,,,
1257,08/16/2023 11:30:00,17.13,-82.46,8.33,,,,
1258,08/16/2023 11:35:00,17.08,-82.60,8.33,,,,
1259,08/16/2023 11:40:00,17.22,-82.99,8.34,,,,
1260,08/16/2023 11:45:00,17.11,-83.14,8.34,,,,
1261,08/16/2023 11:50:00,17.25,-83.75,8.35,,,,
1262,08/16/2023 11:55:00,17.27,-83.85,8.36,,,,
1263,08/16/2023 12:00:00,17.27,-84.11,8.36,,,,
1264,08/16/2023 12:05:00,17.27,-84.08,8.36,,,,
1265,08/16/2023 12:10:00,17.30,-84.41,8.37,,,,
1266,08/16/2023 12:15:00,17.34,-84.99,8.38,,,,
1267,08/16/2023 12:20:00,17.34,-85.00,8.38,,,,
1268,08/16/2023 12:25:00,17.56,-85.78,8.39,,,,
1269,08/16/2023 12:30:00,17.51,-86.42,8.40,,,,
1270,08/16/2023 12:35:00,17.53,-86.64,8.40,,,,
1271,08/16/2023 12:40:00,17.61,-86.86,8.41,,,,
1272,08/16/2023 12:45:00,17.72,-87.49,8.42,,,,
1273,08/16/2023 12:50:00,17.65,-87.44,8.42,,,,
1274,08/16/2023 12:55:00,17.75,-87.82,8.42,,,,
1275,08/16/2023 13:00:00,17.91,-88.46,8.43,,,,
1276,08/16/2023 13:05:00,17.94,-88.94,8.44,,,,
1277,08/16/2023 13:10:00,18.06,-89.36,8.45,,,,
1278,08/16/2023 13:15:00,18.18,-90.02,8.46,,,,
1279,08/16/2023 13:20:00,18.22,-90.30,8.46,,,,
1280,08/16/2023 13:25:00,18.27,-90.58,8.47,,,,
1281,08/16/2023 13:30:00,18.25,-90.53,8.47,,,,
1282,08/16/2023 13:35:00,18.34,-91.05,8.48,,,,
1283,08/16/2023 13:40:00,18.41,-91.21,8.48,,,,
1284,08/16/2023 13:45:00,18.46,-91.83,8.49,,,,
1285,08/16/2023 13:50:00,18.51,-92.02,8.49,,,,
1286,08/16/2023 13:55:00,18.65,-92.25,8.50,,,,
1287,08/16/2023 14:00:00,18.70,-92.72,8.50,,,,
1288,08/16/2023 14:05:00,18.75,-93.22,8.51,,,,
1289,08/16/2023 14:10:00,18.60,-92.86,8.51,,,,
1290,08/16/2023 14:15:00,18.79,-93.82,8.52,,,,
1291,08/16/2023 14:20:00,18.89,-94.02,8.53,,,,
1292,08/16/2023 14:25:00,18.98,-94.33,8.53,,,,
1293,08/16/2023 14:30:00,18.91,-94.49,8.53,,,,
1294,08/16/2023 14:35:00,19.08,-94.75,8.54,,,,
1295,08/16/2023 14:40:00,19.17,-95.33,8.55,,,,
1296,08/16/2023 14:45:00,19.10,-95.11,8.54,,,,
1297,08/16/2023 14:50:00,19.13,-95.33,8.55,,,,
1298,08/16/2023 14:55:00,19.25,-95.74,8.55,,,,
1299,08/16/2023 15:00:00,19.32,-96.03,8.56,,,,
1300,08/16/2023 15:05:00,19.37,-96.25,8.56,,,,
1301,08/16/2023 15:10:00,19.34,-96.13,8.56,,,,
1302,08/16/2023 15:15:00,19.37,-96.39,8.56,,,,
1303,08/16/2023 15:20:00,19.48,-96.83,8.57,,,,
1304,08/16/2023 15:25:00,19.60,-97.35,8.58,,,,
1305,08/16/2023 15:30:00,19.67,-97.63,8.58,,,,
1306,08/16/2023 15:35:00,19.77,-97.82,8.59,,,,
1307,08/16/2023 15:40:00,19.79,-97.64,8.58,,,,
1308,08/16/2023 15:45:00,19.89,-98.00,8.59,,,,
1309,08/16/2023 15:50:00,19.91,-98.14,8.59,,,,
1310,08/16/2023 15:55:00,19.89,-98.52,8.60,,,,
1311,08/16/2023 16:00:00,19.82,-98.75,8.60,,,,
1312,08/16/2023 16:05:00,19.82,-98.53,8.60,,,,
1313,08/16/2023 16:10:00,19.84,-98.55,8.60,,,,
1314,08/16/2023 16:15:00,19.84,-98.86,8.61,,,,
1315,08/16/2023 16:20:00,19.86,-98.88,8.61,,,,
1316,08/16/2023 16:25:00,19.86,-99.08,8.61,,,,
1317,08/16/2023 16:30:00,19.86,-99.25,8.61,,,,
1318,08/16/2023 16:35:00,19.79,-99.32,8.61,,,,
1319,08/16/2023 16:40:00,19.65,-99.32,8.61,,,,
1320,08/16/2023 16:45:00,19.48,-99.27,8.61,,,,
1321,08/16/2023 16:50:00,19.44,-99.11,8.61,,,,
1322,08/16/2023 16:55:00,19.39,-99.41,8.62,,,,
1323,08/16/2023 17:00:00,19.39,-99.49,8.62,,,,
1324,08/16/2023 17:05:00,19.34,-99.46,8.62,,,,
1325,08/16/2023 17:10:00,19.25,-99.16,8.61,,,,
1326,08/16/2023 17:15:00,19.20,-99.19,8.61,,,,
1327,08/16/2023 17:20:00,19.06,-98.71,8.61,,,,
1328,08/16/2023 17:25:00,19.01,-98.85,8.61,,,,
1329,08/16/2023 17:30:00,18.96,-98.27,8.60,,,,
1330,08/16/2023 17:35:00,18.91,-98.14,8.60,,,,
1331,08/16/2023 17:40:00,18.96,-98.63,8.61,,,,
1332,08/16/2023 17:45:00,18.91,-98.42,8.60,,,,
1333,08/16/2023 17:50:00,18.89,-98.08,8.60,,,,
1334,08/16/2023 17:55:00,18.84,-97.80,8.59,,,,
1335,08/16/2023 18:00:00,18.82,-97.74,8.59,,,,
1336,08/16/2023 18:05:00,18.77,-97.47,8.59,,,,
1337,08/16/2023 18:10:00,18.77,-97.46,8.59,,,,
1338,08/16/2023 18:15:00,18.68,-97.07,8.58,,,,
1339,08/16/2023 18:20:00,18.65,-96.94,8.58,,,,
1340,08/16/2023 18:25:00,18.53,-96.32,8.57,,,,
1341,08/16/2023 18:30:00,18.37,-95.11,8.55,,,,
1342,08/16/2023 18:35:00,18.44,-95.47,8.55,,,,
1343,08/16/2023 18:40:00,18.44,-95.41,8.55,,,,
1344,08/16/2023 18:45:00,18.37,-94.88,8.54,,,,
1345,08/16/2023 18:50:00,18.32,-94.49,8.54,,,,
1346,08/16/2023 18:55:00,18.32,-94.60,8.54,,,,
1347,08/16/2023 19:00:00,18.30,-94.39,8.54,,,,
1348,08/16/2023 19:05:00,18.25,-93.64,8.52,,,,
1349,08/16/2023 19:10:00,18.06,-92.42,8.50,,,,
1350,08/16/2023 19:15:00,18.08,-92.25,8.50,,,,
1351,08/16/2023 19:20:00,17.96,-91.38,8.48,,,,
1352,08/16/2023 19:25:00,18.03,-92.02,8.50,,,,
1353,08/16/2023 19:30:00,18.30,-94.21,8.53,,,,
1354,08/16/2023 19:35:00,18.01,-91.92,8.49,,,,
1355,08/16/2023 19:40:00,18.27,-94.02,8.53,,,,
1356,08/16/2023 19:45:00,18.03,-92.22,8.50,,,,
1357,08/16/2023 19:50:00,17.89,-90.69,8.47,,,,
1358,08/16/2023 19:55:00,17.72,-88.88,8.44,,,,
1359,08/16/2023 20:00:00,17.75,-88.44,8.43,,,,
1360,08/16/2023 20:05:00,17.13,-85.74,8.39,,,,
1361,08/16/2023 20:10:00,17.13,-85.99,8.39,,,,
1362,08/16/2023 20:15:00,16.99,-86.10,8.40,,,,
1363,08/16/2023 20:20:00,17.22,-86.89,8.41,,,,
1364,08/16/2023 20:25:00,17.75,-90.85,8.48,,,,
1365,08/16/2023 20:30:00,17.46,-87.92,8.43,,,,
1366,08/16/2023 20:35:00,17.32,-87.94,8.43,,,,
1367,08/16/2023 20:40:00,16.99,-84.53,8.37,,,,
1368,08/16/2023 20:45:00,16.94,-84.69,8.37,,,,
1369,08/16/2023 20:50:00,17.06,-85.60,8.39,,,,
1370,08/16/2023 20:55:00,16.87,-83.64,8.35,,,,
1371,08/16/2023 21:00:00,17.34,-87.11,8.41,,,,
1372,08/16/2023 21:05:00,17.25,-85.41,8.38,,,,
1373,08/16/2023 21:10:00,16.84,-83.32,8.35,,,,
1374,08/16/2023 21:15:00,16.87,-82.77,8.34,,,,
1375,08/16/2023 21:20:00,17.01,-84.32,8.37,,,,
1376,08/16/2023 21:25:00,16.75,-81.52,8.32,,,,
1377,08/16/2023 21:30:00,16.49,-80.61,8.30,,,,
1378,08/16/2023 21:35:00,16.80,-83.21,8.35,,,,
1379,08/16/2023 21:40:00,17.06,-84.17,8.36,,,,
1380,08/16/2023 21:45:00,16.61,-80.67,8.30,,,,
1381,08/16/2023 21:50:00,16.65,-81.38,8.32,,,,
1382,08/16/2023 21:55:00,16.80,-82.35,8.33,,,,
1383,08/16/2023 22:00:00,16.63,-80.67,8.30,,,,
1384,08/16/2023 22:05:00,16.68,-81.39,8.32,,,,
1385,08/16/2023 22:10:00,16.75,-81.02,8.31,,,,
1386,08/16/2023 22:15:00,16.63,-80.10,8.29,,,,
1387,08/16/2023 22:20:00,16.39,-79.03,8.28,,,,
1388,08/16/2023 22:25:00,16.61,-80.53,8.30,,,,
1389,08/16/2023 22:30:00,16.30,-79.05,8.28,,,,
1390,08/16/2023 22:35:00,16.44,-79.56,8.28,,,,
1391,08/16/2023 22:40:00,16.30,-79.27,8.28,,,,
1392,08/16/2023 22:45:00,16.30,-79.10,8.28,,,,
1393,08/16/2023 22:50:00,16.20,-78.42,8.27,,,,
1394,08/16/2023 22:55:00,16.27,-77.86,8.26,,,,
1395,08/16/2023 23:00:00,16.42,-79.27,8.28,,,,
1396,08/16/2023 23:05:00,16.61,-79.42,8.28,,,,
1397,08/16/2023 23:10:00,16.13,-77.89,8.26,,,,
1398,08/16/2023 23:15:00,16.27,-78.42,8.27,,,,
1399,08/16/2023 23:20:00,16.25,-77.94,8.26,,,,
1400,08/16/2023 23:25:00,16.22,-77.89,8.26,,,,
1401,08/16/2023 23:30:00,16.32,-77.88,8.26,,,,
1402,08/16/2023 23:35:00,16.22,-77.56,8.25,,,,
1403,08/16/2023 23:40:00,16.39,-78.08,8.26,,,,
1404,08/16/2023 23:45:00,16.25,-77.66,8.25,,,,
1405,08/16/2023 23:50:00,16.44,-78.06,8.26,,,,
1406,08/16/2023 23:55:00,16.39,-77.99,8.26,,,,
1407,08/17/2023 00:00:00,16.30,-77.53,8.25,,,,
1408,08/17/2023 00:05:00,16.37,-77.55,8.25,,,,
1409,08/17/2023 00:10:00,16.27,-76.97,8.24,,,,
1410,08/17/2023 00:15:00,16.30,-77.06,8.24,,,,
1411,08/17/2023 00:20:00,16.39,-77.05,8.24,,,,
1412,08/17/2023 00:25:00,16.15,-76.31,8.23,,,,
1413,08/17/2023 00:30:00,16.22,-76.49,8.23,,,,
1414,08/17/2023 00:35:00,16.20,-76.25,8.23,,,,
1415,08/17/2023 00:40:00,16.08,-75.92,8.22,,,,
1416,08/17/2023 00:45:00,16.11,-76.03,8.22,,,,
1417,08/17/2023 00:50:00,16.08,-75.89,8.22,,,,
1418,08/17/2023 00:55:00,15.99,-75.49,8.21,,,,
1419,08/17/2023 01:00:00,15.99,-75.50,8.21,,,,
1420,08/17/2023 01:05:00,16.01,-75.35,8.21,,,,
1421,08/17/2023 01:10:00,16.08,-75.31,8.21,,,,
1422,08/17/2023 01:15:00,16.08,-75.30,8.21,,,,
1423,08/17/2023 01:20:00,16.06,-75.00,8.21,,,,
1424,08/17/2023 01:25:00,16.06,-74.91,8.20,,,,
1425,08/17/2023 01:30:00,16.11,-74.81,8.20,,,,
1426,08/17/2023 01:35:00,16.06,-74.44,8.20,,,,
1427,08/17/2023 01:40:00,16.01,-74.00,8.19,,,,
1428,08/17/2023 01:45:00,16.01,-73.80,8.18,,,,
1429,08/17/2023 01:50:00,16.06,-73.56,8.18,,,,
1430,08/17/2023 01:55:00,16.01,-73.13,8.17,,,,
1431,08/17/2023 02:00:00,15.91,-72.74,8.17,,,,
1432,08/17/2023 02:05:00,15.91,-72.38,8.16,,,,
1433,08/17/2023 02:10:00,15.94,-72.17,8.16,,,,
1434,08/17/2023 02:15:00,15.94,-72.08,8.15,,,,
1435,08/17/2023 02:20:00,15.96,-71.89,8.15,,,,
1436,08/17/2023 02:25:00,15.99,-71.75,8.15,,,,
1437,08/17/2023 02:30:00,16.01,-71.67,8.15,,,,
1438,08/17/2023 02:35:00,16.03,-71.53,8.14,,,,
1439,08/17/2023 02:40:00,16.06,-71.33,8.14,,,,
1440,08/17/2023 02:45:00,16.06,-71.10,8.14,,,,
1441,08/17/2023 02:50:00,16.08,-70.92,8.13,,,,
1442,08/17/2023 02:55:00,16.11,-70.77,8.13,,,,
1443,08/17/2023 03:00:00,16.11,-70.61,8.13,,,,
1444,08/17/2023 03:05:00,16.13,-70.38,8.12,,,,
1445,08/17/2023 03:10:00,16.15,-70.14,8.12,,,,
1446,08/17/2023 03:15:00,16.18,-69.91,8.12,,,,
1447,08/17/2023 03:20:00,16.20,-69.52,8.11,,,,
1448,08/17/2023 03:25:00,16.22,-69.22,8.10,,,,
1449,08/17/2023 03:30:00,16.22,-69.10,8.10,,,,
1450,08/17/2023 03:35:00,16.25,-68.61,8.09,,,,
1451,08/17/2023 03:40:00,16.27,-68.52,8.09,,,,
1452,08/17/2023 03:45:00,16.27,-68.52,8.09,,,,
1453,08/17/2023 03:50:00,16.30,-68.14,8.08,,,,
1454,08/17/2023 03:55:00,16.32,-67.85,8.08,,,,
1455,08/17/2023 04:00:00,16.34,-67.67,8.08,,,,
1456,08/17/2023 04:05:00,16.34,-67.36,8.07,,,,
1457,08/17/2023 04:10:00,16.37,-67.03,8.06,,,,
1458,08/17/2023 04:15:00,16.39,-66.86,8.06,,,,
1459,08/17/2023 04:20:00,16.39,-66.50,8.05,,,,
1460,08/17/2023 04:25:00,16.42,-66.05,8.05,,,,
1461,08/17/2023 04:30:00,16.44,-65.80,8.04,,,,
1462,08/17/2023 04:35:00,16.44,-65.66,8.04,,,,
1463,08/17/2023 04:40:00,16.46,-65.36,8.03,,,,
1464,08/17/2023 04:45:00,16.46,-65.13,8.03,,,,
1465,08/17/2023 04:50:00,16.49,-64.67,8.02,,,,
1466,08/17/2023 04:55:00,16.49,-64.28,8.02,,,,
1467,08/17/2023 05:00:00,16.51,-64.08,8.01,,,,
1468,08/17/2023 05:05:00,16.51,-63.88,8.01,,,,
1469,08/17/2023 05:10:00,16.53,-63.66,8.00,,,,
1470,08/17/2023 05:15:00,16.53,-63.52,8.00,,,,
1471,08/17/2023 05:20:00,16.56,-63.27,8.00,,,,
1472,08/17/2023 05:25:00,16.56,-62.89,7.99,,,,
1473,08/17/2023 05:30:00,16.58,-62.77,7.99,,,,
1474,08/17/2023 05:35:00,16.58,-62.53,7.98,,,,
1475,08/17/2023 05:40:00,16.58,-62.38,7.98,,,,
1476,08/17/2023 05:45:00,16.61,-62.28,7.98,,,,
1477,08/17/2023 05:50:00,16.61,-62.02,7.97,,,,
1478,08/17/2023 05:55:00,16.61,-61.78,7.97,,,,
1479,08/17/2023 06:00:00,16.63,-61.42,7.96,,,,
1480,08/17/2023 06:05:00,16.63,-61.03,7.96,,,,
1481,08/17/2023 06:10:00,16.65,-60.27,7.94,,,,
1482,08/17/2023 06:15:00,16.65,-59.89,7.94,,,,
1483,08/17/2023 06:20:00,16.68,-59.47,7.93,,,,
1484,08/17/2023 06:25:00,16.68,-59.30,7.93,,,,
1485,08/17/2023 06:30:00,16.68,-59.28,7.93,,,,
1486,08/17/2023 06:35:00,16.68,-59.14,7.92,,,,
1487,08/17/2023 06:40:00,16.70,-58.89,7.92,,,,
1488,08/17/2023 06:45:00,16.70,-58.66,7.92,,,,
1489,08/17/2023 06:50:00,16.72,-58.33,7.91,,,,
1490,08/17/2023 06:55:00,16.72,-58.11,7.91,,,,
1491,08/17/2023 07:00:00,16.75,-57.55,7.90,,,,
1492,08/17/2023 07:05:00,16.75,-57.08,7.89,,,,
1493,08/17/2023 07:10:00,16.77,-56.80,7.88,,,,
1494,08/17/2023 07:15:00,16.80,-56.66,7.88,,,,
1495,08/17/2023 07:20:00,16.80,-56.16,7.87,,,,
1496,08/17/2023 07:25:00,16.82,-55.91,7.87,,,,
1497,08/17/2023 07:30:00,16.84,-55.72,7.86,,,,
1498,08/17/2023 07:35:00,16.84,-55.17,7.85,,,,
1499,08/17/2023 07:40:00,16.87,-54.77,7.85,,,,
1500,08/17/2023 07:45:00,16.89,-54.58,7.84,,,,
1501,08/17/2023 07:50:00,16.89,-54.49,7.84,,,,
1502,08/17/2023 07:55:00,16.92,-55.39,7.86,,,,
1503,08/17/2023 08:00:00,16.87,-61.72,7.97,,,,
1504,08/17/2023 08:05:00,16.70,-67.44,8.07,,,,
1505,08/17/2023 08:10:00,16.49,-70.33,8.12,,,,
1506,08/17/2023 08:15:00,16.39,-72.02,8.15,,,,
1507,08/17/2023 08:20:00,16.32,-72.71,8.16,,,,
1508,08/17/2023 08:25:00,16.27,-72.74,8.16,,,,
1509,08/17/2023 08:30:00,16.22,-72.52,8.16,,,,
1510,08/17/2023 08:35:00,16.18,-72.58,8.16,,,,
1511,08/17/2023 08:40:00,16.20,-72.60,8.16,,,,
1512,08/17/2023 08:45:00,16.25,-73.08,8.17,,,,
1513,08/17/2023 08:50:00,16.22,-73.46,8.18,,,,
1514,08/17/2023 08:55:00,16.20,-73.83,8.18,,,,
1515,08/17/2023 09:00:00,16.18,-74.36,8.19,,,,
1516,08/17/2023 09:05:00,16.18,-74.69,8.20,,,,
1517,08/17/2023 09:10:00,16.18,-75.05,8.21,,,,
1518,08/17/2023 09:15:00,16.18,-75.44,8.21,,,,
1519,08/17/2023 09:20:00,16.20,-75.83,8.22,,,,
1520,08/17/2023 09:25:00,16.18,-75.99,8.22,,,,
1521,08/17/2023 09:30:00,16.18,-76.39,8.23,,,,
1522,08/17/2023 09:35:00,16.18,-76.64,8.23,,,,
1523,08/17/2023 09:40:00,16.13,-76.72,8.24,,,,
1524,08/17/2023 09:45:00,16.06,-76.69,8.24,,,,
1525,08/17/2023 09:50:00,16.20,-77.44,8.25,,,,
1526,08/17/2023 09:55:00,16.18,-77.81,8.25,,,,
1527,08/17/2023 10:00:00,16.25,-78.55,8.27,,,,
1528,08/17/2023 10:05:00,16.34,-78.99,8.27,,,,
1529,08/17/2023 10:10:00,16.34,-79.77,8.29,,,,
1530,08/17/2023 10:15:00,16.34,-80.19,8.30,,,,
1531,08/17/2023 10:20:00,16.34,-80.19,8.30,,,,
1532,08/17/2023 10:25:00,16.39,-80.46,8.30,,,,
1533,08/17/2023 10:30:00,16.49,-80.67,8.30,,,,
1534,08/17/2023 10:35:00,16.44,-81.10,8.31,,,,
1535,08/17/2023 10:40:00,16.44,-80.96,8.31,,,,
1536,08/17/2023 10:45:00,16.42,-81.17,8.31,,,,
1537,08/17/2023 10:50:00,16.53,-81.33,8.32,,,,
1538,08/17/2023 10:55:00,16.58,-82.07,8.33,,,,
1539,08/17/2023 11:00:00,16.65,-82.50,8.34,,,,
1540,08/17/2023 11:05:00,16.61,-83.07,8.35,,,,
1541,08/17/2023 11:10:00,16.58,-82.97,8.34,,,,
1542,08/17/2023 11:15:00,16.63,-83.19,8.35,,,,
1543,08/17/2023 11:20:00,16.68,-83.67,8.36,,,,
1544,08/17/2023 11:25:00,16.63,-83.75,8.36,,,,
1545,08/17/2023 11:30:00,16.70,-84.03,8.36,,,,
1546,08/17/2023 11:35:00,16.77,-84.57,8.37,,,,
1547,08/17/2023 11:40:00,16.87,-84.96,8.38,,,,
1548,08/17/2023 11:45:00,16.99,-85.39,8.38,,,,
1549,08/17/2023 11:50:00,16.96,-85.72,8.39,,,,
1550,08/17/2023 11:55:00,17.06,-86.07,8.40,,,,
1551,08/17/2023 12:00:00,16.96,-85.82,8.39,,,,
1552,08/17/2023 12:05:00,17.01,-86.02,8.40,,,,
1553,08/17/2023 12:10:00,17.15,-86.05,8.40,,,,
1554,08/17/2023 12:15:00,17.15,-86.61,8.41,,,,
1555,08/17/2023 12:20:00,17.25,-86.85,8.41,,,,
1556,08/17/2023 12:25:00,17.18,-86.99,8.41,,,,
1557,08/17/2023 12:30:00,17.30,-87.22,8.41,,,,
1558,08/17/2023 12:35:00,17.32,-87.50,8.42,,,,
1559,08/17/2023 12:40:00,17.32,-87.71,8.42,,,,
1560,08/17/2023 12:45:00,17.25,-87.58,8.42,,,,
1561,08/17/2023 12:50:00,17.39,-87.91,8.43,,,,
1562,08/17/2023 12:55:00,17.44,-88.25,8.43,,,,
1563,08/17/2023 13:00:00,17.51,-88.78,8.44,,,,
1564,08/17/2023 13:05:00,17.58,-89.11,8.45,,,,
1565,08/17/2023 13:10:00,17.65,-89.64,8.46,,,,
1566,08/17/2023 13:15:00,17.65,-90.05,8.46,,,,
1567,08/17/2023 13:20:00,17.77,-90.16,8.46,,,,
1568,08/17/2023 13:25:00,17.70,-90.03,8.46,,,,
1569,08/17/2023 13:30:00,17.77,-90.24,8.47,,,,
1570,08/17/2023 13:35:00,17.89,-90.85,8.48,,,,
1571,08/17/2023 13:40:00,18.08,-91.74,8.49,,,,
1572,08/17/2023 13:45:00,18.06,-91.97,8.49,,,,
1573,08/17/2023 13:50:00,18.10,-92.03,8.50,,,,
1574,08/17/2023 13:55:00,18.22,-92.21,8.50,,,,
1575,08/17/2023 14:00:00,18.27,-93.38,8.52,,,,
1576,08/17/2023 14:05:00,18.34,-93.11,8.51,,,,
1577,08/17/2023 14:10:00,18.46,-93.38,8.52,,,,
1578,08/17/2023 14:15:00,18.58,-93.91,8.53,,,,
1579,08/17/2023 14:20:00,18.53,-94.24,8.53,,,,
1580,08/17/2023 14:25:00,18.56,-94.28,8.53,,,,
1581,08/17/2023 14:30:00,18.65,-94.17,8.53,,,,
1582,08/17/2023 14:35:00,18.68,-94.39,8.53,,,,
1583,08/17/2023 14:40:00,18.75,-94.91,8.54,,,,
1584,08/17/2023 14:45:00,18.79,-94.91,8.54,,,,
1585,08/17/2023 14:50:00,18.94,-95.35,8.55,,,,
1586,08/17/2023 14:55:00,18.98,-95.69,8.55,,,,
1587,08/17/2023 15:00:00,19.06,-95.99,8.56,,,,
1588,08/17/2023 15:05:00,19.13,-96.57,8.57,,,,
1589,08/17/2023 15:10:00,19.13,-96.69,8.57,,,,
1590,08/17/2023 15:15:00,19.22,-96.96,8.58,,,,
1591,08/17/2023 15:20:00,19.29,-97.13,8.58,,,,
1592,08/17/2023 15:25:00,19.37,-97.33,8.58,,,,
1593,08/17/2023 15:30:00,19.41,-97.78,8.59,,,,
1594,08/17/2023 15:35:00,19.44,-97.80,8.59,,,,
1595,08/17/2023 15:40:00,19.51,-98.14,8.59,,,,
1596,08/17/2023 15:45:00,19.51,-98.05,8.59,,,,
1597,08/17/2023 15:50:00,19.53,-98.35,8.60,,,,
1598,08/17/2023 15:55:00,19.56,-98.27,8.60,,,,
1599,08/17/2023 16:00:00,19.58,-98.16,8.59,,,,
1600,08/17/2023 16:05:00,19.60,-98.19,8.59,,,,
1601,08/17/2023 16:10:00,19.60,-97.99,8.59,,,,
1602,08/17/2023 16:15:00,19.60,-97.89,8.59,,,,
1603,08/17/2023 16:20:00,19.72,-98.35,8.60,,,,
1604,08/17/2023 16:25:00,19.67,-98.25,8.60,,,,
1605,08/17/2023 16:30:00,19.75,-98.88,8.61,,,,
1606,08/17/2023 16:35:00,19.75,-98.71,8.60,,,,
1607,08/17/2023 16:40:00,19.70,-98.57,8.60,,,,
1608,08/17/2023 16:45:00,19.65,-98.36,8.60,,,,
1609,08/17/2023 16:50:00,19.67,-97.99,8.59,,,,
1610,08/17/2023 16:55:00,19.67,-97.99,8.59,,,,
1611,08/17/2023 17:00:00,19.67,-98.24,8.60,,,,
1612,08/17/2023 17:05:00,19.65,-98.32,8.60,,,,
1613,08/17/2023 17:10:00,19.60,-99.17,8.61,,,,
1614,08/17/2023 17:15:00,19.46,-99.33,8.62,,,,
1615,08/17/2023 17:20:00,19.27,-99.47,8.62,,,,
1616,08/17/2023 17:25:00,19.10,-99.53,8.62,,,,
1617,08/17/2023 17:30:00,19.03,-99.58,8.62,,,,
1618,08/17/2023 17:35:00,18.94,-99.57,8.62,,,,
1619,08/17/2023 17:40:00,18.82,-99.02,8.61,,,,
1620,08/17/2023 17:45:00,18.70,-98.55,8.61,,,,
1621,08/17/2023 17:50:00,18.68,-98.72,8.61,,,,
1622,08/17/2023 17:55:00,18.65,-98.53,8.61,,,,
1623,08/17/2023 18:00:00,18.63,-98.52,8.61,,,,
1624,08/17/2023 18:05:00,18.60,-98.30,8.60,,,,
1625,08/17/2023 18:10:00,18.53,-97.69,8.59,,,,
1626,08/17/2023 18:15:00,18.39,-96.46,8.57,,,,
1627,08/17/2023 18:20:00,18.39,-96.80,8.58,,,,
1628,08/17/2023 18:25:00,18.41,-96.99,8.58,,,,
1629,08/17/2023 18:30:00,18.46,-97.36,8.59,,,,
1630,08/17/2023 18:35:00,18.44,-97.47,8.59,,,,
1631,08/17/2023 18:40:00,18.46,-97.38,8.59,,,,
1632,08/17/2023 18:45:00,18.37,-96.80,8.58,,,,
1633,08/17/2023 18:50:00,18.30,-96.28,8.57,,,,
1634,08/17/2023 18:55:00,18.30,-96.24,8.57,,,,
1635,08/17/2023 19:00:00,18.18,-95.22,8.55,,,,
1636,08/17/2023 19:05:00,18.15,-94.89,8.55,,,,
1637,08/17/2023 19:10:00,18.15,-95.07,8.55,,,,
1638,08/17/2023 19:15:00,17.99,-93.57,8.52,,,,
1639,08/17/2023 19:20:00,17.99,-93.60,8.52,,,,
1640,08/17/2023 19:25:00,17.84,-91.96,8.50,,,,
1641,08/17/2023 19:30:00,17.84,-92.55,8.51,,,,
1642,08/17/2023 19:35:00,17.75,-91.50,8.49,,,,
1643,08/17/2023 19:40:00,17.77,-91.92,8.50,,,,
1644,08/17/2023 19:45:00,17.75,-91.63,8.49,,,,
1645,08/17/2023 19:50:00,17.72,-91.52,8.49,,,,
1646,08/17/2023 19:55:00,17.70,-91.32,8.48,,,,
1647,08/17/2023 20:00:00,17.72,-91.49,8.49,,,,
1648,08/17/2023 20:05:00,17.58,-90.05,8.46,,,,
1649,08/17/2023 20:10:00,17.56,-89.50,8.45,,,,
1650,08/17/2023 20:15:00,17.46,-89.17,8.45,,,,
1651,08/17/2023 20:20:00,17.49,-89.49,8.45,,,,
1652,08/17/2023 20:25:00,17.18,-86.72,8.41,,,,
1653,08/17/2023 20:30:00,17.20,-87.17,8.41,,,,
1654,08/17/2023 20:35:00,17.13,-86.55,8.40,,,,
1655,08/17/2023 20:40:00,17.08,-86.17,8.40,,,,
1656,08/17/2023 20:45:00,17.06,-85.91,8.39,,,,
1657,08/17/2023 20:50:00,17.25,-87.92,8.43,,,,
1658,08/17/2023 20:55:00,17.08,-85.41,8.38,,,,
1659,08/17/2023 21:00:00,17.22,-86.86,8.41,,,,
1660,08/17/2023 21:05:00,17.13,-86.35,8.40,,,,
1661,08/17/2023 21:10:00,16.94,-83.97,8.36,,,,
1662,08/17/2023 21:15:00,16.89,-84.11,8.36,,,,
1663,08/17/2023 21:20:00,16.96,-84.77,8.37,,,,
1664,08/17/2023 21:25:00,17.08,-86.46,8.40,,,,
1665,08/17/2023 21:30:00,16.92,-83.85,8.36,,,,
1666,08/17/2023 21:35:00,16.99,-84.80,8.37,,,,
1667,08/17/2023 21:40:00,17.25,-87.38,8.42,,,,
1668,08/17/2023 21:45:00,16.96,-84.57,8.37,,,,
1669,08/17/2023 21:50:00,16.84,-83.74,8.36,,,,
1670,08/17/2023 21:55:00,16.80,-83.17,8.35,,,,
1671,08/17/2023 22:00:00,16.77,-83.27,8.35,,,,
1672,08/17/2023 22:05:00,16.87,-83.69,8.35,,,,
1673,08/17/2023 22:10:00,16.80,-82.57,8.34,,,,
1674,08/17/2023 22:15:00,16.96,-84.30,8.37,,,,
1675,08/17/2023 22:20:00,17.18,-86.32,8.40,,,,
1676,08/17/2023 22:25:00,16.75,-82.67,8.34,,,,
1677,08/17/2023 22:30:00,16.82,-83.28,8.35,,,,
1678,08/17/2023 22:35:00,17.11,-84.96,8.38,,,,
1679,08/17/2023 22:40:00,16.84,-82.96,8.34,,,,
1680,08/17/2023 22:45:00,16.68,-81.74,8.32,,,,
1681,08/17/2023 22:50:00,16.80,-82.53,8.33,,,,
1682,08/17/2023 22:55:00,16.72,-81.85,8.32,,,,
1683,08/17/2023 23:00:00,16.80,-82.50,8.33,,,,
1684,08/17/2023 23:05:00,16.51,-80.24,8.30,,,,
1685,08/17/2023 23:10:00,16.70,-82.03,8.33,,,,
1686,08/17/2023 23:15:00,16.46,-80.02,8.29,,,,
1687,08/17/2023 23:20:00,16.44,-79.67,8.29,,,,
1688,08/17/2023 23:25:00,16.44,-80.02,8.29,,,,
1689,08/17/2023 23:30:00,16.68,-82.02,8.33,,,,
1690,08/17/2023 23:35:00,16.72,-82.10,8.33,,,,
1691,08/17/2023 23:40:00,16.34,-79.21,8.28,,,,
1692,08/17/2023 23:45:00,16.27,-79.31,8.28,,,,
1693,08/17/2023 23:50:00,16.30,-78.77,8.27,,,,
1694,08/17/2023 23:55:00,16.61,-81.24,8.31,,,,
1695,08/18/2023 00:00:00,16.80,-82.57,8.34,,,,
1696,08/18/2023 00:05:00,16.20,-78.75,8.27,,,,
1697,08/18/2023 00:10:00,16.49,-80.49,8.30,,,,
1698,08/18/2023 00:15:00,16.46,-79.80,8.29,,,,
1699,08/18/2023 00:20:00,16.39,-79.64,8.29,,,,
1700,08/18/2023 00:25:00,16.37,-79.25,8.28,,,,
1701,08/18/2023 00:30:00,16.25,-78.36,8.26,,,,
1702,08/18/2023 00:35:00,16.42,-79.33,8.28,,,,
1703,08/18/2023 00:40:00,16.22,-78.25,8.26,,,,
1704,08/18/2023 00:45:00,16.30,-78.52,8.27,,,,
1705,08/18/2023 00:50:00,16.15,-77.47,8.25,,,,
1706,08/18/2023 00:55:00,16.01,-76.60,8.23,,,,
1707,08/18/2023 01:00:00,16.15,-77.69,8.25,,,,
1708,08/18/2023 01:05:00,16.11,-77.36,8.25,,,,
1709,08/18/2023 01:10:00,16.15,-77.30,8.25,,,,
1710,08/18/2023 01:15:00,16.15,-77.30,8.25,,,,
1711,08/18/2023 01:20:00,16.20,-77.41,8.25,,,,
1712,08/18/2023 01:25:00,16.15,-77.00,8.24,,,,
1713,08/18/2023 01:30:00,16.13,-76.86,8.24,,,,
1714,08/18/2023 01:35:00,16.15,-76.80,8.24,,,,
1715,08/18/2023 01:40:00,16.18,-76.71,8.24,,,,
1716,08/18/2023 01:45:00,16.20,-76.78,8.24,,,,
1717,08/18/2023 01:50:00,16.20,-76.50,8.23,,,,
1718,08/18/2023 01:55:00,16.27,-76.71,8.23,,,,
1719,08/18/2023 02:00:00,16.30,-76.71,8.23,,,,
1720,08/18/2023 02:05:00,16.22,-76.08,8.22,,,,
1721,08/18/2023 02:10:00,16.18,-75.58,8.22,,,,
1722,08/18/2023 02:15:00,16.25,-75.66,8.22,,,,
1723,08/18/2023 02:20:00,16.27,-75.33,8.21,,,,
1724,08/18/2023 02:25:00,16.30,-75.05,8.21,,,,
1725,08/18/2023 02:30:00,16.30,-74.78,8.20,,,,
1726,08/18/2023 02:35:00,16.30,-74.46,8.19,,,,
1727,08/18/2023 02:40:00,16.30,-74.08,8.19,,,,
1728,08/18/2023 02:45:00,16.32,-73.97,8.19,,,,
1729,08/18/2023 02:50:00,16.34,-73.80,8.18,,,,
1730,08/18/2023 02:55:00,16.34,-73.69,8.18,,,,
1731,08/18/2023 03:00:00,16.34,-73.64,8.18,,,,
1732,08/18/2023 03:05:00,16.34,-73.46,8.18,,,,
1733,08/18/2023 03:10:00,16.34,-73.39,8.18,,,,
1734,08/18/2023 03:15:00,16.34,-73.28,8.17,,,,
1735,08/18/2023 03:20:00,16.34,-73.02,8.17,,,,
1736,08/18/2023 03:25:00,16.37,-72.81,8.17,,,,
1737,08/18/2023 03:30:00,16.37,-72.75,8.16,,,,
1738,08/18/2023 03:35:00,16.37,-72.58,8.16,,,,
1739,08/18/2023 03:40:00,16.39,-71.92,8.15,,,,
1740,08/18/2023 03:44:09,,,,Logged,Logged,,
1741,08/18/2023 03:44:12,,,,,,Logged,Logged
