#,Date-Time (PST),Ch:1 - Temperature   (Â°C),Ch:2 - Millivolts   (mv),Ch:3 - pH   (pH),Button Down,Button Up,Host Connected,End of File
1,01/09/2024 14:25:00,17.39,-82.69,8.29,,,,
2,01/09/2024 14:30:00,17.20,-81.94,8.27,,,,
3,01/09/2024 14:35:00,17.30,-83.92,8.31,,,,
4,01/09/2024 14:40:00,17.27,-81.49,8.27,,,,
5,01/09/2024 14:45:00,17.27,-81.27,8.26,,,,
6,01/09/2024 14:50:00,16.15,-75.05,8.15,,,,
7,01/09/2024 14:55:00,15.68,-79.47,8.24,,,,
8,01/09/2024 15:00:00,15.70,-78.53,8.22,,,,
9,01/09/2024 15:05:00,15.70,-74.89,8.15,,,,
10,01/09/2024 15:10:00,15.65,-72.88,8.11,,,,
11,01/09/2024 15:15:00,15.60,-71.39,8.09,,,,
12,01/09/2024 15:20:00,15.53,-70.31,8.07,,,,
13,01/09/2024 15:25:00,15.51,-69.42,8.05,,,,
14,01/09/2024 15:30:00,15.46,-68.56,8.04,,,,
15,01/09/2024 15:35:00,15.44,-68.02,8.03,,,,
16,01/09/2024 15:40:00,15.41,-67.47,8.02,,,,
17,01/09/2024 15:45:00,15.41,-66.83,8.00,,,,
18,01/09/2024 15:50:00,15.39,-66.22,7.99,,,,
19,01/09/2024 15:55:00,15.39,-65.64,7.98,,,,
20,01/09/2024 16:00:00,15.37,-65.22,7.97,,,,
21,01/09/2024 16:05:00,15.37,-64.89,7.97,,,,
22,01/09/2024 16:10:00,15.34,-64.55,7.96,,,,
23,01/09/2024 16:15:00,15.34,-64.27,7.96,,,,
24,01/09/2024 16:20:00,15.32,-64.17,7.95,,,,
25,01/09/2024 16:25:00,15.32,-63.88,7.95,,,,
26,01/09/2024 16:30:00,15.29,-63.53,7.94,,,,
27,01/09/2024 16:35:00,15.27,-63.19,7.94,,,,
28,01/09/2024 16:40:00,15.27,-62.85,7.93,,,,
29,01/09/2024 16:45:00,15.25,-62.49,7.92,,,,
30,01/09/2024 16:50:00,15.22,-62.46,7.92,,,,
31,01/09/2024 16:55:00,15.20,-62.41,7.92,,,,
32,01/09/2024 17:00:00,15.20,-62.13,7.92,,,,
33,01/09/2024 17:05:00,15.17,-61.78,7.91,,,,
34,01/09/2024 17:10:00,15.13,-61.42,7.90,,,,
35,01/09/2024 17:15:00,15.10,-61.13,7.90,,,,
36,01/09/2024 17:20:00,15.08,-60.85,7.89,,,,
37,01/09/2024 17:25:00,15.03,-60.36,7.89,,,,
38,01/09/2024 17:30:00,14.98,-59.97,7.88,,,,
39,01/09/2024 17:35:00,14.94,-59.78,7.87,,,,
40,01/09/2024 17:40:00,14.89,-59.75,7.87,,,,
41,01/09/2024 17:45:00,14.86,-59.83,7.88,,,,
42,01/09/2024 17:50:00,14.82,-60.47,7.89,,,,
43,01/09/2024 17:55:00,14.77,-60.60,7.89,,,,
44,01/09/2024 18:00:00,14.74,-61.00,7.90,,,,
45,01/09/2024 18:05:00,14.67,-61.08,7.90,,,,
46,01/09/2024 18:10:00,14.65,-61.24,7.90,,,,
47,01/09/2024 18:15:00,14.58,-61.67,7.91,,,,
48,01/09/2024 18:20:00,14.53,-61.94,7.92,,,,
49,01/09/2024 18:25:00,14.46,-63.41,7.94,,,,
50,01/09/2024 18:30:00,14.39,-65.41,7.98,,,,
51,01/09/2024 18:35:00,14.36,-66.75,8.01,,,,
52,01/09/2024 18:40:00,14.36,-66.53,8.00,,,,
53,01/09/2024 18:45:00,14.39,-67.25,8.01,,,,
54,01/09/2024 18:50:00,14.41,-67.41,8.02,,,,
55,01/09/2024 18:55:00,14.46,-62.56,7.93,,,,
56,01/09/2024 19:00:00,14.48,-62.63,7.93,,,,
57,01/09/2024 19:05:00,14.46,-65.69,7.99,,,,
58,01/09/2024 19:10:00,14.36,-70.46,8.07,,,,
59,01/09/2024 19:15:00,14.24,-72.30,8.11,,,,
60,01/09/2024 19:20:00,14.22,-73.75,8.14,,,,
61,01/09/2024 19:25:00,14.22,-73.96,8.14,,,,
62,01/09/2024 19:30:00,14.24,-74.03,8.14,,,,
63,01/09/2024 19:35:00,14.24,-74.13,8.14,,,,
64,01/09/2024 19:40:00,14.24,-74.11,8.14,,,,
65,01/09/2024 19:45:00,14.27,-73.92,8.14,,,,
66,01/09/2024 19:50:00,14.27,-73.86,8.14,,,,
67,01/09/2024 19:55:00,14.24,-73.80,8.14,,,,
68,01/09/2024 20:00:00,14.27,-73.99,8.14,,,,
69,01/09/2024 20:05:00,14.27,-74.16,8.14,,,,
70,01/09/2024 20:10:00,14.27,-74.13,8.14,,,,
71,01/09/2024 20:15:00,14.27,-74.13,8.14,,,,
72,01/09/2024 20:20:00,14.24,-74.10,8.14,,,,
73,01/09/2024 20:25:00,14.24,-74.10,8.14,,,,
74,01/09/2024 20:30:00,14.24,-73.99,8.14,,,,
75,01/09/2024 20:35:00,14.27,-74.22,8.14,,,,
76,01/09/2024 20:40:00,14.29,-74.61,8.15,,,,
77,01/09/2024 20:45:00,14.29,-74.66,8.15,,,,
78,01/09/2024 20:50:00,14.29,-74.38,8.15,,,,
79,01/09/2024 20:55:00,14.27,-74.25,8.14,,,,
80,01/09/2024 21:00:00,14.27,-74.08,8.14,,,,
81,01/09/2024 21:05:00,14.29,-74.27,8.14,,,,
82,01/09/2024 21:10:00,14.27,-74.11,8.14,,,,
83,01/09/2024 21:15:00,14.27,-74.10,8.14,,,,
84,01/09/2024 21:20:00,14.24,-73.92,8.14,,,,
85,01/09/2024 21:25:00,14.24,-73.97,8.14,,,,
86,01/09/2024 21:30:00,14.27,-73.99,8.14,,,,
87,01/09/2024 21:35:00,14.24,-73.91,8.14,,,,
88,01/09/2024 21:40:00,14.27,-73.92,8.14,,,,
89,01/09/2024 21:45:00,14.24,-73.77,8.14,,,,
90,01/09/2024 21:50:00,14.24,-73.72,8.13,,,,
91,01/09/2024 21:55:00,14.22,-73.64,8.13,,,,
92,01/09/2024 22:00:00,14.22,-73.63,8.13,,,,
93,01/09/2024 22:05:00,14.22,-73.64,8.13,,,,
94,01/09/2024 22:10:00,14.22,-73.67,8.13,,,,
95,01/09/2024 22:15:00,14.22,-73.56,8.13,,,,
96,01/09/2024 22:20:00,14.22,-73.55,8.13,,,,
97,01/09/2024 22:25:00,14.19,-73.44,8.13,,,,
98,01/09/2024 22:30:00,14.19,-73.35,8.13,,,,
99,01/09/2024 22:35:00,14.17,-73.22,8.13,,,,
100,01/09/2024 22:40:00,14.17,-73.10,8.12,,,,
101,01/09/2024 22:45:00,14.15,-72.97,8.12,,,,
102,01/09/2024 22:50:00,14.15,-72.89,8.12,,,,
103,01/09/2024 22:55:00,14.15,-72.92,8.12,,,,
104,01/09/2024 23:00:00,14.15,-72.89,8.12,,,,
105,01/09/2024 23:05:00,14.12,-72.81,8.12,,,,
106,01/09/2024 23:10:00,14.12,-72.81,8.12,,,,
107,01/09/2024 23:15:00,14.12,-72.74,8.12,,,,
108,01/09/2024 23:20:00,14.10,-72.64,8.12,,,,
109,01/09/2024 23:25:00,14.10,-72.71,8.12,,,,
110,01/09/2024 23:30:00,14.07,-72.53,8.11,,,,
111,01/09/2024 23:35:00,14.05,-72.35,8.11,,,,
112,01/09/2024 23:40:00,14.05,-72.25,8.11,,,,
113,01/09/2024 23:45:00,14.05,-72.24,8.11,,,,
114,01/09/2024 23:50:00,14.05,-72.16,8.11,,,,
115,01/09/2024 23:55:00,14.05,-72.17,8.11,,,,
116,01/10/2024 00:00:00,14.05,-72.13,8.11,,,,
117,01/10/2024 00:05:00,14.05,-72.16,8.11,,,,
118,01/10/2024 00:10:00,14.05,-72.05,8.10,,,,
119,01/10/2024 00:15:00,14.05,-72.06,8.11,,,,
120,01/10/2024 00:20:00,14.03,-71.99,8.10,,,,
121,01/10/2024 00:25:00,14.07,-72.13,8.11,,,,
122,01/10/2024 00:30:00,14.05,-72.10,8.11,,,,
123,01/10/2024 00:35:00,14.05,-72.00,8.10,,,,
124,01/10/2024 00:40:00,14.07,-72.10,8.11,,,,
125,01/10/2024 00:45:00,14.07,-72.06,8.10,,,,
126,01/10/2024 00:50:00,14.07,-72.00,8.10,,,,
127,01/10/2024 00:55:00,14.07,-71.97,8.10,,,,
128,01/10/2024 01:00:00,14.05,-71.85,8.10,,,,
129,01/10/2024 01:05:00,14.05,-71.83,8.10,,,,
130,01/10/2024 01:10:00,14.07,-71.81,8.10,,,,
131,01/10/2024 01:15:00,14.10,-71.96,8.10,,,,
132,01/10/2024 01:20:00,14.07,-71.80,8.10,,,,
133,01/10/2024 01:25:00,14.07,-71.81,8.10,,,,
134,01/10/2024 01:30:00,14.10,-71.78,8.10,,,,
135,01/10/2024 01:35:00,14.10,-71.75,8.10,,,,
136,01/10/2024 01:40:00,14.10,-71.72,8.10,,,,
137,01/10/2024 01:45:00,14.10,-71.81,8.10,,,,
138,01/10/2024 01:50:00,14.10,-71.74,8.10,,,,
139,01/10/2024 01:55:00,14.10,-71.61,8.10,,,,
140,01/10/2024 02:00:00,14.10,-71.55,8.10,,,,
141,01/10/2024 02:05:00,14.07,-71.41,8.09,,,,
142,01/10/2024 02:10:00,14.12,-71.63,8.10,,,,
143,01/10/2024 02:15:00,14.10,-71.42,8.09,,,,
144,01/10/2024 02:20:00,14.07,-71.30,8.09,,,,
145,01/10/2024 02:25:00,14.07,-71.24,8.09,,,,
146,01/10/2024 02:30:00,14.10,-71.19,8.09,,,,
147,01/10/2024 02:35:00,14.10,-71.24,8.09,,,,
148,01/10/2024 02:40:00,14.07,-71.11,8.09,,,,
149,01/10/2024 02:45:00,14.07,-71.14,8.09,,,,
150,01/10/2024 02:50:00,14.07,-71.10,8.09,,,,
151,01/10/2024 02:55:00,14.07,-71.02,8.09,,,,
152,01/10/2024 03:00:00,14.05,-71.00,8.09,,,,
153,01/10/2024 03:05:00,14.05,-70.91,8.08,,,,
154,01/10/2024 03:10:00,14.03,-70.89,8.08,,,,
155,01/10/2024 03:15:00,14.05,-71.06,8.09,,,,
156,01/10/2024 03:20:00,14.07,-71.10,8.09,,,,
157,01/10/2024 03:25:00,14.05,-71.08,8.09,,,,
158,01/10/2024 03:30:00,14.05,-71.08,8.09,,,,
159,01/10/2024 03:35:00,14.05,-71.06,8.09,,,,
160,01/10/2024 03:40:00,14.05,-71.16,8.09,,,,
161,01/10/2024 03:45:00,14.07,-71.33,8.09,,,,
162,01/10/2024 03:50:00,14.10,-71.42,8.09,,,,
163,01/10/2024 03:55:00,14.10,-71.50,8.09,,,,
164,01/10/2024 04:00:00,14.12,-71.60,8.10,,,,
165,01/10/2024 04:05:00,14.10,-71.60,8.10,,,,
166,01/10/2024 04:10:00,14.10,-71.63,8.10,,,,
167,01/10/2024 04:15:00,14.15,-71.67,8.10,,,,
168,01/10/2024 04:20:00,14.15,-71.69,8.10,,,,
169,01/10/2024 04:25:00,14.15,-71.75,8.10,,,,
170,01/10/2024 04:30:00,14.17,-71.78,8.10,,,,
171,01/10/2024 04:35:00,14.19,-71.77,8.10,,,,
172,01/10/2024 04:40:00,14.22,-71.61,8.10,,,,
173,01/10/2024 04:45:00,14.24,-71.28,8.09,,,,
174,01/10/2024 04:50:00,14.22,-70.96,8.08,,,,
175,01/10/2024 04:55:00,14.22,-71.05,8.09,,,,
176,01/10/2024 05:00:00,14.24,-71.39,8.09,,,,
177,01/10/2024 05:05:00,14.24,-70.94,8.08,,,,
178,01/10/2024 05:10:00,14.24,-70.94,8.08,,,,
179,01/10/2024 05:15:00,14.27,-70.97,8.08,,,,
180,01/10/2024 05:20:00,14.27,-70.67,8.08,,,,
181,01/10/2024 05:25:00,14.29,-70.81,8.08,,,,
182,01/10/2024 05:30:00,14.29,-71.69,8.10,,,,
183,01/10/2024 05:35:00,14.27,-71.31,8.09,,,,
184,01/10/2024 05:40:00,14.29,-71.02,8.08,,,,
185,01/10/2024 05:45:00,14.29,-70.41,8.07,,,,
186,01/10/2024 05:50:00,14.29,-70.85,8.08,,,,
187,01/10/2024 05:55:00,14.29,-70.67,8.08,,,,
188,01/10/2024 06:00:00,14.27,-70.99,8.08,,,,
189,01/10/2024 06:05:00,14.29,-70.72,8.08,,,,
190,01/10/2024 06:10:00,14.34,-71.28,8.09,,,,
191,01/10/2024 06:15:00,14.34,-71.11,8.09,,,,
192,01/10/2024 06:20:00,14.36,-71.28,8.09,,,,
193,01/10/2024 06:25:00,14.31,-71.27,8.09,,,,
194,01/10/2024 06:30:00,14.31,-71.33,8.09,,,,
195,01/10/2024 06:35:00,14.36,-71.58,8.09,,,,
196,01/10/2024 06:40:00,14.31,-71.11,8.09,,,,
197,01/10/2024 06:45:00,14.34,-71.22,8.09,,,,
198,01/10/2024 06:50:00,14.34,-71.27,8.09,,,,
199,01/10/2024 06:55:00,14.31,-71.08,8.09,,,,
200,01/10/2024 07:00:00,14.34,-71.27,8.09,,,,
201,01/10/2024 07:05:00,14.36,-71.22,8.09,,,,
202,01/10/2024 07:10:00,14.34,-70.99,8.08,,,,
203,01/10/2024 07:15:00,14.34,-70.97,8.08,,,,
204,01/10/2024 07:20:00,14.31,-70.77,8.08,,,,
205,01/10/2024 07:25:00,14.39,-71.47,8.09,,,,
206,01/10/2024 07:30:00,14.39,-72.61,8.11,,,,
207,01/10/2024 07:35:00,14.39,-72.78,8.12,,,,
208,01/10/2024 07:40:00,14.41,-72.72,8.12,,,,
209,01/10/2024 07:45:00,14.39,-72.39,8.11,,,,
210,01/10/2024 07:50:00,14.39,-72.74,8.12,,,,
211,01/10/2024 07:55:00,14.41,-72.49,8.11,,,,
212,01/10/2024 08:00:00,14.43,-73.25,8.13,,,,
213,01/10/2024 08:05:00,14.36,-72.31,8.11,,,,
214,01/10/2024 08:10:00,14.43,-72.69,8.12,,,,
215,01/10/2024 08:15:00,14.41,-72.88,8.12,,,,
216,01/10/2024 08:20:00,14.41,-72.97,8.12,,,,
217,01/10/2024 08:25:00,14.43,-73.22,8.12,,,,
218,01/10/2024 08:30:00,14.41,-73.14,8.12,,,,
219,01/10/2024 08:35:00,14.41,-72.61,8.11,,,,
220,01/10/2024 08:40:00,14.46,-73.38,8.13,,,,
221,01/10/2024 08:45:00,14.51,-73.41,8.13,,,,
222,01/10/2024 08:50:00,14.41,-71.86,8.10,,,,
223,01/10/2024 08:55:00,14.39,-72.03,8.10,,,,
224,01/10/2024 09:00:00,14.41,-72.88,8.12,,,,
225,01/10/2024 09:05:00,14.43,-73.42,8.13,,,,
226,01/10/2024 09:10:00,14.46,-73.13,8.12,,,,
227,01/10/2024 09:15:00,14.43,-72.85,8.12,,,,
228,01/10/2024 09:20:00,14.46,-73.33,8.13,,,,
229,01/10/2024 09:25:00,14.48,-74.14,8.14,,,,
230,01/10/2024 09:30:00,14.48,-72.88,8.12,,,,
231,01/10/2024 09:35:00,14.46,-72.38,8.11,,,,
232,01/10/2024 09:40:00,14.48,-72.78,8.12,,,,
233,01/10/2024 09:45:00,14.48,-71.66,8.10,,,,
234,01/10/2024 09:50:00,14.48,-71.78,8.10,,,,
235,01/10/2024 09:55:00,14.51,-71.38,8.09,,,,
236,01/10/2024 10:00:00,14.53,-70.99,8.08,,,,
237,01/10/2024 10:05:00,14.53,-71.25,8.09,,,,
238,01/10/2024 10:10:00,14.55,-71.80,8.10,,,,
239,01/10/2024 10:15:00,14.60,-71.52,8.09,,,,
240,01/10/2024 10:20:00,14.60,-71.38,8.09,,,,
241,01/10/2024 10:25:00,14.62,-71.80,8.10,,,,
242,01/10/2024 10:30:00,14.67,-72.02,8.10,,,,
243,01/10/2024 10:35:00,14.70,-72.28,8.11,,,,
244,01/10/2024 10:40:00,14.72,-72.35,8.11,,,,
245,01/10/2024 10:45:00,14.74,-72.88,8.12,,,,
246,01/10/2024 10:50:00,14.77,-72.63,8.11,,,,
247,01/10/2024 10:55:00,14.77,-73.36,8.13,,,,
248,01/10/2024 11:00:00,14.82,-74.39,8.15,,,,
249,01/10/2024 11:05:00,14.86,-74.75,8.15,,,,
250,01/10/2024 11:10:00,14.91,-75.39,8.16,,,,
251,01/10/2024 11:15:00,14.96,-75.75,8.17,,,,
252,01/10/2024 11:20:00,15.01,-76.30,8.18,,,,
253,01/10/2024 11:25:00,15.06,-76.83,8.19,,,,
254,01/10/2024 11:30:00,15.10,-77.16,8.19,,,,
255,01/10/2024 11:35:00,15.15,-77.24,8.20,,,,
256,01/10/2024 11:40:00,15.20,-77.41,8.20,,,,
257,01/10/2024 11:45:00,15.25,-77.46,8.20,,,,
258,01/10/2024 11:50:00,15.27,-77.19,8.19,,,,
259,01/10/2024 11:55:00,15.29,-76.89,8.19,,,,
260,01/10/2024 12:00:00,15.32,-76.71,8.19,,,,
261,01/10/2024 12:05:00,15.34,-76.47,8.18,,,,
262,01/10/2024 12:10:00,15.37,-76.25,8.18,,,,
263,01/10/2024 12:15:00,15.39,-75.96,8.17,,,,
264,01/10/2024 12:20:00,15.41,-75.60,8.16,,,,
265,01/10/2024 12:25:00,15.44,-75.21,8.16,,,,
266,01/10/2024 12:30:00,15.46,-74.78,8.15,,,,
267,01/10/2024 12:35:00,15.49,-74.21,8.14,,,,
268,01/10/2024 12:40:00,15.51,-74.03,8.14,,,,
269,01/10/2024 12:45:00,15.53,-73.88,8.13,,,,
270,01/10/2024 12:50:00,15.58,-73.77,8.13,,,,
271,01/10/2024 12:55:00,15.60,-73.72,8.13,,,,
272,01/10/2024 13:00:00,15.63,-73.78,8.13,,,,
273,01/10/2024 13:05:00,15.65,-73.91,8.13,,,,
274,01/10/2024 13:10:00,15.68,-73.89,8.13,,,,
275,01/10/2024 13:15:00,15.70,-73.78,8.13,,,,
276,01/10/2024 13:20:00,15.72,-73.74,8.13,,,,
277,01/10/2024 13:25:00,15.72,-73.53,8.13,,,,
278,01/10/2024 13:30:00,15.75,-73.22,8.12,,,,
279,01/10/2024 13:35:00,15.77,-72.94,8.11,,,,
280,01/10/2024 13:40:00,15.80,-72.81,8.11,,,,
281,01/10/2024 13:45:00,15.82,-72.72,8.11,,,,
282,01/10/2024 13:50:00,15.84,-72.92,8.11,,,,
283,01/10/2024 13:55:00,15.87,-73.08,8.12,,,,
284,01/10/2024 14:00:00,15.89,-73.27,8.12,,,,
285,01/10/2024 14:05:00,15.89,-73.58,8.13,,,,
286,01/10/2024 14:10:00,15.91,-73.44,8.12,,,,
287,01/10/2024 14:15:00,15.91,-73.27,8.12,,,,
288,01/10/2024 14:20:00,15.94,-73.21,8.12,,,,
289,01/10/2024 14:25:00,15.94,-73.24,8.12,,,,
290,01/10/2024 14:30:00,15.96,-73.21,8.12,,,,
291,01/10/2024 14:35:00,15.96,-73.08,8.12,,,,
292,01/10/2024 14:40:00,15.99,-73.05,8.12,,,,
293,01/10/2024 14:45:00,15.99,-73.25,8.12,,,,
294,01/10/2024 14:50:00,16.01,-73.00,8.11,,,,
295,01/10/2024 14:55:00,16.01,-72.80,8.11,,,,
296,01/10/2024 15:00:00,16.03,-72.33,8.10,,,,
297,01/10/2024 15:05:00,16.06,-72.08,8.10,,,,
298,01/10/2024 15:10:00,16.06,-72.05,8.10,,,,
299,01/10/2024 15:15:00,16.08,-72.30,8.10,,,,
300,01/10/2024 15:20:00,16.08,-73.02,8.11,,,,
301,01/10/2024 15:25:00,16.08,-73.13,8.12,,,,
302,01/10/2024 15:30:00,16.11,-73.44,8.12,,,,
303,01/10/2024 15:35:00,16.11,-73.72,8.13,,,,
304,01/10/2024 15:40:00,16.11,-73.72,8.13,,,,
305,01/10/2024 15:45:00,16.08,-72.35,8.10,,,,
306,01/10/2024 15:50:00,16.08,-72.44,8.10,,,,
307,01/10/2024 15:55:00,16.06,-72.74,8.11,,,,
308,01/10/2024 16:00:00,16.03,-73.17,8.12,,,,
309,01/10/2024 16:05:00,16.03,-73.16,8.12,,,,
310,01/10/2024 16:10:00,16.01,-72.30,8.10,,,,
311,01/10/2024 16:15:00,15.99,-71.30,8.08,,,,
312,01/10/2024 16:20:00,15.96,-71.52,8.09,,,,
313,01/10/2024 16:25:00,15.94,-72.36,8.10,,,,
314,01/10/2024 16:30:00,15.89,-70.94,8.08,,,,
315,01/10/2024 16:35:00,15.87,-71.56,8.09,,,,
316,01/10/2024 16:40:00,15.84,-72.16,8.10,,,,
317,01/10/2024 16:45:00,15.82,-72.72,8.11,,,,
318,01/10/2024 16:50:00,15.77,-72.61,8.11,,,,
319,01/10/2024 16:55:00,15.72,-71.89,8.10,,,,
320,01/10/2024 17:00:00,15.70,-71.00,8.08,,,,
321,01/10/2024 17:05:00,15.68,-71.52,8.09,,,,
322,01/10/2024 17:10:00,15.65,-71.77,8.09,,,,
323,01/10/2024 17:15:00,15.63,-71.67,8.09,,,,
324,01/10/2024 17:20:00,15.58,-70.99,8.08,,,,
325,01/10/2024 17:25:00,15.56,-71.49,8.09,,,,
326,01/10/2024 17:30:00,15.53,-71.10,8.08,,,,
327,01/10/2024 17:35:00,15.51,-70.21,8.07,,,,
328,01/10/2024 17:40:00,15.46,-67.81,8.02,,,,
329,01/10/2024 17:45:00,15.44,-67.13,8.01,,,,
330,01/10/2024 17:50:00,15.41,-66.06,7.99,,,,
331,01/10/2024 17:55:00,15.37,-66.88,8.00,,,,
332,01/10/2024 18:00:00,15.34,-67.75,8.02,,,,
333,01/10/2024 18:05:00,15.32,-67.33,8.01,,,,
334,01/10/2024 18:10:00,15.29,-66.91,8.01,,,,
335,01/10/2024 18:15:00,15.29,-67.86,8.02,,,,
336,01/10/2024 18:20:00,15.25,-68.14,8.03,,,,
337,01/10/2024 18:25:00,15.22,-69.72,8.06,,,,
338,01/10/2024 18:30:00,15.20,-69.78,8.06,,,,
339,01/10/2024 18:35:00,15.17,-69.56,8.05,,,,
340,01/10/2024 18:40:00,15.15,-69.92,8.06,,,,
341,01/10/2024 18:45:00,15.10,-69.31,8.05,,,,
342,01/10/2024 18:50:00,15.08,-69.41,8.05,,,,
343,01/10/2024 18:55:00,15.06,-69.58,8.06,,,,
344,01/10/2024 19:00:00,15.01,-70.17,8.07,,,,
345,01/10/2024 19:05:00,14.96,-68.25,8.03,,,,
346,01/10/2024 19:10:00,14.84,-70.55,8.07,,,,
347,01/10/2024 19:15:00,14.70,-71.91,8.10,,,,
348,01/10/2024 19:20:00,14.58,-72.36,8.11,,,,
349,01/10/2024 19:25:00,14.48,-72.24,8.11,,,,
350,01/10/2024 19:30:00,14.41,-72.16,8.11,,,,
351,01/10/2024 19:35:00,14.39,-71.81,8.10,,,,
352,01/10/2024 19:40:00,14.36,-72.27,8.11,,,,
353,01/10/2024 19:45:00,14.34,-72.46,8.11,,,,
354,01/10/2024 19:50:00,14.36,-73.03,8.12,,,,
355,01/10/2024 19:55:00,14.41,-73.02,8.12,,,,
356,01/10/2024 20:00:00,14.41,-73.11,8.12,,,,
357,01/10/2024 20:05:00,14.43,-73.11,8.12,,,,
358,01/10/2024 20:10:00,14.43,-73.14,8.12,,,,
359,01/10/2024 20:15:00,14.43,-73.06,8.12,,,,
360,01/10/2024 20:20:00,14.43,-73.00,8.12,,,,
361,01/10/2024 20:25:00,14.41,-73.02,8.12,,,,
362,01/10/2024 20:30:00,14.46,-73.14,8.12,,,,
363,01/10/2024 20:35:00,14.46,-73.16,8.12,,,,
364,01/10/2024 20:40:00,14.46,-73.13,8.12,,,,
365,01/10/2024 20:45:00,14.48,-73.11,8.12,,,,
366,01/10/2024 20:50:00,14.51,-73.17,8.12,,,,
367,01/10/2024 20:55:00,14.53,-73.30,8.13,,,,
368,01/10/2024 21:00:00,14.55,-73.36,8.13,,,,
369,01/10/2024 21:05:00,14.55,-73.39,8.13,,,,
370,01/10/2024 21:10:00,14.58,-73.49,8.13,,,,
371,01/10/2024 21:15:00,14.58,-73.52,8.13,,,,
372,01/10/2024 21:20:00,14.58,-73.56,8.13,,,,
373,01/10/2024 21:25:00,14.58,-73.61,8.13,,,,
374,01/10/2024 21:30:00,14.58,-73.66,8.13,,,,
375,01/10/2024 21:35:00,14.58,-73.67,8.13,,,,
376,01/10/2024 21:40:00,14.58,-73.71,8.13,,,,
377,01/10/2024 21:45:00,14.58,-73.74,8.13,,,,
378,01/10/2024 21:50:00,14.58,-73.74,8.13,,,,
379,01/10/2024 21:55:00,14.60,-73.83,8.14,,,,
380,01/10/2024 22:00:00,14.58,-73.77,8.13,,,,
381,01/10/2024 22:05:00,14.58,-73.81,8.14,,,,
382,01/10/2024 22:10:00,14.58,-73.88,8.14,,,,
383,01/10/2024 22:15:00,14.58,-73.83,8.14,,,,
384,01/10/2024 22:20:00,14.60,-73.89,8.14,,,,
385,01/10/2024 22:25:00,14.60,-73.85,8.14,,,,
386,01/10/2024 22:30:00,14.58,-73.86,8.14,,,,
387,01/10/2024 22:35:00,14.58,-73.85,8.14,,,,
388,01/10/2024 22:40:00,14.60,-73.89,8.14,,,,
389,01/10/2024 22:45:00,14.60,-73.83,8.14,,,,
390,01/10/2024 22:50:00,14.58,-73.83,8.14,,,,
391,01/10/2024 22:55:00,14.58,-73.88,8.14,,,,
392,01/10/2024 23:00:00,14.58,-73.86,8.14,,,,
393,01/10/2024 23:05:00,14.58,-73.91,8.14,,,,
394,01/10/2024 23:10:00,14.55,-73.86,8.14,,,,
395,01/10/2024 23:15:00,14.55,-73.83,8.14,,,,
396,01/10/2024 23:20:00,14.58,-73.83,8.14,,,,
397,01/10/2024 23:25:00,14.55,-73.85,8.14,,,,
398,01/10/2024 23:30:00,14.55,-73.85,8.14,,,,
399,01/10/2024 23:35:00,14.55,-73.80,8.14,,,,
400,01/10/2024 23:40:00,14.55,-73.83,8.14,,,,
401,01/10/2024 23:45:00,14.55,-73.75,8.13,,,,
402,01/10/2024 23:50:00,14.55,-73.75,8.13,,,,
403,01/10/2024 23:55:00,14.55,-73.67,8.13,,,,
404,01/11/2024 00:00:00,14.55,-73.63,8.13,,,,
405,01/11/2024 00:05:00,14.53,-73.55,8.13,,,,
406,01/11/2024 00:10:00,14.51,-73.46,8.13,,,,
407,01/11/2024 00:15:00,14.51,-73.47,8.13,,,,
408,01/11/2024 00:20:00,14.48,-73.41,8.13,,,,
409,01/11/2024 00:25:00,14.48,-73.46,8.13,,,,
410,01/11/2024 00:30:00,14.46,-73.39,8.13,,,,
411,01/11/2024 00:35:00,14.43,-73.31,8.13,,,,
412,01/11/2024 00:40:00,14.41,-73.28,8.13,,,,
413,01/11/2024 00:45:00,14.41,-73.30,8.13,,,,
414,01/11/2024 00:50:00,14.41,-73.30,8.13,,,,
415,01/11/2024 00:55:00,14.39,-73.28,8.13,,,,
416,01/11/2024 01:00:00,14.39,-73.27,8.13,,,,
417,01/11/2024 01:05:00,14.36,-73.16,8.12,,,,
418,01/11/2024 01:10:00,14.34,-73.11,8.12,,,,
419,01/11/2024 01:15:00,14.31,-73.02,8.12,,,,
420,01/11/2024 01:20:00,14.27,-72.92,8.12,,,,
421,01/11/2024 01:25:00,14.24,-72.86,8.12,,,,
422,01/11/2024 01:30:00,14.22,-72.83,8.12,,,,
423,01/11/2024 01:35:00,14.22,-72.80,8.12,,,,
424,01/11/2024 01:40:00,14.19,-72.74,8.12,,,,
425,01/11/2024 01:45:00,14.17,-72.69,8.12,,,,
426,01/11/2024 01:50:00,14.17,-72.67,8.12,,,,
427,01/11/2024 01:55:00,14.15,-72.66,8.12,,,,
428,01/11/2024 02:00:00,14.15,-72.58,8.11,,,,
429,01/11/2024 02:05:00,14.15,-72.53,8.11,,,,
430,01/11/2024 02:10:00,14.15,-72.50,8.11,,,,
431,01/11/2024 02:15:00,14.19,-72.63,8.11,,,,
432,01/11/2024 02:20:00,14.17,-72.53,8.11,,,,
433,01/11/2024 02:25:00,14.12,-72.42,8.11,,,,
434,01/11/2024 02:30:00,14.07,-72.30,8.11,,,,
435,01/11/2024 02:35:00,14.07,-72.28,8.11,,,,
436,01/11/2024 02:40:00,14.05,-72.24,8.11,,,,
437,01/11/2024 02:45:00,14.05,-72.13,8.11,,,,
438,01/11/2024 02:50:00,14.07,-72.14,8.11,,,,
439,01/11/2024 02:55:00,14.07,-72.03,8.10,,,,
440,01/11/2024 03:00:00,14.07,-72.03,8.10,,,,
441,01/11/2024 03:05:00,14.05,-72.03,8.10,,,,
442,01/11/2024 03:10:00,14.07,-72.14,8.11,,,,
443,01/11/2024 03:15:00,14.07,-72.16,8.11,,,,
444,01/11/2024 03:20:00,14.07,-72.17,8.11,,,,
445,01/11/2024 03:25:00,14.10,-72.21,8.11,,,,
446,01/11/2024 03:30:00,14.07,-72.25,8.11,,,,
447,01/11/2024 03:35:00,14.10,-72.31,8.11,,,,
448,01/11/2024 03:40:00,14.07,-72.33,8.11,,,,
449,01/11/2024 03:45:00,14.07,-72.41,8.11,,,,
450,01/11/2024 03:50:00,14.12,-72.52,8.11,,,,
451,01/11/2024 03:55:00,14.15,-72.56,8.11,,,,
452,01/11/2024 04:00:00,14.12,-72.56,8.11,,,,
453,01/11/2024 04:05:00,14.12,-72.58,8.11,,,,
454,01/11/2024 04:10:00,14.12,-72.64,8.12,,,,
455,01/11/2024 04:15:00,14.17,-72.71,8.12,,,,
456,01/11/2024 04:20:00,14.19,-72.78,8.12,,,,
457,01/11/2024 04:25:00,14.19,-72.81,8.12,,,,
458,01/11/2024 04:30:00,14.24,-72.86,8.12,,,,
459,01/11/2024 04:35:00,14.22,-72.96,8.12,,,,
460,01/11/2024 04:40:00,14.22,-73.00,8.12,,,,
461,01/11/2024 04:45:00,14.24,-73.02,8.12,,,,
462,01/11/2024 04:50:00,14.24,-73.03,8.12,,,,
463,01/11/2024 04:55:00,14.24,-73.08,8.12,,,,
464,01/11/2024 05:00:00,14.22,-73.13,8.12,,,,
465,01/11/2024 05:05:00,14.24,-73.14,8.12,,,,
466,01/11/2024 05:10:00,14.24,-73.24,8.13,,,,
467,01/11/2024 05:15:00,14.27,-73.28,8.13,,,,
468,01/11/2024 05:20:00,14.29,-73.33,8.13,,,,
469,01/11/2024 05:25:00,14.27,-73.46,8.13,,,,
470,01/11/2024 05:30:00,14.29,-73.33,8.13,,,,
471,01/11/2024 05:35:00,14.27,-73.52,8.13,,,,
472,01/11/2024 05:40:00,14.27,-73.46,8.13,,,,
473,01/11/2024 05:45:00,14.24,-73.60,8.13,,,,
474,01/11/2024 05:50:00,14.27,-73.66,8.13,,,,
475,01/11/2024 05:55:00,14.27,-73.58,8.13,,,,
476,01/11/2024 06:00:00,14.24,-73.80,8.14,,,,
477,01/11/2024 06:05:00,14.27,-73.78,8.14,,,,
478,01/11/2024 06:10:00,14.24,-73.89,8.14,,,,
479,01/11/2024 06:15:00,14.24,-74.03,8.14,,,,
480,01/11/2024 06:20:00,14.24,-73.80,8.14,,,,
481,01/11/2024 06:25:00,14.24,-73.50,8.13,,,,
482,01/11/2024 06:30:00,14.24,-73.74,8.14,,,,
483,01/11/2024 06:35:00,14.24,-73.53,8.13,,,,
484,01/11/2024 06:40:00,14.24,-73.39,8.13,,,,
485,01/11/2024 06:45:00,14.27,-73.35,8.13,,,,
486,01/11/2024 06:50:00,14.24,-73.60,8.13,,,,
487,01/11/2024 06:55:00,14.27,-73.17,8.12,,,,
488,01/11/2024 07:00:00,14.27,-72.67,8.12,,,,
489,01/11/2024 07:05:00,14.27,-73.30,8.13,,,,
490,01/11/2024 07:10:00,14.27,-73.24,8.13,,,,
491,01/11/2024 07:15:00,14.24,-73.03,8.12,,,,
492,01/11/2024 07:20:00,14.24,-72.77,8.12,,,,
493,01/11/2024 07:25:00,14.24,-72.60,8.11,,,,
494,01/11/2024 07:30:00,14.24,-72.24,8.11,,,,
495,01/11/2024 07:35:00,14.24,-72.81,8.12,,,,
496,01/11/2024 07:40:00,14.22,-71.64,8.10,,,,
497,01/11/2024 07:45:00,14.22,-71.17,8.09,,,,
498,01/11/2024 07:50:00,14.24,-71.22,8.09,,,,
499,01/11/2024 07:55:00,14.24,-70.41,8.07,,,,
500,01/11/2024 08:00:00,14.24,-70.85,8.08,,,,
501,01/11/2024 08:05:00,14.22,-71.75,8.10,,,,
502,01/11/2024 08:10:00,14.24,-72.92,8.12,,,,
503,01/11/2024 08:15:00,14.22,-73.19,8.13,,,,
504,01/11/2024 08:20:00,14.24,-72.86,8.12,,,,
505,01/11/2024 08:25:00,14.22,-72.88,8.12,,,,
506,01/11/2024 08:30:00,14.24,-72.58,8.11,,,,
507,01/11/2024 08:35:00,14.24,-72.74,8.12,,,,
508,01/11/2024 08:40:00,14.22,-72.72,8.12,,,,
509,01/11/2024 08:45:00,14.22,-72.53,8.11,,,,
510,01/11/2024 08:50:00,14.22,-72.36,8.11,,,,
511,01/11/2024 08:55:00,14.22,-72.39,8.11,,,,
512,01/11/2024 09:00:00,14.22,-72.67,8.12,,,,
513,01/11/2024 09:05:00,14.19,-72.85,8.12,,,,
514,01/11/2024 09:10:00,14.19,-72.89,8.12,,,,
515,01/11/2024 09:15:00,14.22,-72.77,8.12,,,,
516,01/11/2024 09:20:00,14.22,-72.60,8.11,,,,
517,01/11/2024 09:25:00,14.22,-72.69,8.12,,,,
518,01/11/2024 09:30:00,14.19,-72.72,8.12,,,,
519,01/11/2024 09:35:00,14.22,-72.58,8.11,,,,
520,01/11/2024 09:40:00,14.19,-72.64,8.12,,,,
521,01/11/2024 09:45:00,14.19,-72.66,8.12,,,,
522,01/11/2024 09:50:00,14.19,-72.61,8.11,,,,
523,01/11/2024 09:55:00,14.22,-72.46,8.11,,,,
524,01/11/2024 10:00:00,14.19,-72.49,8.11,,,,
525,01/11/2024 10:05:00,14.17,-72.63,8.11,,,,
526,01/11/2024 10:10:00,14.15,-72.66,8.12,,,,
527,01/11/2024 10:15:00,14.19,-72.61,8.11,,,,
528,01/11/2024 10:20:00,14.15,-72.58,8.11,,,,
529,01/11/2024 10:25:00,14.10,-72.58,8.11,,,,
530,01/11/2024 10:30:00,14.10,-72.50,8.11,,,,
531,01/11/2024 10:35:00,14.10,-72.41,8.11,,,,
532,01/11/2024 10:40:00,14.10,-72.60,8.11,,,,
533,01/11/2024 10:45:00,14.10,-72.61,8.11,,,,
534,01/11/2024 10:50:00,14.10,-72.67,8.12,,,,
535,01/11/2024 10:55:00,14.12,-72.72,8.12,,,,
536,01/11/2024 11:00:00,14.15,-72.83,8.12,,,,
537,01/11/2024 11:05:00,14.15,-72.61,8.11,,,,
538,01/11/2024 11:10:00,14.17,-72.50,8.11,,,,
539,01/11/2024 11:15:00,14.19,-73.11,8.12,,,,
540,01/11/2024 11:20:00,14.17,-72.92,8.12,,,,
541,01/11/2024 11:25:00,14.17,-73.11,8.12,,,,
542,01/11/2024 11:30:00,14.17,-73.33,8.13,,,,
543,01/11/2024 11:35:00,14.17,-73.77,8.14,,,,
544,01/11/2024 11:40:00,14.17,-74.30,8.15,,,,
545,01/11/2024 11:45:00,14.19,-74.61,8.15,,,,
546,01/11/2024 11:50:00,14.22,-74.94,8.16,,,,
547,01/11/2024 11:55:00,14.27,-75.38,8.17,,,,
548,01/11/2024 12:00:00,14.31,-75.85,8.17,,,,
549,01/11/2024 12:05:00,14.34,-76.16,8.18,,,,
550,01/11/2024 12:10:00,14.34,-76.13,8.18,,,,
551,01/11/2024 12:15:00,14.39,-76.58,8.19,,,,
552,01/11/2024 12:20:00,14.41,-76.94,8.19,,,,
553,01/11/2024 12:25:00,14.46,-77.16,8.20,,,,
554,01/11/2024 12:30:00,14.51,-77.13,8.20,,,,
555,01/11/2024 12:35:00,14.53,-77.05,8.20,,,,
556,01/11/2024 12:40:00,14.55,-76.97,8.19,,,,
557,01/11/2024 12:45:00,14.58,-76.86,8.19,,,,
558,01/11/2024 12:50:00,14.60,-76.63,8.19,,,,
559,01/11/2024 12:55:00,14.62,-76.13,8.18,,,,
560,01/11/2024 13:00:00,14.65,-75.56,8.17,,,,
561,01/11/2024 13:05:00,14.70,-74.53,8.15,,,,
562,01/11/2024 13:10:00,14.72,-73.60,8.13,,,,
563,01/11/2024 13:15:00,14.74,-73.19,8.12,,,,
564,01/11/2024 13:20:00,14.79,-71.83,8.10,,,,
565,01/11/2024 13:25:00,14.82,-69.41,8.05,,,,
566,01/11/2024 13:30:00,14.84,-69.42,8.05,,,,
567,01/11/2024 13:35:00,14.89,-69.46,8.05,,,,
568,01/11/2024 13:40:00,14.91,-68.06,8.03,,,,
569,01/11/2024 13:45:00,14.94,-68.80,8.04,,,,
570,01/11/2024 13:50:00,14.96,-69.27,8.05,,,,
571,01/11/2024 13:55:00,14.98,-70.19,8.07,,,,
572,01/11/2024 14:00:00,15.01,-70.80,8.08,,,,
573,01/11/2024 14:05:00,15.06,-71.49,8.09,,,,
574,01/11/2024 14:10:00,15.06,-72.05,8.10,,,,
575,01/11/2024 14:15:00,15.08,-72.49,8.11,,,,
576,01/11/2024 14:20:00,15.10,-72.80,8.11,,,,
577,01/11/2024 14:25:00,15.10,-73.16,8.12,,,,
578,01/11/2024 14:30:00,15.13,-73.14,8.12,,,,
579,01/11/2024 14:35:00,15.13,-73.11,8.12,,,,
580,01/11/2024 14:40:00,15.15,-72.30,8.11,,,,
581,01/11/2024 14:45:00,15.15,-71.67,8.09,,,,
582,01/11/2024 14:50:00,15.17,-72.89,8.12,,,,
583,01/11/2024 14:55:00,15.17,-72.96,8.12,,,,
584,01/11/2024 15:00:00,15.17,-71.77,8.10,,,,
585,01/11/2024 15:05:00,15.17,-68.94,8.04,,,,
586,01/11/2024 15:10:00,15.17,-64.80,7.97,,,,
587,01/11/2024 15:15:00,15.15,-65.78,7.98,,,,
588,01/11/2024 15:20:00,15.15,-64.28,7.96,,,,
589,01/11/2024 15:25:00,15.13,-68.63,8.04,,,,
590,01/11/2024 15:30:00,15.13,-69.39,8.05,,,,
591,01/11/2024 15:35:00,15.10,-71.67,8.09,,,,
592,01/11/2024 15:40:00,15.08,-72.74,8.11,,,,
593,01/11/2024 15:45:00,15.06,-71.08,8.08,,,,
594,01/11/2024 15:50:00,15.06,-72.80,8.11,,,,
595,01/11/2024 15:55:00,15.03,-73.85,8.13,,,,
596,01/11/2024 16:00:00,15.01,-73.52,8.13,,,,
597,01/11/2024 16:05:00,14.98,-74.06,8.14,,,,
598,01/11/2024 16:10:00,14.96,-73.85,8.13,,,,
599,01/11/2024 16:15:00,14.94,-74.10,8.14,,,,
600,01/11/2024 16:20:00,14.91,-74.50,8.15,,,,
601,01/11/2024 16:25:00,14.89,-74.81,8.15,,,,
602,01/11/2024 16:30:00,14.86,-74.55,8.15,,,,
603,01/11/2024 16:35:00,14.84,-74.41,8.15,,,,
604,01/11/2024 16:40:00,14.82,-74.77,8.15,,,,
605,01/11/2024 16:45:00,14.77,-74.77,8.15,,,,
606,01/11/2024 16:50:00,14.74,-74.27,8.14,,,,
607,01/11/2024 16:55:00,14.72,-73.78,8.13,,,,
608,01/11/2024 17:00:00,14.70,-74.10,8.14,,,,
609,01/11/2024 17:05:00,14.67,-73.66,8.13,,,,
610,01/11/2024 17:10:00,14.65,-73.81,8.14,,,,
611,01/11/2024 17:15:00,14.60,-73.22,8.12,,,,
612,01/11/2024 17:20:00,14.58,-73.91,8.14,,,,
613,01/11/2024 17:25:00,14.55,-72.80,8.12,,,,
614,01/11/2024 17:30:00,14.51,-71.89,8.10,,,,
615,01/11/2024 17:35:00,14.48,-72.13,8.10,,,,
616,01/11/2024 17:40:00,14.46,-71.66,8.10,,,,
617,01/11/2024 17:45:00,14.43,-70.80,8.08,,,,
618,01/11/2024 17:50:00,14.41,-71.22,8.09,,,,
619,01/11/2024 17:55:00,14.39,-70.96,8.08,,,,
620,01/11/2024 18:00:00,14.39,-71.30,8.09,,,,
621,01/11/2024 18:05:00,14.36,-71.72,8.10,,,,
622,01/11/2024 18:10:00,14.34,-71.52,8.09,,,,
623,01/11/2024 18:15:00,14.31,-71.27,8.09,,,,
624,01/11/2024 18:20:00,14.31,-70.53,8.08,,,,
625,01/11/2024 18:25:00,14.29,-71.80,8.10,,,,
626,01/11/2024 18:30:00,14.27,-70.02,8.07,,,,
627,01/11/2024 18:35:00,14.24,-68.67,8.04,,,,
628,01/11/2024 18:40:00,14.22,-70.08,8.07,,,,
629,01/11/2024 18:45:00,14.19,-70.91,8.08,,,,
630,01/11/2024 18:50:00,14.19,-71.24,8.09,,,,
631,01/11/2024 18:55:00,14.17,-71.83,8.10,,,,
632,01/11/2024 19:00:00,14.15,-71.74,8.10,,,,
633,01/11/2024 19:05:00,14.15,-70.78,8.08,,,,
634,01/11/2024 19:10:00,14.10,-71.22,8.09,,,,
635,01/11/2024 19:15:00,14.07,-71.61,8.10,,,,
636,01/11/2024 19:20:00,14.03,-69.94,8.07,,,,
637,01/11/2024 19:25:00,13.98,-69.30,8.05,,,,
638,01/11/2024 19:30:00,13.95,-69.92,8.07,,,,
639,01/11/2024 19:35:00,13.91,-69.78,8.06,,,,
640,01/11/2024 19:40:00,13.88,-69.08,8.05,,,,
641,01/11/2024 19:45:00,13.83,-68.88,8.05,,,,
642,01/11/2024 19:50:00,13.79,-70.85,8.08,,,,
643,01/11/2024 19:55:00,13.69,-70.75,8.08,,,,
644,01/11/2024 20:00:00,13.50,-68.60,8.04,,,,
645,01/11/2024 20:05:00,13.06,-67.13,8.02,,,,
646,01/11/2024 20:10:00,12.68,-66.78,8.01,,,,
647,01/11/2024 20:15:00,12.49,-66.61,8.01,,,,
648,01/11/2024 20:20:00,12.36,-66.38,8.01,,,,
649,01/11/2024 20:25:00,12.27,-66.33,8.01,,,,
650,01/11/2024 20:30:00,12.27,-66.31,8.00,,,,
651,01/11/2024 20:35:00,12.22,-66.21,8.00,,,,
652,01/11/2024 20:40:00,12.17,-66.24,8.00,,,,
653,01/11/2024 20:45:00,12.17,-66.27,8.00,,,,
654,01/11/2024 20:50:00,12.19,-66.11,8.00,,,,
655,01/11/2024 20:55:00,12.19,-66.05,8.00,,,,
656,01/11/2024 21:00:00,12.19,-65.97,8.00,,,,
657,01/11/2024 21:05:00,12.19,-65.92,8.00,,,,
658,01/11/2024 21:10:00,12.22,-65.85,8.00,,,,
659,01/11/2024 21:15:00,12.22,-65.78,8.00,,,,
660,01/11/2024 21:20:00,12.22,-65.71,7.99,,,,
661,01/11/2024 21:25:00,12.22,-65.61,7.99,,,,
662,01/11/2024 21:30:00,12.22,-65.66,7.99,,,,
663,01/11/2024 21:35:00,12.19,-65.58,7.99,,,,
664,01/11/2024 21:40:00,12.19,-65.49,7.99,,,,
665,01/11/2024 21:45:00,12.19,-65.52,7.99,,,,
666,01/11/2024 21:50:00,12.19,-65.53,7.99,,,,
667,01/11/2024 21:55:00,12.17,-65.52,7.99,,,,
668,01/11/2024 22:00:00,12.17,-65.55,7.99,,,,
669,01/11/2024 22:05:00,12.17,-65.50,7.99,,,,
670,01/11/2024 22:10:00,12.15,-65.69,7.99,,,,
671,01/11/2024 22:15:00,12.15,-65.58,7.99,,,,
672,01/11/2024 22:20:00,12.17,-65.56,7.99,,,,
673,01/11/2024 22:25:00,12.17,-65.53,7.99,,,,
674,01/11/2024 22:30:00,12.17,-65.53,7.99,,,,
675,01/11/2024 22:35:00,12.17,-65.52,7.99,,,,
676,01/11/2024 22:40:00,12.17,-65.53,7.99,,,,
677,01/11/2024 22:45:00,12.17,-65.50,7.99,,,,
678,01/11/2024 22:50:00,12.17,-65.49,7.99,,,,
679,01/11/2024 22:55:00,12.17,-65.72,7.99,,,,
680,01/11/2024 23:00:00,12.17,-65.69,7.99,,,,
681,01/11/2024 23:05:00,12.17,-65.71,7.99,,,,
682,01/11/2024 23:10:00,12.17,-65.72,7.99,,,,
683,01/11/2024 23:15:00,12.17,-65.66,7.99,,,,
684,01/11/2024 23:20:00,12.17,-65.47,7.99,,,,
685,01/11/2024 23:25:00,12.17,-65.60,7.99,,,,
686,01/11/2024 23:30:00,12.17,-65.47,7.99,,,,
687,01/11/2024 23:35:00,12.17,-65.52,7.99,,,,
688,01/11/2024 23:40:00,12.15,-65.58,7.99,,,,
689,01/11/2024 23:45:00,12.15,-65.64,7.99,,,,
690,01/11/2024 23:50:00,12.15,-65.61,7.99,,,,
691,01/11/2024 23:55:00,12.12,-65.64,7.99,,,,
692,01/12/2024 00:00:00,12.12,-65.58,7.99,,,,
693,01/12/2024 00:05:00,12.10,-65.66,7.99,,,,
694,01/12/2024 00:10:00,12.10,-65.61,7.99,,,,
695,01/12/2024 00:15:00,12.10,-65.56,7.99,,,,
696,01/12/2024 00:20:00,12.05,-65.66,7.99,,,,
697,01/12/2024 00:25:00,12.03,-65.64,7.99,,,,
698,01/12/2024 00:30:00,12.05,-65.55,7.99,,,,
699,01/12/2024 00:35:00,12.05,-65.30,7.99,,,,
700,01/12/2024 00:40:00,12.05,-65.39,7.99,,,,
701,01/12/2024 00:45:00,12.03,-65.42,7.99,,,,
702,01/12/2024 00:50:00,12.00,-65.50,7.99,,,,
703,01/12/2024 00:55:00,11.98,-65.49,7.99,,,,
704,01/12/2024 01:00:00,11.95,-65.56,7.99,,,,
705,01/12/2024 01:05:00,11.93,-65.63,7.99,,,,
706,01/12/2024 01:10:00,11.90,-65.55,7.99,,,,
707,01/12/2024 01:15:00,11.88,-65.21,7.99,,,,
708,01/12/2024 01:20:00,11.88,-65.44,7.99,,,,
709,01/12/2024 01:25:00,11.88,-65.46,7.99,,,,
710,01/12/2024 01:30:00,11.88,-65.38,7.99,,,,
711,01/12/2024 01:35:00,11.86,-65.38,7.99,,,,
712,01/12/2024 01:40:00,11.86,-65.33,7.99,,,,
713,01/12/2024 01:45:00,11.86,-65.25,7.99,,,,
714,01/12/2024 01:50:00,11.88,-65.17,7.98,,,,
715,01/12/2024 01:55:00,11.90,-65.16,7.98,,,,
716,01/12/2024 02:00:00,11.90,-65.11,7.98,,,,
717,01/12/2024 02:05:00,11.88,-65.08,7.98,,,,
718,01/12/2024 02:10:00,11.88,-65.02,7.98,,,,
719,01/12/2024 02:15:00,11.86,-64.94,7.98,,,,
720,01/12/2024 02:20:00,11.83,-64.72,7.98,,,,
721,01/12/2024 02:25:00,11.83,-64.33,7.97,,,,
722,01/12/2024 02:30:00,11.78,-64.38,7.97,,,,
723,01/12/2024 02:35:00,11.73,-64.39,7.97,,,,
724,01/12/2024 02:40:00,11.71,-64.35,7.97,,,,
725,01/12/2024 02:45:00,11.69,-64.30,7.97,,,,
726,01/12/2024 02:50:00,11.66,-64.28,7.97,,,,
727,01/12/2024 02:55:00,11.66,-64.31,7.97,,,,
728,01/12/2024 03:00:00,11.66,-64.19,7.97,,,,
729,01/12/2024 03:05:00,11.59,-63.91,7.96,,,,
730,01/12/2024 03:10:00,11.59,-63.83,7.96,,,,
731,01/12/2024 03:15:00,11.59,-63.80,7.96,,,,
732,01/12/2024 03:20:00,11.52,-63.75,7.96,,,,
733,01/12/2024 03:25:00,11.47,-63.83,7.96,,,,
734,01/12/2024 03:30:00,11.44,-63.85,7.96,,,,
735,01/12/2024 03:35:00,11.44,-64.27,7.97,,,,
736,01/12/2024 03:40:00,11.44,-64.24,7.97,,,,
737,01/12/2024 03:45:00,11.56,-65.21,7.99,,,,
738,01/12/2024 03:50:00,11.61,-65.58,7.99,,,,
739,01/12/2024 03:55:00,11.69,-65.94,8.00,,,,
740,01/12/2024 04:00:00,11.83,-65.89,8.00,,,,
741,01/12/2024 04:05:00,11.83,-66.03,8.00,,,,
742,01/12/2024 04:10:00,11.83,-66.16,8.00,,,,
743,01/12/2024 04:15:00,11.88,-66.17,8.00,,,,
744,01/12/2024 04:20:00,11.86,-66.22,8.00,,,,
745,01/12/2024 04:25:00,11.88,-66.11,8.00,,,,
746,01/12/2024 04:30:00,11.88,-66.10,8.00,,,,
747,01/12/2024 04:35:00,11.88,-66.13,8.00,,,,
748,01/12/2024 04:40:00,11.86,-66.19,8.00,,,,
749,01/12/2024 04:45:00,11.83,-66.22,8.00,,,,
750,01/12/2024 04:50:00,11.83,-66.28,8.01,,,,
751,01/12/2024 04:55:00,11.88,-66.38,8.01,,,,
752,01/12/2024 05:00:00,11.88,-66.36,8.01,,,,
753,01/12/2024 05:05:00,11.93,-66.35,8.01,,,,
754,01/12/2024 05:10:00,11.93,-66.41,8.01,,,,
755,01/12/2024 05:15:00,11.95,-66.39,8.01,,,,
756,01/12/2024 05:20:00,11.95,-66.31,8.01,,,,
757,01/12/2024 05:25:00,11.95,-66.39,8.01,,,,
758,01/12/2024 05:30:00,11.98,-66.36,8.01,,,,
759,01/12/2024 05:35:00,12.00,-66.33,8.01,,,,
760,01/12/2024 05:40:00,12.03,-66.22,8.00,,,,
761,01/12/2024 05:45:00,12.03,-66.17,8.00,,,,
762,01/12/2024 05:50:00,12.00,-66.24,8.00,,,,
763,01/12/2024 05:55:00,11.98,-66.27,8.00,,,,
764,01/12/2024 06:00:00,12.03,-66.24,8.00,,,,
765,01/12/2024 06:05:00,12.05,-66.31,8.01,,,,
766,01/12/2024 06:10:00,11.98,-66.50,8.01,,,,
767,01/12/2024 06:15:00,12.10,-66.41,8.01,,,,
768,01/12/2024 06:20:00,12.05,-66.56,8.01,,,,
769,01/12/2024 06:25:00,12.07,-66.33,8.01,,,,
770,01/12/2024 06:30:00,12.12,-66.44,8.01,,,,
771,01/12/2024 06:35:00,12.17,-66.56,8.01,,,,
772,01/12/2024 06:40:00,12.19,-66.49,8.01,,,,
773,01/12/2024 06:45:00,12.24,-66.47,8.01,,,,
774,01/12/2024 06:50:00,12.39,-66.96,8.02,,,,
775,01/12/2024 06:55:00,12.39,-66.61,8.01,,,,
776,01/12/2024 07:00:00,12.41,-66.71,8.01,,,,
777,01/12/2024 07:05:00,12.29,-66.33,8.01,,,,
778,01/12/2024 07:10:00,12.53,-67.78,8.03,,,,
779,01/12/2024 07:15:00,12.56,-66.96,8.02,,,,
780,01/12/2024 07:20:00,12.65,-67.86,8.03,,,,
781,01/12/2024 07:25:00,12.56,-67.25,8.02,,,,
782,01/12/2024 07:30:00,12.73,-68.14,8.04,,,,
783,01/12/2024 07:35:00,12.56,-67.63,8.03,,,,
784,01/12/2024 07:40:00,12.70,-68.56,8.05,,,,
785,01/12/2024 07:45:00,12.56,-67.35,8.02,,,,
786,01/12/2024 07:50:00,12.82,-69.14,8.06,,,,
787,01/12/2024 07:55:00,12.80,-68.94,8.05,,,,
788,01/12/2024 08:00:00,12.70,-68.03,8.04,,,,
789,01/12/2024 08:05:00,12.85,-69.31,8.06,,,,
790,01/12/2024 08:10:00,12.99,-69.97,8.07,,,,
791,01/12/2024 08:15:00,12.92,-69.21,8.06,,,,
792,01/12/2024 08:20:00,13.02,-70.24,8.08,,,,
793,01/12/2024 08:25:00,13.02,-70.10,8.07,,,,
794,01/12/2024 08:30:00,13.09,-70.67,8.08,,,,
795,01/12/2024 08:35:00,13.04,-70.44,8.08,,,,
796,01/12/2024 08:40:00,13.06,-70.63,8.08,,,,
797,01/12/2024 08:45:00,13.06,-70.67,8.08,,,,
798,01/12/2024 08:50:00,13.09,-70.88,8.09,,,,
799,01/12/2024 08:55:00,13.09,-70.85,8.09,,,,
800,01/12/2024 09:00:00,13.09,-70.89,8.09,,,,
801,01/12/2024 09:05:00,13.11,-71.22,8.09,,,,
802,01/12/2024 09:10:00,13.16,-71.56,8.10,,,,
803,01/12/2024 09:15:00,13.16,-71.60,8.10,,,,
804,01/12/2024 09:20:00,13.18,-71.78,8.10,,,,
805,01/12/2024 09:25:00,13.16,-71.71,8.10,,,,
806,01/12/2024 09:30:00,13.23,-72.08,8.11,,,,
807,01/12/2024 09:35:00,13.21,-71.99,8.11,,,,
808,01/12/2024 09:40:00,13.18,-71.69,8.10,,,,
809,01/12/2024 09:45:00,13.18,-71.41,8.10,,,,
810,01/12/2024 09:50:00,13.18,-71.50,8.10,,,,
811,01/12/2024 09:55:00,13.21,-71.77,8.10,,,,
812,01/12/2024 10:00:00,13.26,-72.00,8.11,,,,
813,01/12/2024 10:05:00,13.26,-72.22,8.11,,,,
814,01/12/2024 10:10:00,13.23,-71.71,8.10,,,,
815,01/12/2024 10:15:00,13.26,-72.11,8.11,,,,
816,01/12/2024 10:20:00,13.23,-71.42,8.10,,,,
817,01/12/2024 10:25:00,13.26,-71.28,8.09,,,,
818,01/12/2024 10:30:00,13.38,-72.91,8.12,,,,
819,01/12/2024 10:35:00,13.35,-72.80,8.12,,,,
820,01/12/2024 10:40:00,13.38,-72.74,8.12,,,,
821,01/12/2024 10:45:00,13.40,-73.11,8.13,,,,
822,01/12/2024 10:50:00,13.45,-73.08,8.13,,,,
823,01/12/2024 10:55:00,13.50,-73.39,8.13,,,,
824,01/12/2024 11:00:00,13.45,-73.08,8.13,,,,
825,01/12/2024 11:05:00,13.45,-72.88,8.12,,,,
826,01/12/2024 11:10:00,13.43,-72.61,8.12,,,,
827,01/12/2024 11:15:00,13.40,-73.02,8.13,,,,
828,01/12/2024 11:20:00,13.35,-71.60,8.10,,,,
829,01/12/2024 11:25:00,13.35,-71.81,8.10,,,,
830,01/12/2024 11:30:00,13.35,-72.21,8.11,,,,
831,01/12/2024 11:35:00,13.43,-72.67,8.12,,,,
832,01/12/2024 11:40:00,13.50,-73.00,8.12,,,,
833,01/12/2024 11:45:00,13.52,-73.19,8.13,,,,
834,01/12/2024 11:50:00,13.52,-72.91,8.12,,,,
835,01/12/2024 11:55:00,13.57,-73.44,8.13,,,,
836,01/12/2024 12:00:00,13.62,-73.42,8.13,,,,
837,01/12/2024 12:05:00,13.62,-73.24,8.13,,,,
838,01/12/2024 12:10:00,13.62,-73.31,8.13,,,,
839,01/12/2024 12:15:00,13.64,-73.38,8.13,,,,
840,01/12/2024 12:20:00,13.71,-73.75,8.14,,,,
841,01/12/2024 12:25:00,13.74,-74.16,8.15,,,,
842,01/12/2024 12:30:00,13.79,-74.35,8.15,,,,
843,01/12/2024 12:35:00,13.83,-74.52,8.15,,,,
844,01/12/2024 12:40:00,13.91,-75.00,8.16,,,,
845,01/12/2024 12:45:00,13.98,-75.30,8.17,,,,
846,01/12/2024 12:50:00,14.05,-75.55,8.17,,,,
847,01/12/2024 12:55:00,14.10,-75.74,8.17,,,,
848,01/12/2024 13:00:00,14.12,-75.63,8.17,,,,
849,01/12/2024 13:05:00,14.15,-75.55,8.17,,,,
850,01/12/2024 13:10:00,14.15,-75.44,8.17,,,,
851,01/12/2024 13:15:00,14.15,-75.28,8.16,,,,
852,01/12/2024 13:20:00,14.15,-75.14,8.16,,,,
853,01/12/2024 13:25:00,14.17,-74.94,8.16,,,,
854,01/12/2024 13:30:00,14.17,-74.64,8.15,,,,
855,01/12/2024 13:35:00,14.19,-74.36,8.15,,,,
856,01/12/2024 13:40:00,14.22,-74.05,8.14,,,,
857,01/12/2024 13:45:00,14.22,-73.74,8.14,,,,
858,01/12/2024 13:50:00,14.24,-73.60,8.13,,,,
859,01/12/2024 13:55:00,14.27,-73.49,8.13,,,,
860,01/12/2024 14:00:00,14.29,-73.36,8.13,,,,
861,01/12/2024 14:05:00,14.31,-73.24,8.13,,,,
862,01/12/2024 14:10:00,14.34,-73.22,8.13,,,,
863,01/12/2024 14:15:00,14.34,-73.24,8.13,,,,
864,01/12/2024 14:20:00,14.36,-73.25,8.13,,,,
865,01/12/2024 14:25:00,14.39,-73.22,8.13,,,,
866,01/12/2024 14:30:00,14.41,-73.16,8.12,,,,
867,01/12/2024 14:35:00,14.41,-73.11,8.12,,,,
868,01/12/2024 14:40:00,14.43,-73.10,8.12,,,,
869,01/12/2024 14:45:00,14.46,-72.99,8.12,,,,
870,01/12/2024 14:50:00,14.48,-72.88,8.12,,,,
871,01/12/2024 14:55:00,14.48,-72.81,8.12,,,,
872,01/12/2024 15:00:00,14.51,-72.74,8.12,,,,
873,01/12/2024 15:05:00,14.51,-72.60,8.11,,,,
874,01/12/2024 15:10:00,14.53,-72.56,8.11,,,,
875,01/12/2024 15:15:00,14.53,-72.53,8.11,,,,
876,01/12/2024 15:20:00,14.55,-72.50,8.11,,,,
877,01/12/2024 15:25:00,14.55,-72.46,8.11,,,,
878,01/12/2024 15:30:00,14.55,-72.38,8.11,,,,
879,01/12/2024 15:35:00,14.55,-72.27,8.11,,,,
880,01/12/2024 15:40:00,14.58,-72.19,8.11,,,,
881,01/12/2024 15:45:00,14.58,-72.08,8.10,,,,
882,01/12/2024 15:50:00,14.58,-73.08,8.12,,,,
883,01/12/2024 15:55:00,14.60,-74.11,8.14,,,,
884,01/12/2024 16:00:00,14.60,-75.30,8.16,,,,
885,01/12/2024 16:05:00,14.60,-75.55,8.17,,,,
886,01/12/2024 16:10:00,14.62,-75.71,8.17,,,,
887,01/12/2024 16:15:00,14.62,-75.71,8.17,,,,
888,01/12/2024 16:20:00,14.60,-75.27,8.16,,,,
889,01/12/2024 16:25:00,14.60,-75.47,8.17,,,,
890,01/12/2024 16:30:00,14.58,-75.67,8.17,,,,
891,01/12/2024 16:35:00,14.58,-75.64,8.17,,,,
892,01/12/2024 16:40:00,14.55,-75.55,8.17,,,,
893,01/12/2024 16:45:00,14.53,-75.52,8.17,,,,
894,01/12/2024 16:50:00,14.51,-75.49,8.17,,,,
895,01/12/2024 16:55:00,14.48,-75.42,8.17,,,,
896,01/12/2024 17:00:00,14.43,-75.31,8.16,,,,
897,01/12/2024 17:05:00,14.41,-75.22,8.16,,,,
898,01/12/2024 17:10:00,14.39,-75.13,8.16,,,,
899,01/12/2024 17:15:00,14.34,-75.02,8.16,,,,
900,01/12/2024 17:20:00,14.31,-74.92,8.16,,,,
901,01/12/2024 17:25:00,14.29,-74.78,8.15,,,,
902,01/12/2024 17:30:00,14.27,-74.64,8.15,,,,
903,01/12/2024 17:35:00,14.24,-74.53,8.15,,,,
904,01/12/2024 17:40:00,14.22,-74.46,8.15,,,,
905,01/12/2024 17:45:00,14.19,-74.33,8.15,,,,
906,01/12/2024 17:50:00,14.15,-74.22,8.14,,,,
907,01/12/2024 17:55:00,14.12,-74.05,8.14,,,,
908,01/12/2024 18:00:00,14.12,-73.89,8.14,,,,
909,01/12/2024 18:05:00,14.12,-73.78,8.14,,,,
910,01/12/2024 18:10:00,14.07,-73.67,8.13,,,,
911,01/12/2024 18:15:00,14.05,-73.52,8.13,,,,
912,01/12/2024 18:20:00,14.00,-73.47,8.13,,,,
913,01/12/2024 18:25:00,13.98,-73.36,8.13,,,,
914,01/12/2024 18:30:00,13.95,-73.25,8.13,,,,
915,01/12/2024 18:35:00,13.91,-73.02,8.12,,,,
916,01/12/2024 18:40:00,13.91,-72.91,8.12,,,,
917,01/12/2024 18:45:00,13.86,-72.78,8.12,,,,
918,01/12/2024 18:50:00,13.86,-72.64,8.12,,,,
919,01/12/2024 18:55:00,13.83,-72.53,8.11,,,,
920,01/12/2024 19:00:00,13.81,-72.36,8.11,,,,
921,01/12/2024 19:05:00,13.81,-72.22,8.11,,,,
922,01/12/2024 19:10:00,13.81,-72.17,8.11,,,,
923,01/12/2024 19:15:00,13.79,-72.06,8.11,,,,
924,01/12/2024 19:20:00,13.76,-71.92,8.10,,,,
925,01/12/2024 19:25:00,13.76,-71.86,8.10,,,,
926,01/12/2024 19:30:00,13.74,-71.74,8.10,,,,
927,01/12/2024 19:35:00,13.69,-71.53,8.10,,,,
928,01/12/2024 19:40:00,13.67,-71.41,8.09,,,,
929,01/12/2024 19:45:00,13.67,-71.31,8.09,,,,
930,01/12/2024 19:50:00,13.64,-71.21,8.09,,,,
931,01/12/2024 19:55:00,13.64,-71.11,8.09,,,,
932,01/12/2024 20:00:00,13.62,-71.00,8.09,,,,
933,01/12/2024 20:05:00,13.59,-70.86,8.08,,,,
934,01/12/2024 20:10:00,13.57,-70.74,8.08,,,,
935,01/12/2024 20:15:00,13.55,-70.61,8.08,,,,
936,01/12/2024 20:20:00,13.52,-70.44,8.08,,,,
937,01/12/2024 20:25:00,13.50,-70.39,8.08,,,,
938,01/12/2024 20:30:00,13.47,-70.14,8.07,,,,
939,01/12/2024 20:35:00,13.38,-69.77,8.06,,,,
940,01/12/2024 20:40:00,13.26,-69.56,8.06,,,,
941,01/12/2024 20:45:00,13.23,-69.66,8.06,,,,
942,01/12/2024 20:50:00,13.26,-69.91,8.07,,,,
943,01/12/2024 20:55:00,13.28,-69.85,8.07,,,,
944,01/12/2024 21:00:00,13.31,-69.50,8.06,,,,
945,01/12/2024 21:05:00,13.31,-69.56,8.06,,,,
946,01/12/2024 21:10:00,13.33,-69.85,8.07,,,,
947,01/12/2024 21:15:00,13.33,-69.81,8.07,,,,
948,01/12/2024 21:20:00,13.38,-70.38,8.08,,,,
949,01/12/2024 21:25:00,13.33,-70.16,8.07,,,,
950,01/12/2024 21:30:00,13.33,-70.22,8.07,,,,
951,01/12/2024 21:35:00,13.35,-70.28,8.07,,,,
952,01/12/2024 21:40:00,13.35,-70.30,8.07,,,,
953,01/12/2024 21:45:00,13.35,-70.31,8.08,,,,
954,01/12/2024 21:50:00,13.38,-70.36,8.08,,,,
955,01/12/2024 21:55:00,13.40,-70.69,8.08,,,,
956,01/12/2024 22:00:00,13.40,-70.60,8.08,,,,
957,01/12/2024 22:05:00,13.40,-70.35,8.08,,,,
958,01/12/2024 22:10:00,13.40,-70.46,8.08,,,,
959,01/12/2024 22:15:00,13.45,-70.69,8.08,,,,
960,01/12/2024 22:20:00,13.43,-70.39,8.08,,,,
961,01/12/2024 22:25:00,13.43,-70.42,8.08,,,,
962,01/12/2024 22:30:00,13.45,-70.58,8.08,,,,
963,01/12/2024 22:35:00,13.47,-70.61,8.08,,,,
964,01/12/2024 22:40:00,13.50,-70.55,8.08,,,,
965,01/12/2024 22:45:00,13.50,-70.63,8.08,,,,
966,01/12/2024 22:50:00,13.45,-70.35,8.08,,,,
967,01/12/2024 22:55:00,13.47,-70.50,8.08,,,,
968,01/12/2024 23:00:00,13.47,-70.39,8.08,,,,
969,01/12/2024 23:05:00,13.52,-70.71,8.08,,,,
970,01/12/2024 23:10:00,13.52,-70.61,8.08,,,,
971,01/12/2024 23:15:00,13.55,-70.72,8.08,,,,
972,01/12/2024 23:20:00,13.45,-70.10,8.07,,,,
973,01/12/2024 23:25:00,13.55,-70.80,8.08,,,,
974,01/12/2024 23:30:00,13.52,-70.49,8.08,,,,
975,01/12/2024 23:35:00,13.50,-70.41,8.08,,,,
976,01/12/2024 23:40:00,13.50,-70.46,8.08,,,,
977,01/12/2024 23:45:00,13.52,-70.50,8.08,,,,
978,01/12/2024 23:50:00,13.52,-70.50,8.08,,,,
979,01/12/2024 23:55:00,13.55,-70.60,8.08,,,,
980,01/13/2024 00:00:00,13.52,-70.39,8.08,,,,
981,01/13/2024 00:05:00,13.55,-70.56,8.08,,,,
982,01/13/2024 00:10:00,13.52,-70.38,8.08,,,,
983,01/13/2024 00:15:00,13.47,-70.21,8.07,,,,
984,01/13/2024 00:20:00,13.47,-70.17,8.07,,,,
985,01/13/2024 00:25:00,13.45,-70.03,8.07,,,,
986,01/13/2024 00:30:00,13.45,-69.96,8.07,,,,
987,01/13/2024 00:35:00,13.43,-69.88,8.07,,,,
988,01/13/2024 00:40:00,13.43,-69.94,8.07,,,,
989,01/13/2024 00:45:00,13.43,-69.86,8.07,,,,
990,01/13/2024 00:50:00,13.40,-69.61,8.06,,,,
991,01/13/2024 00:55:00,13.40,-69.67,8.06,,,,
992,01/13/2024 01:00:00,13.38,-69.53,8.06,,,,
993,01/13/2024 01:05:00,13.38,-69.47,8.06,,,,
994,01/13/2024 01:10:00,13.35,-69.28,8.06,,,,
995,01/13/2024 01:15:00,13.33,-69.14,8.05,,,,
996,01/13/2024 01:20:00,13.40,-69.47,8.06,,,,
997,01/13/2024 01:25:00,13.40,-69.38,8.06,,,,
998,01/13/2024 01:30:00,13.40,-69.25,8.06,,,,
999,01/13/2024 01:35:00,13.40,-69.24,8.06,,,,
1000,01/13/2024 01:40:00,13.35,-68.97,8.05,,,,
1001,01/13/2024 01:45:00,13.31,-68.78,8.05,,,,
1002,01/13/2024 01:50:00,13.31,-68.66,8.04,,,,
1003,01/13/2024 01:55:00,13.31,-68.64,8.04,,,,
1004,01/13/2024 02:00:00,13.31,-68.61,8.04,,,,
1005,01/13/2024 02:05:00,13.28,-68.42,8.04,,,,
1006,01/13/2024 02:10:00,13.26,-68.25,8.04,,,,
1007,01/13/2024 02:15:00,13.23,-68.11,8.03,,,,
1008,01/13/2024 02:20:00,13.23,-67.97,8.03,,,,
1009,01/13/2024 02:25:00,13.18,-67.78,8.03,,,,
1010,01/13/2024 02:30:00,13.18,-67.61,8.03,,,,
1011,01/13/2024 02:35:00,13.18,-67.55,8.02,,,,
1012,01/13/2024 02:40:00,13.21,-67.49,8.02,,,,
1013,01/13/2024 02:45:00,13.21,-67.39,8.02,,,,
1014,01/13/2024 02:50:00,13.18,-67.30,8.02,,,,
1015,01/13/2024 02:55:00,13.18,-67.22,8.02,,,,
1016,01/13/2024 03:00:00,13.16,-67.11,8.02,,,,
1017,01/13/2024 03:05:00,13.14,-67.00,8.01,,,,
1018,01/13/2024 03:10:00,13.14,-66.88,8.01,,,,
1019,01/13/2024 03:15:00,13.11,-66.78,8.01,,,,
1020,01/13/2024 03:20:00,13.11,-66.64,8.01,,,,
1021,01/13/2024 03:25:00,13.11,-66.52,8.01,,,,
1022,01/13/2024 03:30:00,13.09,-66.10,8.00,,,,
1023,01/13/2024 03:35:00,13.09,-66.11,8.00,,,,
1024,01/13/2024 03:40:00,13.06,-65.99,8.00,,,,
1025,01/13/2024 03:45:00,13.04,-65.91,7.99,,,,
1026,01/13/2024 03:50:00,13.04,-65.88,7.99,,,,
1027,01/13/2024 03:55:00,13.04,-65.81,7.99,,,,
1028,01/13/2024 04:00:00,13.04,-65.71,7.99,,,,
1029,01/13/2024 04:05:00,13.02,-65.44,7.99,,,,
1030,01/13/2024 04:10:00,12.99,-65.31,7.98,,,,
1031,01/13/2024 04:15:00,12.97,-65.13,7.98,,,,
1032,01/13/2024 04:20:00,12.99,-64.88,7.98,,,,
1033,01/13/2024 04:25:00,12.94,-64.28,7.96,,,,
1034,01/13/2024 04:30:00,12.90,-64.36,7.97,,,,
1035,01/13/2024 04:35:00,12.82,-64.46,7.97,,,,
1036,01/13/2024 04:40:00,12.80,-64.47,7.97,,,,
1037,01/13/2024 04:45:00,12.80,-64.39,7.97,,,,
1038,01/13/2024 04:50:00,12.70,-64.47,7.97,,,,
1039,01/13/2024 04:55:00,12.68,-64.89,7.98,,,,
1040,01/13/2024 05:00:00,12.73,-65.42,7.99,,,,
1041,01/13/2024 05:05:00,12.75,-65.72,7.99,,,,
1042,01/13/2024 05:10:00,12.77,-65.86,7.99,,,,
1043,01/13/2024 05:15:00,12.85,-66.13,8.00,,,,
1044,01/13/2024 05:20:00,12.85,-65.80,7.99,,,,
1045,01/13/2024 05:25:00,12.85,-65.72,7.99,,,,
1046,01/13/2024 05:30:00,12.85,-65.71,7.99,,,,
1047,01/13/2024 05:35:00,12.85,-65.72,7.99,,,,
1048,01/13/2024 05:40:00,12.85,-65.71,7.99,,,,
1049,01/13/2024 05:45:00,12.82,-65.64,7.99,,,,
1050,01/13/2024 05:50:00,12.85,-65.71,7.99,,,,
1051,01/13/2024 05:55:00,12.82,-65.67,7.99,,,,
1052,01/13/2024 06:00:00,12.82,-65.78,7.99,,,,
1053,01/13/2024 06:05:00,12.82,-65.86,7.99,,,,
1054,01/13/2024 06:10:00,12.82,-65.89,8.00,,,,
1055,01/13/2024 06:15:00,12.85,-65.94,8.00,,,,
1056,01/13/2024 06:20:00,12.82,-65.99,8.00,,,,
1057,01/13/2024 06:25:00,12.80,-66.03,8.00,,,,
1058,01/13/2024 06:30:00,12.85,-66.14,8.00,,,,
1059,01/13/2024 06:35:00,12.90,-66.31,8.00,,,,
1060,01/13/2024 06:40:00,12.90,-66.41,8.00,,,,
1061,01/13/2024 06:45:00,12.90,-66.60,8.01,,,,
1062,01/13/2024 06:50:00,12.97,-67.10,8.02,,,,
1063,01/13/2024 06:55:00,12.90,-66.99,8.02,,,,
1064,01/13/2024 07:00:00,12.92,-67.16,8.02,,,,
1065,01/13/2024 07:05:00,12.99,-67.71,8.03,,,,
1066,01/13/2024 07:10:00,13.02,-67.71,8.03,,,,
1067,01/13/2024 07:15:00,12.99,-67.92,8.03,,,,
1068,01/13/2024 07:20:00,12.99,-67.97,8.03,,,,
1069,01/13/2024 07:25:00,12.92,-67.60,8.03,,,,
1070,01/13/2024 07:30:00,13.02,-68.05,8.03,,,,
1071,01/13/2024 07:35:00,13.31,-70.83,8.08,,,,
1072,01/13/2024 07:40:00,13.06,-68.44,8.04,,,,
1073,01/13/2024 07:45:00,13.38,-70.71,8.08,,,,
1074,01/13/2024 07:50:00,13.16,-69.11,8.05,,,,
1075,01/13/2024 07:55:00,13.43,-71.06,8.09,,,,
1076,01/13/2024 08:00:00,13.57,-72.00,8.11,,,,
1077,01/13/2024 08:05:00,13.57,-72.27,8.11,,,,
1078,01/13/2024 08:10:00,13.50,-71.13,8.09,,,,
1079,01/13/2024 08:15:00,13.59,-72.24,8.11,,,,
1080,01/13/2024 08:20:00,13.55,-71.78,8.10,,,,
1081,01/13/2024 08:25:00,13.52,-72.13,8.11,,,,
1082,01/13/2024 08:30:00,13.59,-72.72,8.12,,,,
1083,01/13/2024 08:35:00,13.43,-71.11,8.09,,,,
1084,01/13/2024 08:40:00,13.59,-73.06,8.13,,,,
1085,01/13/2024 08:45:00,13.62,-72.92,8.12,,,,
1086,01/13/2024 08:50:00,13.57,-72.78,8.12,,,,
1087,01/13/2024 08:55:00,13.57,-72.55,8.12,,,,
1088,01/13/2024 09:00:00,13.57,-72.66,8.12,,,,
1089,01/13/2024 09:05:00,13.57,-72.74,8.12,,,,
1090,01/13/2024 09:10:00,13.59,-73.02,8.12,,,,
1091,01/13/2024 09:15:00,13.59,-73.08,8.13,,,,
1092,01/13/2024 09:20:00,13.59,-73.08,8.13,,,,
1093,01/13/2024 09:25:00,13.62,-73.30,8.13,,,,
1094,01/13/2024 09:30:00,13.67,-73.75,8.14,,,,
1095,01/13/2024 09:35:00,13.64,-73.52,8.13,,,,
1096,01/13/2024 09:40:00,13.69,-74.00,8.14,,,,
1097,01/13/2024 09:45:00,13.71,-74.50,8.15,,,,
1098,01/13/2024 09:50:00,13.74,-74.47,8.15,,,,
1099,01/13/2024 09:55:00,13.74,-74.47,8.15,,,,
1100,01/13/2024 10:00:00,13.74,-74.39,8.15,,,,
1101,01/13/2024 10:05:00,13.76,-74.60,8.15,,,,
1102,01/13/2024 10:10:00,13.79,-74.63,8.15,,,,
1103,01/13/2024 10:15:00,13.79,-74.83,8.16,,,,
1104,01/13/2024 10:20:00,13.81,-74.92,8.16,,,,
1105,01/13/2024 10:25:00,13.81,-75.00,8.16,,,,
1106,01/13/2024 10:30:00,13.86,-75.63,8.17,,,,
1107,01/13/2024 10:35:00,13.86,-75.60,8.17,,,,
1108,01/13/2024 10:40:00,13.91,-75.96,8.18,,,,
1109,01/13/2024 10:45:00,13.91,-75.88,8.18,,,,
1110,01/13/2024 10:50:00,13.93,-75.94,8.18,,,,
1111,01/13/2024 10:55:00,13.95,-76.44,8.19,,,,
1112,01/13/2024 11:00:00,13.98,-76.85,8.19,,,,
1113,01/13/2024 11:05:00,14.05,-77.49,8.21,,,,
1114,01/13/2024 11:10:00,14.05,-77.00,8.20,,,,
1115,01/13/2024 11:15:00,14.10,-77.61,8.21,,,,
1116,01/13/2024 11:20:00,14.12,-77.77,8.21,,,,
1117,01/13/2024 11:25:00,14.22,-78.36,8.22,,,,
1118,01/13/2024 11:30:00,14.24,-78.33,8.22,,,,
1119,01/13/2024 11:35:00,14.29,-78.52,8.22,,,,
1120,01/13/2024 11:40:00,14.29,-78.55,8.22,,,,
1121,01/13/2024 11:45:00,14.29,-78.63,8.23,,,,
1122,01/13/2024 11:50:00,14.34,-78.69,8.23,,,,
1123,01/13/2024 11:55:00,14.36,-78.99,8.23,,,,
1124,01/13/2024 12:00:00,14.43,-79.66,8.24,,,,
1125,01/13/2024 12:05:00,14.41,-79.27,8.24,,,,
1126,01/13/2024 12:10:00,14.48,-79.72,8.24,,,,
1127,01/13/2024 12:15:00,14.48,-79.21,8.24,,,,
1128,01/13/2024 12:20:00,14.53,-79.61,8.24,,,,
1129,01/13/2024 12:25:00,14.58,-80.14,8.25,,,,
1130,01/13/2024 12:30:00,14.62,-80.10,8.25,,,,
1131,01/13/2024 12:35:00,14.58,-80.24,8.25,,,,
1132,01/13/2024 12:40:00,14.60,-80.19,8.25,,,,
1133,01/13/2024 12:45:00,14.65,-80.39,8.26,,,,
1134,01/13/2024 12:50:00,14.67,-80.81,8.26,,,,
1135,01/13/2024 12:55:00,14.67,-80.69,8.26,,,,
1136,01/13/2024 13:00:00,14.72,-80.92,8.27,,,,
1137,01/13/2024 13:05:00,14.77,-81.38,8.27,,,,
1138,01/13/2024 13:10:00,14.79,-81.77,8.28,,,,
1139,01/13/2024 13:15:00,14.84,-81.91,8.28,,,,
1140,01/13/2024 13:20:00,14.89,-82.13,8.29,,,,
1141,01/13/2024 13:25:00,14.91,-82.41,8.29,,,,
1142,01/13/2024 13:30:00,14.91,-82.55,8.30,,,,
1143,01/13/2024 13:35:00,14.91,-82.60,8.30,,,,
1144,01/13/2024 13:40:00,14.94,-82.64,8.30,,,,
1145,01/13/2024 13:45:00,14.94,-82.67,8.30,,,,
1146,01/13/2024 13:50:00,14.94,-82.53,8.29,,,,
1147,01/13/2024 13:55:00,14.94,-82.47,8.29,,,,
1148,01/13/2024 14:00:00,14.94,-82.39,8.29,,,,
1149,01/13/2024 14:05:00,14.94,-82.33,8.29,,,,
1150,01/13/2024 14:10:00,14.94,-82.30,8.29,,,,
1151,01/13/2024 14:15:00,14.94,-82.25,8.29,,,,
1152,01/13/2024 14:20:00,14.94,-82.17,8.29,,,,
1153,01/13/2024 14:25:00,14.94,-82.05,8.29,,,,
1154,01/13/2024 14:30:00,14.94,-81.97,8.28,,,,
1155,01/13/2024 14:35:00,14.94,-81.86,8.28,,,,
1156,01/13/2024 14:40:00,14.96,-81.75,8.28,,,,
1157,01/13/2024 14:45:00,14.96,-81.53,8.28,,,,
1158,01/13/2024 14:50:00,14.94,-81.33,8.27,,,,
1159,01/13/2024 14:55:00,14.96,-81.17,8.27,,,,
1160,01/13/2024 15:00:00,14.96,-81.02,8.27,,,,
1161,01/13/2024 15:05:00,14.96,-80.85,8.26,,,,
1162,01/13/2024 15:10:00,14.96,-80.64,8.26,,,,
1163,01/13/2024 15:15:00,14.96,-80.47,8.26,,,,
1164,01/13/2024 15:20:00,14.98,-80.64,8.26,,,,
1165,01/13/2024 15:25:00,14.98,-80.97,8.27,,,,
1166,01/13/2024 15:30:00,14.98,-81.05,8.27,,,,
1167,01/13/2024 15:35:00,14.98,-81.27,8.27,,,,
1168,01/13/2024 15:40:00,14.98,-81.58,8.28,,,,
1169,01/13/2024 15:45:00,14.98,-81.80,8.28,,,,
1170,01/13/2024 15:50:00,14.98,-81.91,8.28,,,,
1171,01/13/2024 15:55:00,14.96,-81.96,8.28,,,,
1172,01/13/2024 16:00:00,14.96,-81.99,8.28,,,,
1173,01/13/2024 16:05:00,14.96,-82.03,8.29,,,,
1174,01/13/2024 16:10:00,14.94,-82.13,8.29,,,,
1175,01/13/2024 16:15:00,14.94,-82.07,8.29,,,,
1176,01/13/2024 16:20:00,14.91,-81.99,8.28,,,,
1177,01/13/2024 16:25:00,14.91,-81.86,8.28,,,,
1178,01/13/2024 16:30:00,14.89,-81.77,8.28,,,,
1179,01/13/2024 16:35:00,14.86,-81.75,8.28,,,,
1180,01/13/2024 16:40:00,14.86,-81.75,8.28,,,,
1181,01/13/2024 16:45:00,14.84,-81.69,8.28,,,,
1182,01/13/2024 16:50:00,14.82,-81.58,8.28,,,,
1183,01/13/2024 16:55:00,14.82,-81.53,8.28,,,,
1184,01/13/2024 17:00:00,14.79,-81.42,8.28,,,,
1185,01/13/2024 17:05:00,14.77,-81.28,8.27,,,,
1186,01/13/2024 17:10:00,14.74,-81.19,8.27,,,,
1187,01/13/2024 17:15:00,14.72,-81.10,8.27,,,,
1188,01/13/2024 17:20:00,14.70,-80.96,8.27,,,,
1189,01/13/2024 17:25:00,14.67,-80.85,8.26,,,,
1190,01/13/2024 17:30:00,14.65,-80.74,8.26,,,,
1191,01/13/2024 17:35:00,14.62,-80.58,8.26,,,,
1192,01/13/2024 17:40:00,14.60,-80.47,8.26,,,,
1193,01/13/2024 17:45:00,14.60,-80.31,8.26,,,,
1194,01/13/2024 17:50:00,14.58,-80.19,8.25,,,,
1195,01/13/2024 17:55:00,14.55,-80.08,8.25,,,,
1196,01/13/2024 18:00:00,14.53,-79.96,8.25,,,,
1197,01/13/2024 18:05:00,14.51,-79.80,8.25,,,,
1198,01/13/2024 18:10:00,14.48,-79.66,8.24,,,,
1199,01/13/2024 18:15:00,14.48,-79.50,8.24,,,,
1200,01/13/2024 18:20:00,14.46,-79.35,8.24,,,,
1201,01/13/2024 18:25:00,14.43,-79.24,8.24,,,,
1202,01/13/2024 18:30:00,14.41,-79.10,8.23,,,,
1203,01/13/2024 18:35:00,14.39,-78.96,8.23,,,,
1204,01/13/2024 18:40:00,14.39,-78.81,8.23,,,,
1205,01/13/2024 18:45:00,14.36,-78.64,8.23,,,,
1206,01/13/2024 18:50:00,14.31,-78.49,8.22,,,,
1207,01/13/2024 18:55:00,14.29,-78.31,8.22,,,,
1208,01/13/2024 19:00:00,14.29,-78.19,8.22,,,,
1209,01/13/2024 19:05:00,14.27,-78.05,8.21,,,,
1210,01/13/2024 19:10:00,14.24,-77.92,8.21,,,,
1211,01/13/2024 19:15:00,14.24,-77.78,8.21,,,,
1212,01/13/2024 19:20:00,14.24,-77.66,8.21,,,,
1213,01/13/2024 19:25:00,14.22,-77.55,8.21,,,,
1214,01/13/2024 19:30:00,14.19,-77.46,8.20,,,,
1215,01/13/2024 19:35:00,14.19,-77.31,8.20,,,,
1216,01/13/2024 19:40:00,14.15,-77.21,8.20,,,,
1217,01/13/2024 19:45:00,14.12,-77.05,8.20,,,,
1218,01/13/2024 19:50:00,14.10,-76.96,8.20,,,,
1219,01/13/2024 19:55:00,14.07,-76.83,8.19,,,,
1220,01/13/2024 20:00:00,14.05,-76.64,8.19,,,,
1221,01/13/2024 20:05:00,14.05,-76.53,8.19,,,,
1222,01/13/2024 20:10:00,14.03,-76.46,8.19,,,,
1223,01/13/2024 20:15:00,14.00,-76.30,8.18,,,,
1224,01/13/2024 20:20:00,13.98,-76.13,8.18,,,,
1225,01/13/2024 20:25:00,13.98,-76.00,8.18,,,,
1226,01/13/2024 20:30:00,13.95,-75.86,8.18,,,,
1227,01/13/2024 20:35:00,13.95,-75.74,8.17,,,,
1228,01/13/2024 20:40:00,13.95,-75.66,8.17,,,,
1229,01/13/2024 20:45:00,13.93,-75.55,8.17,,,,
1230,01/13/2024 20:50:00,13.91,-75.05,8.16,,,,
1231,01/13/2024 20:55:00,13.91,-74.97,8.16,,,,
1232,01/13/2024 21:00:00,13.83,-74.46,8.15,,,,
1233,01/13/2024 21:05:00,13.81,-74.13,8.14,,,,
1234,01/13/2024 21:10:00,13.88,-74.50,8.15,,,,
1235,01/13/2024 21:15:00,13.91,-74.56,8.15,,,,
1236,01/13/2024 21:20:00,13.93,-74.10,8.14,,,,
1237,01/13/2024 21:25:00,13.95,-74.36,8.15,,,,
1238,01/13/2024 21:30:00,13.95,-74.19,8.14,,,,
1239,01/13/2024 21:35:00,13.93,-74.06,8.14,,,,
1240,01/13/2024 21:40:00,13.91,-74.05,8.14,,,,
1241,01/13/2024 21:45:00,13.93,-74.31,8.15,,,,
1242,01/13/2024 21:50:00,13.93,-74.25,8.15,,,,
1243,01/13/2024 21:55:00,13.93,-74.47,8.15,,,,
1244,01/13/2024 22:00:00,13.95,-74.61,8.15,,,,
1245,01/13/2024 22:05:00,13.98,-75.03,8.16,,,,
1246,01/13/2024 22:10:00,13.98,-74.97,8.16,,,,
1247,01/13/2024 22:15:00,13.98,-74.81,8.16,,,,
1248,01/13/2024 22:20:00,14.03,-75.25,8.16,,,,
1249,01/13/2024 22:25:00,14.03,-75.19,8.16,,,,
1250,01/13/2024 22:30:00,14.05,-75.35,8.17,,,,
1251,01/13/2024 22:35:00,14.10,-75.88,8.18,,,,
1252,01/13/2024 22:40:00,14.05,-74.85,8.16,,,,
1253,01/13/2024 22:45:00,14.00,-74.28,8.15,,,,
1254,01/13/2024 22:50:00,14.03,-74.61,8.15,,,,
1255,01/13/2024 22:55:00,14.05,-74.63,8.15,,,,
1256,01/13/2024 23:00:00,14.03,-74.05,8.14,,,,
1257,01/13/2024 23:05:00,14.03,-74.06,8.14,,,,
1258,01/13/2024 23:10:00,14.00,-73.89,8.14,,,,
1259,01/13/2024 23:15:00,14.07,-74.35,8.15,,,,
1260,01/13/2024 23:20:00,14.05,-73.92,8.14,,,,
1261,01/13/2024 23:25:00,14.03,-73.97,8.14,,,,
1262,01/13/2024 23:30:00,14.00,-73.71,8.14,,,,
1263,01/13/2024 23:35:00,14.03,-73.78,8.14,,,,
1264,01/13/2024 23:40:00,14.00,-73.60,8.13,,,,
1265,01/13/2024 23:45:00,14.05,-73.78,8.14,,,,
1266,01/13/2024 23:50:00,14.03,-73.71,8.14,,,,
1267,01/13/2024 23:55:00,14.05,-73.71,8.14,,,,
1268,01/14/2024 00:00:00,14.03,-73.53,8.13,,,,
1269,01/14/2024 00:05:00,14.05,-73.63,8.13,,,,
1270,01/14/2024 00:10:00,14.05,-73.69,8.14,,,,
1271,01/14/2024 00:15:00,14.03,-73.44,8.13,,,,
1272,01/14/2024 00:20:00,14.03,-73.36,8.13,,,,
1273,01/14/2024 00:25:00,14.05,-73.52,8.13,,,,
1274,01/14/2024 00:30:00,14.03,-73.38,8.13,,,,
1275,01/14/2024 00:35:00,14.03,-73.28,8.13,,,,
1276,01/14/2024 00:40:00,14.03,-73.44,8.13,,,,
1277,01/14/2024 00:45:00,14.00,-72.97,8.12,,,,
1278,01/14/2024 00:50:00,14.00,-72.97,8.12,,,,
1279,01/14/2024 00:55:00,14.00,-72.81,8.12,,,,
1280,01/14/2024 01:00:00,13.98,-72.66,8.12,,,,
1281,01/14/2024 01:05:00,13.95,-72.50,8.11,,,,
1282,01/14/2024 01:10:00,13.95,-72.44,8.11,,,,
1283,01/14/2024 01:15:00,13.95,-72.41,8.11,,,,
1284,01/14/2024 01:20:00,13.95,-72.22,8.11,,,,
1285,01/14/2024 01:25:00,13.93,-72.16,8.11,,,,
1286,01/14/2024 01:30:00,13.93,-72.02,8.10,,,,
1287,01/14/2024 01:35:00,13.91,-71.86,8.10,,,,
1288,01/14/2024 01:40:00,13.91,-71.74,8.10,,,,
1289,01/14/2024 01:45:00,13.88,-71.61,8.10,,,,
1290,01/14/2024 01:50:00,13.88,-71.50,8.10,,,,
1291,01/14/2024 01:55:00,13.86,-71.39,8.09,,,,
1292,01/14/2024 02:00:00,13.86,-71.25,8.09,,,,
1293,01/14/2024 02:05:00,13.88,-71.52,8.10,,,,
1294,01/14/2024 02:10:00,13.86,-71.25,8.09,,,,
1295,01/14/2024 02:15:00,13.86,-71.16,8.09,,,,
1296,01/14/2024 02:20:00,13.83,-71.03,8.09,,,,
1297,01/14/2024 02:25:00,13.83,-71.02,8.09,,,,
1298,01/14/2024 02:30:00,13.86,-71.05,8.09,,,,
1299,01/14/2024 02:35:00,13.86,-70.97,8.09,,,,
1300,01/14/2024 02:40:00,13.86,-71.11,8.09,,,,
1301,01/14/2024 02:45:00,13.83,-70.91,8.08,,,,
1302,01/14/2024 02:50:00,13.81,-70.58,8.08,,,,
1303,01/14/2024 02:55:00,13.81,-70.52,8.08,,,,
1304,01/14/2024 03:00:00,13.83,-70.52,8.08,,,,
1305,01/14/2024 03:05:00,13.79,-70.35,8.07,,,,
1306,01/14/2024 03:10:00,13.79,-70.25,8.07,,,,
1307,01/14/2024 03:15:00,13.79,-70.13,8.07,,,,
1308,01/14/2024 03:20:00,13.76,-69.97,8.07,,,,
1309,01/14/2024 03:25:00,13.74,-69.80,8.06,,,,
1310,01/14/2024 03:30:00,13.71,-69.53,8.06,,,,
1311,01/14/2024 03:35:00,13.69,-69.44,8.06,,,,
1312,01/14/2024 03:40:00,13.69,-69.27,8.05,,,,
1313,01/14/2024 03:45:00,13.69,-69.08,8.05,,,,
1314,01/14/2024 03:50:00,13.69,-69.13,8.05,,,,
1315,01/14/2024 03:55:00,13.69,-69.11,8.05,,,,
1316,01/14/2024 04:00:00,13.67,-69.06,8.05,,,,
1317,01/14/2024 04:05:00,13.67,-69.02,8.05,,,,
1318,01/14/2024 04:10:00,13.64,-69.00,8.05,,,,
1319,01/14/2024 04:15:00,13.64,-68.96,8.05,,,,
1320,01/14/2024 04:20:00,13.62,-68.60,8.04,,,,
1321,01/14/2024 04:25:00,13.62,-68.41,8.04,,,,
1322,01/14/2024 04:30:00,13.59,-68.25,8.04,,,,
1323,01/14/2024 04:35:00,13.55,-68.21,8.04,,,,
1324,01/14/2024 04:40:00,13.52,-68.25,8.04,,,,
1325,01/14/2024 04:45:00,13.50,-68.17,8.03,,,,
1326,01/14/2024 04:50:00,13.45,-68.08,8.03,,,,
1327,01/14/2024 04:55:00,13.45,-68.03,8.03,,,,
1328,01/14/2024 05:00:00,13.45,-67.81,8.03,,,,
1329,01/14/2024 05:05:00,13.43,-67.63,8.03,,,,
1330,01/14/2024 05:10:00,13.40,-67.56,8.02,,,,
1331,01/14/2024 05:15:00,13.35,-67.36,8.02,,,,
1332,01/14/2024 05:20:00,13.28,-67.24,8.02,,,,
1333,01/14/2024 05:25:00,13.28,-67.11,8.02,,,,
1334,01/14/2024 05:30:00,13.26,-66.91,8.01,,,,
1335,01/14/2024 05:35:00,13.26,-66.66,8.01,,,,
1336,01/14/2024 05:40:00,13.23,-66.58,8.01,,,,
1337,01/14/2024 05:45:00,13.14,-65.99,8.00,,,,
1338,01/14/2024 05:50:00,13.11,-66.22,8.00,,,,
1339,01/14/2024 05:55:00,13.11,-66.39,8.00,,,,
1340,01/14/2024 06:00:00,13.18,-67.17,8.02,,,,
1341,01/14/2024 06:05:00,13.23,-67.49,8.02,,,,
1342,01/14/2024 06:10:00,13.33,-67.80,8.03,,,,
1343,01/14/2024 06:15:00,13.33,-67.74,8.03,,,,
1344,01/14/2024 06:20:00,13.38,-67.80,8.03,,,,
1345,01/14/2024 06:25:00,13.40,-67.97,8.03,,,,
1346,01/14/2024 06:30:00,13.45,-67.89,8.03,,,,
1347,01/14/2024 06:35:00,13.43,-67.78,8.03,,,,
1348,01/14/2024 06:40:00,13.47,-67.96,8.03,,,,
1349,01/14/2024 06:45:00,13.47,-67.88,8.03,,,,
1350,01/14/2024 06:50:00,13.43,-67.72,8.03,,,,
1351,01/14/2024 06:55:00,13.40,-67.64,8.03,,,,
1352,01/14/2024 07:00:00,13.38,-67.55,8.02,,,,
1353,01/14/2024 07:05:00,13.38,-67.53,8.02,,,,
1354,01/14/2024 07:10:00,13.35,-67.55,8.02,,,,
1355,01/14/2024 07:15:00,13.35,-67.58,8.02,,,,
1356,01/14/2024 07:20:00,13.38,-67.66,8.03,,,,
1357,01/14/2024 07:25:00,13.35,-67.72,8.03,,,,
1358,01/14/2024 07:30:00,13.35,-67.75,8.03,,,,
1359,01/14/2024 07:35:00,13.35,-67.83,8.03,,,,
1360,01/14/2024 07:40:00,13.38,-68.00,8.03,,,,
1361,01/14/2024 07:45:00,13.38,-68.10,8.03,,,,
1362,01/14/2024 07:50:00,13.43,-68.35,8.04,,,,
1363,01/14/2024 07:55:00,13.43,-68.47,8.04,,,,
1364,01/14/2024 08:00:00,13.43,-68.53,8.04,,,,
1365,01/14/2024 08:05:00,13.40,-68.77,8.05,,,,
1366,01/14/2024 08:10:00,13.43,-68.94,8.05,,,,
1367,01/14/2024 08:15:00,13.47,-69.06,8.05,,,,
1368,01/14/2024 08:20:00,13.50,-69.39,8.06,,,,
1369,01/14/2024 08:25:00,13.50,-69.63,8.06,,,,
1370,01/14/2024 08:30:00,13.55,-69.78,8.06,,,,
1371,01/14/2024 08:35:00,13.57,-69.77,8.06,,,,
1372,01/14/2024 08:40:00,13.62,-70.17,8.07,,,,
1373,01/14/2024 08:45:00,13.64,-70.27,8.07,,,,
1374,01/14/2024 08:50:00,13.69,-70.78,8.08,,,,
1375,01/14/2024 08:55:00,13.71,-71.08,8.09,,,,
1376,01/14/2024 09:00:00,13.76,-71.55,8.10,,,,
1377,01/14/2024 09:05:00,13.81,-71.83,8.10,,,,
1378,01/14/2024 09:10:00,13.83,-72.00,8.10,,,,
1379,01/14/2024 09:15:00,13.83,-72.11,8.11,,,,
1380,01/14/2024 09:20:00,13.86,-72.58,8.12,,,,
1381,01/14/2024 09:25:00,13.88,-73.11,8.13,,,,
1382,01/14/2024 09:30:00,13.95,-73.91,8.14,,,,
1383,01/14/2024 09:35:00,13.93,-73.64,8.13,,,,
1384,01/14/2024 09:40:00,13.91,-72.46,8.11,,,,
1385,01/14/2024 09:45:00,13.93,-73.11,8.12,,,,
1386,01/14/2024 09:50:00,14.00,-74.30,8.15,,,,
1387,01/14/2024 09:55:00,14.03,-74.81,8.16,,,,
1388,01/14/2024 10:00:00,14.03,-74.75,8.15,,,,
1389,01/14/2024 10:05:00,14.05,-74.99,8.16,,,,
1390,01/14/2024 10:10:00,14.05,-74.80,8.16,,,,
1391,01/14/2024 10:15:00,14.07,-75.25,8.16,,,,
1392,01/14/2024 10:20:00,14.10,-75.60,8.17,,,,
1393,01/14/2024 10:25:00,14.10,-74.16,8.14,,,,
1394,01/14/2024 10:30:00,14.10,-74.72,8.15,,,,
1395,01/14/2024 10:35:00,14.12,-75.91,8.18,,,,
1396,01/14/2024 10:40:00,14.12,-76.16,8.18,,,,
1397,01/14/2024 10:45:00,14.17,-74.66,8.15,,,,
1398,01/14/2024 10:50:00,14.17,-74.22,8.14,,,,
1399,01/14/2024 10:55:00,14.15,-76.03,8.18,,,,
1400,01/14/2024 11:00:00,14.17,-75.28,8.16,,,,
1401,01/14/2024 11:05:00,14.17,-74.78,8.15,,,,
1402,01/14/2024 11:10:00,14.17,-74.86,8.16,,,,
1403,01/14/2024 11:15:00,14.17,-75.77,8.17,,,,
1404,01/14/2024 11:20:00,14.17,-75.28,8.16,,,,
1405,01/14/2024 11:25:00,14.17,-75.03,8.16,,,,
1406,01/14/2024 11:30:00,14.22,-76.11,8.18,,,,
1407,01/14/2024 11:35:00,14.24,-76.19,8.18,,,,
1408,01/14/2024 11:40:00,14.27,-75.31,8.16,,,,
1409,01/14/2024 11:45:00,14.27,-76.92,8.19,,,,
1410,01/14/2024 11:50:00,14.27,-75.72,8.17,,,,
1411,01/14/2024 11:55:00,14.27,-76.27,8.18,,,,
1412,01/14/2024 12:00:00,14.27,-76.24,8.18,,,,
1413,01/14/2024 12:05:00,14.29,-75.10,8.16,,,,
1414,01/14/2024 12:10:00,14.27,-75.11,8.16,,,,
1415,01/14/2024 12:15:00,14.29,-75.56,8.17,,,,
1416,01/14/2024 12:20:00,14.31,-76.85,8.19,,,,
1417,01/14/2024 12:25:00,14.34,-75.67,8.17,,,,
1418,01/14/2024 12:30:00,14.34,-77.11,8.20,,,,
1419,01/14/2024 12:35:00,14.41,-75.88,8.17,,,,
1420,01/14/2024 12:40:00,14.43,-75.66,8.17,,,,
1421,01/14/2024 12:45:00,14.46,-76.11,8.18,,,,
1422,01/14/2024 12:50:00,14.48,-76.06,8.18,,,,
1423,01/14/2024 12:55:00,14.51,-76.31,8.18,,,,
1424,01/14/2024 13:00:00,14.53,-76.41,8.18,,,,
1425,01/14/2024 13:05:00,14.55,-76.50,8.19,,,,
1426,01/14/2024 13:10:00,14.55,-76.94,8.19,,,,
1427,01/14/2024 13:15:00,14.62,-76.91,8.19,,,,
1428,01/14/2024 13:20:00,14.62,-77.06,8.20,,,,
1429,01/14/2024 13:25:00,14.65,-77.21,8.20,,,,
1430,01/14/2024 13:30:00,14.67,-77.39,8.20,,,,
1431,01/14/2024 13:35:00,14.67,-77.56,8.20,,,,
1432,01/14/2024 13:40:00,14.70,-77.81,8.21,,,,
1433,01/14/2024 13:45:00,14.74,-78.13,8.21,,,,
1434,01/14/2024 13:50:00,14.77,-78.35,8.22,,,,
1435,01/14/2024 13:55:00,14.79,-78.60,8.22,,,,
1436,01/14/2024 14:00:00,14.79,-78.88,8.23,,,,
1437,01/14/2024 14:05:00,14.84,-79.16,8.23,,,,
1438,01/14/2024 14:10:00,14.86,-79.31,8.24,,,,
1439,01/14/2024 14:15:00,14.89,-79.50,8.24,,,,
1440,01/14/2024 14:20:00,14.89,-79.75,8.24,,,,
1441,01/14/2024 14:25:00,14.91,-79.85,8.25,,,,
1442,01/14/2024 14:30:00,14.94,-79.96,8.25,,,,
1443,01/14/2024 14:35:00,14.94,-79.71,8.24,,,,
1444,01/14/2024 14:40:00,14.94,-79.49,8.24,,,,
1445,01/14/2024 14:45:00,14.94,-79.27,8.23,,,,
1446,01/14/2024 14:50:00,14.91,-79.08,8.23,,,,
1447,01/14/2024 14:55:00,14.91,-78.99,8.23,,,,
1448,01/14/2024 15:00:00,14.91,-78.88,8.23,,,,
1449,01/14/2024 15:05:00,14.91,-78.72,8.22,,,,
1450,01/14/2024 15:10:00,14.91,-78.64,8.22,,,,
1451,01/14/2024 15:15:00,14.91,-78.55,8.22,,,,
1452,01/14/2024 15:20:00,14.91,-78.46,8.22,,,,
1453,01/14/2024 15:25:00,14.91,-78.39,8.22,,,,
1454,01/14/2024 15:30:00,14.91,-78.38,8.22,,,,
1455,01/14/2024 15:35:00,14.91,-78.38,8.22,,,,
1456,01/14/2024 15:40:00,14.91,-78.30,8.22,,,,
1457,01/14/2024 15:45:00,14.91,-78.35,8.22,,,,
1458,01/14/2024 15:50:00,14.91,-78.27,8.22,,,,
1459,01/14/2024 15:55:00,14.89,-78.14,8.21,,,,
1460,01/14/2024 16:00:00,14.89,-78.08,8.21,,,,
1461,01/14/2024 16:05:00,14.89,-78.11,8.21,,,,
1462,01/14/2024 16:10:00,14.86,-78.35,8.22,,,,
1463,01/14/2024 16:15:00,14.86,-78.38,8.22,,,,
1464,01/14/2024 16:20:00,14.82,-79.35,8.24,,,,
1465,01/14/2024 16:25:00,14.82,-79.16,8.23,,,,
1466,01/14/2024 16:30:00,14.79,-78.96,8.23,,,,
1467,01/14/2024 16:35:00,14.77,-78.81,8.23,,,,
1468,01/14/2024 16:40:00,14.74,-78.69,8.22,,,,
1469,01/14/2024 16:45:00,14.72,-78.55,8.22,,,,
1470,01/14/2024 16:50:00,14.70,-78.44,8.22,,,,
1471,01/14/2024 16:55:00,14.67,-78.38,8.22,,,,
1472,01/14/2024 17:00:00,14.62,-78.30,8.22,,,,
1473,01/14/2024 17:05:00,14.60,-78.17,8.22,,,,
1474,01/14/2024 17:10:00,14.58,-78.03,8.21,,,,
1475,01/14/2024 17:15:00,14.55,-77.97,8.21,,,,
1476,01/14/2024 17:20:00,14.53,-77.89,8.21,,,,
1477,01/14/2024 17:25:00,14.51,-77.77,8.21,,,,
1478,01/14/2024 17:30:00,14.48,-77.64,8.21,,,,
1479,01/14/2024 17:35:00,14.48,-77.46,8.20,,,,
1480,01/14/2024 17:40:00,14.46,-77.35,8.20,,,,
1481,01/14/2024 17:45:00,14.43,-77.24,8.20,,,,
1482,01/14/2024 17:50:00,14.41,-77.10,8.20,,,,
1483,01/14/2024 17:55:00,14.39,-76.97,8.19,,,,
1484,01/14/2024 18:00:00,14.36,-76.86,8.19,,,,
1485,01/14/2024 18:05:00,14.34,-76.71,8.19,,,,
1486,01/14/2024 18:10:00,14.31,-76.61,8.19,,,,
1487,01/14/2024 18:15:00,14.31,-76.47,8.19,,,,
1488,01/14/2024 18:20:00,14.29,-76.25,8.18,,,,
1489,01/14/2024 18:25:00,14.27,-76.10,8.18,,,,
1490,01/14/2024 18:30:00,14.24,-75.39,8.17,,,,
1491,01/14/2024 18:35:00,14.22,-75.25,8.16,,,,
1492,01/14/2024 18:40:00,14.19,-74.97,8.16,,,,
1493,01/14/2024 18:45:00,14.17,-74.96,8.16,,,,
1494,01/14/2024 18:50:00,14.17,-74.97,8.16,,,,
1495,01/14/2024 18:55:00,14.15,-74.99,8.16,,,,
1496,01/14/2024 19:00:00,14.15,-74.58,8.15,,,,
1497,01/14/2024 19:05:00,14.12,-74.52,8.15,,,,
1498,01/14/2024 19:10:00,14.10,-74.50,8.15,,,,
1499,01/14/2024 19:15:00,14.10,-74.35,8.15,,,,
1500,01/14/2024 19:20:00,14.07,-74.28,8.15,,,,
1501,01/14/2024 19:25:00,14.03,-74.06,8.14,,,,
1502,01/14/2024 19:30:00,14.00,-73.96,8.14,,,,
1503,01/14/2024 19:35:00,13.98,-73.96,8.14,,,,
1504,01/14/2024 19:40:00,13.98,-73.91,8.14,,,,
1505,01/14/2024 19:45:00,13.98,-73.83,8.14,,,,
1506,01/14/2024 19:50:00,13.95,-73.75,8.14,,,,
1507,01/14/2024 19:55:00,13.93,-73.60,8.13,,,,
1508,01/14/2024 20:00:00,13.93,-72.69,8.12,,,,
1509,01/14/2024 20:05:00,13.91,-72.89,8.12,,,,
1510,01/14/2024 20:10:00,13.88,-72.49,8.11,,,,
1511,01/14/2024 20:15:00,13.86,-72.41,8.11,,,,
1512,01/14/2024 20:20:00,13.86,-72.08,8.11,,,,
1513,01/14/2024 20:25:00,13.83,-72.08,8.11,,,,
1514,01/14/2024 20:30:00,13.83,-72.14,8.11,,,,
1515,01/14/2024 20:35:00,13.81,-72.02,8.11,,,,
1516,01/14/2024 20:40:00,13.81,-71.97,8.10,,,,
1517,01/14/2024 20:45:00,13.81,-71.83,8.10,,,,
1518,01/14/2024 20:50:00,13.81,-71.78,8.10,,,,
1519,01/14/2024 20:55:00,13.81,-71.75,8.10,,,,
1520,01/14/2024 21:00:00,13.79,-71.69,8.10,,,,
1521,01/14/2024 21:05:00,13.76,-71.63,8.10,,,,
1522,01/14/2024 21:10:00,13.74,-71.56,8.10,,,,
1523,01/14/2024 21:15:00,13.74,-70.91,8.08,,,,
1524,01/14/2024 21:20:00,13.67,-70.39,8.08,,,,
1525,01/14/2024 21:25:00,13.62,-69.94,8.07,,,,
1526,01/14/2024 21:30:00,13.62,-69.78,8.06,,,,
1527,01/14/2024 21:35:00,13.67,-69.91,8.07,,,,
1528,01/14/2024 21:40:00,13.71,-70.00,8.07,,,,
1529,01/14/2024 21:45:00,13.74,-69.92,8.07,,,,
1530,01/14/2024 21:50:00,13.79,-70.06,8.07,,,,
1531,01/14/2024 21:55:00,13.81,-70.10,8.07,,,,
1532,01/14/2024 22:00:00,13.81,-70.08,8.07,,,,
1533,01/14/2024 22:05:00,13.81,-70.14,8.07,,,,
1534,01/14/2024 22:10:00,13.76,-70.13,8.07,,,,
1535,01/14/2024 22:15:00,13.79,-70.22,8.07,,,,
1536,01/14/2024 22:20:00,13.81,-70.36,8.07,,,,
1537,01/14/2024 22:25:00,13.83,-70.49,8.08,,,,
1538,01/14/2024 22:30:00,13.86,-70.64,8.08,,,,
1539,01/14/2024 22:35:00,13.86,-70.83,8.08,,,,
1540,01/14/2024 22:40:00,13.86,-70.92,8.08,,,,
1541,01/14/2024 22:45:00,13.88,-71.17,8.09,,,,
1542,01/14/2024 22:50:00,13.88,-71.11,8.09,,,,
1543,01/14/2024 22:55:00,13.88,-71.39,8.09,,,,
1544,01/14/2024 23:00:00,13.93,-72.16,8.11,,,,
1545,01/14/2024 23:05:00,13.95,-72.31,8.11,,,,
1546,01/14/2024 23:10:00,13.98,-72.67,8.12,,,,
1547,01/14/2024 23:15:00,14.00,-72.85,8.12,,,,
1548,01/14/2024 23:20:00,13.98,-72.33,8.11,,,,
1549,01/14/2024 23:25:00,14.00,-72.69,8.12,,,,
1550,01/14/2024 23:30:00,14.00,-72.69,8.12,,,,
1551,01/14/2024 23:35:00,13.98,-72.39,8.11,,,,
1552,01/14/2024 23:40:00,13.98,-72.39,8.11,,,,
1553,01/14/2024 23:45:00,13.98,-72.35,8.11,,,,
1554,01/14/2024 23:50:00,13.95,-72.44,8.11,,,,
1555,01/14/2024 23:55:00,13.98,-72.63,8.12,,,,
1556,01/15/2024 00:00:00,13.95,-72.24,8.11,,,,
1557,01/15/2024 00:05:00,13.95,-72.25,8.11,,,,
1558,01/15/2024 00:10:00,13.95,-71.77,8.10,,,,
1559,01/15/2024 00:15:00,13.95,-71.77,8.10,,,,
1560,01/15/2024 00:20:00,13.95,-71.97,8.10,,,,
1561,01/15/2024 00:25:00,14.00,-72.49,8.11,,,,
1562,01/15/2024 00:30:00,14.00,-72.47,8.11,,,,
1563,01/15/2024 00:35:00,13.98,-72.41,8.11,,,,
1564,01/15/2024 00:40:00,13.93,-71.71,8.10,,,,
1565,01/15/2024 00:45:00,13.95,-72.02,8.10,,,,
1566,01/15/2024 00:50:00,13.95,-72.13,8.11,,,,
1567,01/15/2024 00:55:00,13.95,-72.06,8.11,,,,
1568,01/15/2024 01:00:00,13.93,-71.61,8.10,,,,
1569,01/15/2024 01:05:00,13.95,-71.75,8.10,,,,
1570,01/15/2024 01:10:00,13.93,-71.35,8.09,,,,
1571,01/15/2024 01:15:00,13.91,-71.28,8.09,,,,
1572,01/15/2024 01:20:00,13.91,-71.14,8.09,,,,
1573,01/15/2024 01:25:00,13.91,-71.17,8.09,,,,
1574,01/15/2024 01:30:00,13.91,-71.13,8.09,,,,
1575,01/15/2024 01:35:00,13.91,-71.16,8.09,,,,
1576,01/15/2024 01:40:00,13.91,-71.25,8.09,,,,
1577,01/15/2024 01:45:00,13.93,-71.53,8.10,,,,
1578,01/15/2024 01:50:00,13.91,-70.96,8.09,,,,
1579,01/15/2024 01:55:00,13.88,-70.97,8.09,,,,
1580,01/15/2024 02:00:00,13.91,-70.91,8.08,,,,
1581,01/15/2024 02:05:00,13.91,-70.97,8.09,,,,
1582,01/15/2024 02:10:00,13.88,-70.88,8.08,,,,
1583,01/15/2024 02:15:00,13.88,-70.83,8.08,,,,
1584,01/15/2024 02:20:00,13.88,-70.97,8.09,,,,
1585,01/15/2024 02:25:00,13.86,-70.69,8.08,,,,
1586,01/15/2024 02:30:00,13.83,-70.49,8.08,,,,
1587,01/15/2024 02:35:00,13.83,-70.49,8.08,,,,
1588,01/15/2024 02:40:00,13.83,-70.46,8.08,,,,
1589,01/15/2024 02:45:00,13.83,-70.36,8.07,,,,
1590,01/15/2024 02:50:00,13.81,-70.25,8.07,,,,
1591,01/15/2024 02:55:00,13.81,-70.19,8.07,,,,
1592,01/15/2024 03:00:00,13.79,-70.05,8.07,,,,
1593,01/15/2024 03:05:00,13.76,-69.96,8.07,,,,
1594,01/15/2024 03:10:00,13.76,-69.97,8.07,,,,
1595,01/15/2024 03:15:00,13.76,-69.99,8.07,,,,
1596,01/15/2024 03:20:00,13.79,-69.92,8.07,,,,
1597,01/15/2024 03:25:00,13.76,-69.86,8.07,,,,
1598,01/15/2024 03:30:00,13.76,-69.86,8.07,,,,
1599,01/15/2024 03:35:00,13.74,-69.78,8.06,,,,
1600,01/15/2024 03:40:00,13.74,-69.69,8.06,,,,
1601,01/15/2024 03:45:00,13.74,-69.61,8.06,,,,
1602,01/15/2024 03:50:00,13.71,-69.49,8.06,,,,
1603,01/15/2024 03:55:00,13.69,-69.44,8.06,,,,
1604,01/15/2024 04:00:00,13.67,-69.24,8.05,,,,
1605,01/15/2024 04:05:00,13.67,-69.28,8.05,,,,
1606,01/15/2024 04:10:00,13.67,-69.30,8.06,,,,
1607,01/15/2024 04:15:00,13.64,-69.16,8.05,,,,
1608,01/15/2024 04:20:00,13.64,-69.03,8.05,,,,
1609,01/15/2024 04:25:00,13.64,-68.91,8.05,,,,
1610,01/15/2024 04:30:00,13.64,-68.75,8.05,,,,
1611,01/15/2024 04:35:00,13.62,-68.60,8.04,,,,
1612,01/15/2024 04:40:00,13.64,-68.46,8.04,,,,
1613,01/15/2024 04:45:00,13.64,-68.36,8.04,,,,
1614,01/15/2024 04:50:00,13.62,-68.28,8.04,,,,
1615,01/15/2024 04:55:00,13.59,-68.03,8.03,,,,
1616,01/15/2024 05:00:00,13.62,-67.94,8.03,,,,
1617,01/15/2024 05:05:00,13.62,-67.88,8.03,,,,
1618,01/15/2024 05:10:00,13.62,-67.81,8.03,,,,
1619,01/15/2024 05:15:00,13.59,-67.67,8.03,,,,
1620,01/15/2024 05:20:00,13.57,-67.64,8.02,,,,
1621,01/15/2024 05:25:00,13.52,-67.52,8.02,,,,
1622,01/15/2024 05:30:00,13.47,-67.42,8.02,,,,
1623,01/15/2024 05:35:00,13.47,-67.33,8.02,,,,
1624,01/15/2024 05:40:00,13.45,-67.22,8.02,,,,
1625,01/15/2024 05:45:00,13.43,-67.06,8.01,,,,
1626,01/15/2024 05:50:00,13.43,-66.77,8.01,,,,
1627,01/15/2024 05:55:00,13.40,-66.56,8.01,,,,
1628,01/15/2024 06:00:00,13.38,-66.52,8.00,,,,
1629,01/15/2024 06:05:00,13.38,-66.52,8.00,,,,
1630,01/15/2024 06:10:00,13.38,-66.36,8.00,,,,
1631,01/15/2024 06:15:00,13.35,-66.24,8.00,,,,
1632,01/15/2024 06:20:00,13.35,-66.10,8.00,,,,
1633,01/15/2024 06:25:00,13.33,-66.00,8.00,,,,
1634,01/15/2024 06:30:00,13.33,-65.91,7.99,,,,
1635,01/15/2024 06:35:00,13.28,-65.71,7.99,,,,
1636,01/15/2024 06:40:00,13.26,-65.60,7.99,,,,
1637,01/15/2024 06:45:00,13.21,-65.49,7.99,,,,
1638,01/15/2024 06:50:00,13.21,-65.19,7.98,,,,
1639,01/15/2024 06:55:00,13.26,-65.99,8.00,,,,
1640,01/15/2024 07:00:00,13.28,-66.16,8.00,,,,
1641,01/15/2024 07:05:00,13.31,-66.97,8.01,,,,
1642,01/15/2024 07:10:00,13.38,-67.71,8.03,,,,
1643,01/15/2024 07:15:00,13.43,-67.97,8.03,,,,
1644,01/15/2024 07:20:00,13.45,-68.25,8.04,,,,
1645,01/15/2024 07:25:00,13.47,-68.64,8.04,,,,
1646,01/15/2024 07:30:00,13.52,-68.97,8.05,,,,
1647,01/15/2024 07:35:00,13.55,-69.36,8.06,,,,
1648,01/15/2024 07:40:00,13.59,-69.60,8.06,,,,
1649,01/15/2024 07:45:00,13.59,-69.89,8.07,,,,
1650,01/15/2024 07:50:00,13.62,-70.35,8.07,,,,
1651,01/15/2024 07:55:00,13.67,-70.75,8.08,,,,
1652,01/15/2024 08:00:00,13.69,-71.21,8.09,,,,
1653,01/15/2024 08:05:00,13.71,-71.60,8.10,,,,
1654,01/15/2024 08:10:00,13.74,-71.92,8.10,,,,
1655,01/15/2024 08:15:00,13.76,-72.28,8.11,,,,
1656,01/15/2024 08:20:00,13.79,-72.46,8.11,,,,
1657,01/15/2024 08:25:00,13.81,-72.55,8.11,,,,
1658,01/15/2024 08:30:00,13.83,-72.80,8.12,,,,
1659,01/15/2024 08:35:00,13.83,-73.13,8.13,,,,
1660,01/15/2024 08:40:00,13.86,-73.30,8.13,,,,
1661,01/15/2024 08:45:00,13.88,-73.31,8.13,,,,
1662,01/15/2024 08:50:00,13.88,-73.50,8.13,,,,
1663,01/15/2024 08:55:00,13.91,-73.49,8.13,,,,
1664,01/15/2024 09:00:00,13.91,-73.78,8.14,,,,
1665,01/15/2024 09:05:00,13.93,-73.97,8.14,,,,
1666,01/15/2024 09:10:00,13.93,-73.86,8.14,,,,
1667,01/15/2024 09:15:00,13.95,-74.00,8.14,,,,
1668,01/15/2024 09:20:00,13.95,-73.96,8.14,,,,
1669,01/15/2024 09:25:00,13.98,-74.21,8.14,,,,
1670,01/15/2024 09:30:00,14.00,-74.41,8.15,,,,
1671,01/15/2024 09:35:00,14.03,-74.49,8.15,,,,
1672,01/15/2024 09:40:00,14.07,-75.24,8.16,,,,
1673,01/15/2024 09:45:00,14.10,-75.11,8.16,,,,
1674,01/15/2024 09:50:00,14.10,-75.24,8.16,,,,
1675,01/15/2024 09:55:00,14.12,-75.28,8.16,,,,
1676,01/15/2024 10:00:00,14.12,-75.28,8.16,,,,
1677,01/15/2024 10:05:00,14.15,-75.55,8.17,,,,
1678,01/15/2024 10:10:00,14.17,-75.30,8.16,,,,
1679,01/15/2024 10:15:00,14.17,-75.63,8.17,,,,
1680,01/15/2024 10:20:00,14.19,-75.77,8.17,,,,
1681,01/15/2024 10:25:00,14.22,-75.94,8.18,,,,
1682,01/15/2024 10:30:00,14.24,-75.89,8.18,,,,
1683,01/15/2024 10:35:00,14.27,-75.94,8.18,,,,
1684,01/15/2024 10:40:00,14.27,-77.06,8.20,,,,
1685,01/15/2024 10:45:00,14.29,-77.14,8.20,,,,
1686,01/15/2024 10:50:00,14.31,-77.33,8.20,,,,
1687,01/15/2024 10:55:00,14.34,-76.85,8.19,,,,
1688,01/15/2024 11:00:00,14.36,-76.50,8.19,,,,
1689,01/15/2024 11:05:00,14.39,-76.64,8.19,,,,
1690,01/15/2024 11:10:00,14.34,-77.17,8.20,,,,
1691,01/15/2024 11:15:00,14.36,-77.41,8.20,,,,
1692,01/15/2024 11:20:00,14.39,-77.66,8.21,,,,
1693,01/15/2024 11:25:00,14.43,-77.35,8.20,,,,
1694,01/15/2024 11:30:00,14.43,-77.63,8.21,,,,
1695,01/15/2024 11:35:00,14.46,-77.81,8.21,,,,
1696,01/15/2024 11:40:00,14.48,-77.85,8.21,,,,
1697,01/15/2024 11:45:00,14.51,-78.00,8.21,,,,
1698,01/15/2024 11:50:00,14.48,-78.27,8.22,,,,
1699,01/15/2024 11:55:00,14.51,-78.19,8.22,,,,
1700,01/15/2024 12:00:00,14.53,-78.44,8.22,,,,
1701,01/15/2024 12:05:00,14.55,-78.67,8.23,,,,
1702,01/15/2024 12:10:00,14.58,-78.86,8.23,,,,
1703,01/15/2024 12:15:00,14.60,-79.02,8.23,,,,
1704,01/15/2024 12:20:00,14.62,-78.77,8.23,,,,
1705,01/15/2024 12:25:00,14.60,-79.25,8.24,,,,
1706,01/15/2024 12:30:00,14.60,-79.28,8.24,,,,
1707,01/15/2024 12:35:00,14.60,-79.44,8.24,,,,
1708,01/15/2024 12:40:00,14.60,-79.46,8.24,,,,
1709,01/15/2024 12:45:00,14.62,-79.50,8.24,,,,
1710,01/15/2024 12:50:00,14.62,-79.60,8.24,,,,
1711,01/15/2024 12:55:00,14.65,-79.50,8.24,,,,
1712,01/15/2024 13:00:00,14.65,-79.67,8.24,,,,
1713,01/15/2024 13:05:00,14.70,-79.47,8.24,,,,
1714,01/15/2024 13:10:00,14.70,-79.71,8.24,,,,
1715,01/15/2024 13:15:00,14.72,-79.61,8.24,,,,
1716,01/15/2024 13:20:00,14.72,-79.72,8.24,,,,
1717,01/15/2024 13:25:00,14.74,-79.96,8.25,,,,
1718,01/15/2024 13:30:00,14.74,-80.27,8.25,,,,
1719,01/15/2024 13:35:00,14.74,-80.41,8.26,,,,
1720,01/15/2024 13:40:00,14.77,-80.55,8.26,,,,
1721,01/15/2024 13:45:00,14.74,-80.63,8.26,,,,
1722,01/15/2024 13:50:00,14.77,-80.71,8.26,,,,
1723,01/15/2024 13:55:00,14.79,-81.06,8.27,,,,
1724,01/15/2024 14:00:00,14.82,-81.03,8.27,,,,
1725,01/15/2024 14:05:00,14.82,-81.27,8.27,,,,
1726,01/15/2024 14:10:00,14.82,-81.39,8.27,,,,
1727,01/15/2024 14:15:00,14.82,-81.42,8.27,,,,
1728,01/15/2024 14:20:00,14.84,-81.63,8.28,,,,
1729,01/15/2024 14:25:00,14.86,-81.86,8.28,,,,
1730,01/15/2024 14:30:00,14.86,-82.02,8.29,,,,
1731,01/15/2024 14:35:00,14.86,-82.25,8.29,,,,
1732,01/15/2024 14:40:00,14.89,-82.41,8.29,,,,
1733,01/15/2024 14:45:00,14.89,-82.57,8.30,,,,
1734,01/15/2024 14:50:00,14.89,-82.64,8.30,,,,
1735,01/15/2024 14:55:00,14.86,-82.78,8.30,,,,
1736,01/15/2024 15:00:00,14.89,-83.02,8.30,,,,
1737,01/15/2024 15:05:00,14.91,-83.10,8.31,,,,
1738,01/15/2024 15:10:00,14.91,-83.16,8.31,,,,
1739,01/15/2024 15:15:00,14.91,-83.14,8.31,,,,
1740,01/15/2024 15:20:00,14.91,-83.30,8.31,,,,
1741,01/15/2024 15:25:00,14.91,-83.27,8.31,,,,
1742,01/15/2024 15:30:00,14.91,-83.02,8.30,,,,
1743,01/15/2024 15:35:00,14.91,-82.83,8.30,,,,
1744,01/15/2024 15:40:00,14.91,-82.66,8.30,,,,
1745,01/15/2024 15:45:00,14.89,-82.52,8.29,,,,
1746,01/15/2024 15:50:00,14.89,-82.41,8.29,,,,
1747,01/15/2024 15:55:00,14.89,-82.38,8.29,,,,
1748,01/15/2024 16:00:00,14.86,-82.28,8.29,,,,
1749,01/15/2024 16:05:00,14.86,-82.32,8.29,,,,
1750,01/15/2024 16:10:00,14.84,-82.33,8.29,,,,
1751,01/15/2024 16:15:00,14.82,-82.27,8.29,,,,
1752,01/15/2024 16:20:00,14.79,-82.17,8.29,,,,
1753,01/15/2024 16:25:00,14.77,-82.19,8.29,,,,
1754,01/15/2024 16:30:00,14.74,-82.22,8.29,,,,
1755,01/15/2024 16:35:00,14.72,-82.19,8.29,,,,
1756,01/15/2024 16:40:00,14.70,-82.16,8.29,,,,
1757,01/15/2024 16:45:00,14.67,-82.10,8.29,,,,
1758,01/15/2024 16:50:00,14.65,-82.05,8.29,,,,
1759,01/15/2024 16:55:00,14.65,-82.00,8.29,,,,
1760,01/15/2024 17:00:00,14.62,-81.88,8.28,,,,
1761,01/15/2024 17:05:00,14.60,-81.69,8.28,,,,
1762,01/15/2024 17:10:00,14.58,-81.58,8.28,,,,
1763,01/15/2024 17:15:00,14.55,-81.50,8.28,,,,
1764,01/15/2024 17:20:00,14.53,-81.28,8.27,,,,
1765,01/15/2024 17:25:00,14.51,-81.02,8.27,,,,
1766,01/15/2024 17:30:00,14.39,-81.89,8.29,,,,
1767,01/15/2024 17:35:00,14.41,-81.31,8.27,,,,
1768,01/15/2024 17:40:00,14.15,-83.69,8.32,,,,
1769,01/15/2024 17:45:00,13.69,-106.47,8.74,,,,
1770,01/15/2024 17:50:00,13.38,-109.99,8.81,,,,
1771,01/15/2024 17:55:00,13.40,-113.08,8.87,,,,
1772,01/15/2024 18:00:00,14.36,-114.02,8.88,,,,
1773,01/15/2024 18:05:00,15.70,-114.44,8.88,,,,
1774,01/15/2024 18:10:00,17.70,-113.89,8.86,,,,
1775,01/15/2024 18:15:00,19.22,-113.80,8.84,,,,
1776,01/15/2024 18:20:00,20.34,-112.89,8.82,,,,
1777,01/15/2024 18:25:00,21.75,-112.60,8.81,,,,
1778,01/15/2024 18:30:00,23.23,-113.02,8.81,,,,
1779,01/15/2024 18:35:00,24.10,-112.52,8.79,,,,
1780,01/15/2024 18:40:00,24.85,-112.11,8.78,,,,
1781,01/15/2024 18:45:00,25.55,-111.22,8.76,,,,
1782,01/15/2024 18:50:00,26.26,-110.63,8.74,,,,
1783,01/15/2024 18:55:00,26.89,-110.47,8.74,,,,
1784,01/15/2024 19:00:00,25.94,-110.80,8.75,,,,
1785,01/15/2024 19:05:00,25.28,-110.74,8.75,,,,
1786,01/15/2024 19:10:00,24.73,-110.78,8.76,,,,
1787,01/15/2024 19:15:00,24.24,-110.88,8.76,,,,
1788,01/15/2024 19:20:00,23.81,-110.97,8.77,,,,
1789,01/15/2024 19:25:00,23.45,-111.10,8.77,,,,
1790,01/15/2024 19:30:00,23.11,-111.16,8.77,,,,
1791,01/15/2024 19:35:00,22.85,-111.24,8.78,,,,
1792,01/15/2024 19:40:00,22.61,-111.30,8.78,,,,
1793,01/15/2024 19:45:00,22.39,-111.32,8.78,,,,
1794,01/15/2024 19:50:00,22.23,-111.30,8.78,,,,
1795,01/15/2024 19:55:00,22.06,-111.33,8.78,,,,
1796,01/15/2024 20:00:00,21.91,-111.32,8.78,,,,
1797,01/15/2024 20:05:00,21.80,-111.32,8.78,,,,
1798,01/15/2024 20:10:00,21.68,-111.33,8.78,,,,
1799,01/15/2024 20:15:00,21.58,-111.25,8.78,,,,
1800,01/15/2024 20:20:00,21.49,-111.21,8.78,,,,
1801,01/15/2024 20:25:00,21.41,-111.27,8.79,,,,
1802,01/15/2024 20:30:00,21.34,-111.35,8.79,,,,
1803,01/15/2024 20:35:00,21.29,-111.39,8.79,,,,
1804,01/15/2024 20:40:00,21.22,-111.44,8.79,,,,
1805,01/15/2024 20:45:00,21.17,-111.44,8.79,,,,
1806,01/15/2024 20:50:00,21.15,-111.49,8.79,,,,
1807,01/15/2024 20:55:00,21.10,-111.46,8.79,,,,
1808,01/15/2024 21:00:00,21.08,-111.39,8.79,,,,
1809,01/15/2024 21:05:00,21.06,-111.32,8.79,,,,
1810,01/15/2024 21:10:00,21.03,-111.22,8.79,,,,
1811,01/15/2024 21:15:00,21.01,-111.18,8.79,,,,
1812,01/15/2024 21:20:00,20.98,-111.27,8.79,,,,
1813,01/15/2024 21:25:00,20.96,-111.41,8.79,,,,
1814,01/15/2024 21:30:00,20.94,-111.49,8.79,,,,
1815,01/15/2024 21:35:00,20.91,-111.49,8.79,,,,
1816,01/15/2024 21:40:00,20.89,-111.53,8.79,,,,
1817,01/15/2024 21:45:00,20.86,-111.66,8.80,,,,
1818,01/15/2024 21:50:00,20.84,-111.61,8.79,,,,
1819,01/15/2024 21:55:00,20.82,-111.47,8.79,,,,
1820,01/15/2024 22:00:00,20.79,-111.24,8.79,,,,
1821,01/15/2024 22:05:00,20.79,-110.96,8.78,,,,
1822,01/15/2024 22:10:00,20.77,-110.91,8.78,,,,
1823,01/15/2024 22:15:00,20.77,-110.75,8.78,,,,
1824,01/15/2024 22:20:00,20.75,-110.75,8.78,,,,
1825,01/15/2024 22:25:00,20.72,-110.80,8.78,,,,
1826,01/15/2024 22:30:00,20.72,-110.78,8.78,,,,
1827,01/15/2024 22:35:00,20.70,-110.72,8.78,,,,
1828,01/15/2024 22:40:00,20.67,-110.60,8.78,,,,
1829,01/15/2024 22:45:00,20.67,-110.71,8.78,,,,
1830,01/15/2024 22:50:00,20.65,-110.94,8.78,,,,
1831,01/15/2024 22:55:00,20.65,-111.10,8.79,,,,
1832,01/15/2024 23:00:00,20.63,-111.14,8.79,,,,
1833,01/15/2024 23:05:00,20.63,-111.18,8.79,,,,
1834,01/15/2024 23:10:00,20.63,-111.19,8.79,,,,
1835,01/15/2024 23:15:00,20.60,-111.18,8.79,,,,
1836,01/15/2024 23:20:00,20.60,-111.21,8.79,,,,
1837,01/15/2024 23:25:00,20.58,-111.28,8.79,,,,
1838,01/15/2024 23:30:00,20.58,-111.33,8.79,,,,
1839,01/15/2024 23:35:00,20.58,-111.35,8.79,,,,
1840,01/15/2024 23:40:00,20.58,-111.36,8.79,,,,
1841,01/15/2024 23:45:00,20.58,-111.33,8.79,,,,
1842,01/15/2024 23:50:00,20.56,-111.30,8.79,,,,
1843,01/15/2024 23:55:00,20.56,-111.28,8.79,,,,
1844,01/16/2024 00:00:00,20.53,-111.27,8.79,,,,
1845,01/16/2024 00:05:00,20.53,-111.27,8.79,,,,
1846,01/16/2024 00:10:00,20.53,-111.28,8.79,,,,
1847,01/16/2024 00:15:00,20.51,-111.30,8.79,,,,
1848,01/16/2024 00:20:00,20.51,-111.30,8.79,,,,
1849,01/16/2024 00:25:00,20.51,-111.35,8.79,,,,
1850,01/16/2024 00:30:00,20.48,-111.39,8.79,,,,
1851,01/16/2024 00:35:00,20.48,-111.41,8.79,,,,
1852,01/16/2024 00:40:00,20.48,-111.44,8.79,,,,
1853,01/16/2024 00:45:00,20.46,-111.47,8.79,,,,
1854,01/16/2024 00:50:00,20.46,-111.50,8.80,,,,
1855,01/16/2024 00:55:00,20.46,-111.55,8.80,,,,
1856,01/16/2024 01:00:00,20.46,-111.57,8.80,,,,
1857,01/16/2024 01:05:00,20.46,-111.60,8.80,,,,
1858,01/16/2024 01:10:00,20.44,-111.61,8.80,,,,
1859,01/16/2024 01:15:00,20.44,-111.60,8.80,,,,
1860,01/16/2024 01:20:00,20.44,-111.61,8.80,,,,
1861,01/16/2024 01:25:00,20.41,-111.60,8.80,,,,
1862,01/16/2024 01:30:00,20.41,-111.57,8.80,,,,
1863,01/16/2024 01:35:00,20.39,-111.57,8.80,,,,
1864,01/16/2024 01:40:00,20.39,-111.53,8.80,,,,
1865,01/16/2024 01:45:00,20.39,-111.50,8.80,,,,
1866,01/16/2024 01:50:00,20.36,-111.47,8.80,,,,
1867,01/16/2024 01:55:00,20.36,-111.47,8.80,,,,
1868,01/16/2024 02:00:00,20.36,-111.46,8.79,,,,
1869,01/16/2024 02:05:00,20.34,-111.44,8.79,,,,
1870,01/16/2024 02:10:00,20.34,-111.44,8.79,,,,
1871,01/16/2024 02:15:00,20.34,-111.43,8.79,,,,
1872,01/16/2024 02:20:00,20.32,-111.44,8.79,,,,
1873,01/16/2024 02:25:00,20.32,-111.44,8.79,,,,
1874,01/16/2024 02:30:00,20.32,-111.43,8.79,,,,
1875,01/16/2024 02:35:00,20.32,-111.44,8.79,,,,
1876,01/16/2024 02:40:00,20.29,-111.47,8.80,,,,
1877,01/16/2024 02:45:00,20.29,-111.46,8.80,,,,
1878,01/16/2024 02:50:00,20.29,-111.46,8.80,,,,
1879,01/16/2024 02:55:00,20.27,-111.46,8.80,,,,
1880,01/16/2024 03:00:00,20.27,-111.46,8.80,,,,
1881,01/16/2024 03:05:00,20.27,-111.46,8.80,,,,
1882,01/16/2024 03:10:00,20.25,-111.46,8.80,,,,
1883,01/16/2024 03:15:00,20.25,-111.44,8.80,,,,
1884,01/16/2024 03:20:00,20.25,-111.44,8.80,,,,
1885,01/16/2024 03:25:00,20.22,-111.44,8.80,,,,
1886,01/16/2024 03:30:00,20.22,-111.43,8.80,,,,
1887,01/16/2024 03:35:00,20.20,-111.44,8.80,,,,
1888,01/16/2024 03:40:00,20.20,-111.44,8.80,,,,
1889,01/16/2024 03:45:00,20.17,-111.46,8.80,,,,
1890,01/16/2024 03:50:00,20.17,-111.44,8.80,,,,
1891,01/16/2024 03:55:00,20.17,-111.43,8.80,,,,
1892,01/16/2024 04:00:00,20.15,-111.41,8.80,,,,
1893,01/16/2024 04:05:00,20.15,-111.43,8.80,,,,
1894,01/16/2024 04:10:00,20.13,-111.43,8.80,,,,
1895,01/16/2024 04:15:00,20.13,-111.41,8.80,,,,
1896,01/16/2024 04:20:00,20.10,-111.41,8.80,,,,
1897,01/16/2024 04:25:00,20.10,-111.41,8.80,,,,
1898,01/16/2024 04:30:00,20.10,-111.38,8.79,,,,
1899,01/16/2024 04:35:00,20.10,-111.33,8.79,,,,
1900,01/16/2024 04:40:00,20.08,-111.32,8.79,,,,
1901,01/16/2024 04:45:00,20.08,-111.32,8.79,,,,
1902,01/16/2024 04:50:00,20.08,-111.32,8.79,,,,
1903,01/16/2024 04:55:00,20.08,-111.32,8.79,,,,
1904,01/16/2024 05:00:00,20.08,-111.28,8.79,,,,
1905,01/16/2024 05:05:00,20.08,-111.30,8.79,,,,
1906,01/16/2024 05:10:00,20.06,-111.35,8.79,,,,
1907,01/16/2024 05:15:00,20.06,-111.35,8.79,,,,
1908,01/16/2024 05:20:00,20.06,-111.33,8.79,,,,
1909,01/16/2024 05:25:00,20.06,-111.32,8.79,,,,
1910,01/16/2024 05:30:00,20.06,-111.30,8.79,,,,
1911,01/16/2024 05:35:00,20.06,-111.30,8.79,,,,
1912,01/16/2024 05:40:00,20.03,-111.30,8.79,,,,
1913,01/16/2024 05:45:00,20.03,-111.30,8.79,,,,
1914,01/16/2024 05:50:00,20.03,-111.32,8.79,,,,
1915,01/16/2024 05:55:00,20.03,-111.33,8.79,,,,
1916,01/16/2024 06:00:00,20.01,-111.32,8.79,,,,
1917,01/16/2024 06:05:00,20.01,-111.28,8.79,,,,
1918,01/16/2024 06:10:00,20.01,-111.28,8.79,,,,
1919,01/16/2024 06:15:00,20.01,-111.28,8.79,,,,
1920,01/16/2024 06:20:00,19.98,-111.30,8.79,,,,
1921,01/16/2024 06:25:00,19.98,-111.32,8.79,,,,
1922,01/16/2024 06:30:00,19.98,-111.25,8.79,,,,
1923,01/16/2024 06:35:00,19.98,-111.24,8.79,,,,
1924,01/16/2024 06:40:00,19.98,-111.24,8.79,,,,
1925,01/16/2024 06:45:00,19.96,-111.27,8.79,,,,
1926,01/16/2024 06:50:00,19.96,-111.28,8.79,,,,
1927,01/16/2024 06:55:00,19.94,-111.30,8.79,,,,
1928,01/16/2024 07:00:00,19.94,-111.28,8.79,,,,
1929,01/16/2024 07:05:00,19.94,-111.27,8.79,,,,
1930,01/16/2024 07:10:00,19.91,-111.24,8.79,,,,
1931,01/16/2024 07:15:00,19.91,-111.21,8.79,,,,
1932,01/16/2024 07:20:00,19.91,-111.21,8.79,,,,
1933,01/16/2024 07:25:00,19.91,-111.21,8.79,,,,
1934,01/16/2024 07:30:00,19.89,-111.18,8.79,,,,
1935,01/16/2024 07:35:00,19.89,-111.18,8.79,,,,
1936,01/16/2024 07:40:00,19.89,-111.16,8.79,,,,
1937,01/16/2024 07:45:00,19.89,-111.14,8.79,,,,
1938,01/16/2024 07:50:00,19.89,-111.11,8.79,,,,
1939,01/16/2024 07:55:00,19.89,-111.08,8.79,,,,
1940,01/16/2024 08:00:00,19.89,-111.08,8.79,,,,
1941,01/16/2024 08:05:00,19.89,-111.05,8.79,,,,
1942,01/16/2024 08:10:00,19.91,-111.03,8.79,,,,
1943,01/16/2024 08:15:00,19.91,-111.02,8.79,,,,
1944,01/16/2024 08:20:00,19.91,-111.03,8.79,,,,
1945,01/16/2024 08:25:00,19.91,-111.05,8.79,,,,
1946,01/16/2024 08:30:00,19.94,-111.05,8.79,,,,
1947,01/16/2024 08:35:00,19.94,-111.03,8.79,,,,
1948,01/16/2024 08:40:00,19.94,-111.02,8.79,,,,
1949,01/16/2024 08:45:00,19.96,-111.00,8.79,,,,
1950,01/16/2024 08:50:00,19.96,-110.99,8.79,,,,
1951,01/16/2024 08:55:00,19.98,-110.89,8.79,,,,
1952,01/16/2024 09:00:00,20.01,-110.85,8.79,,,,
1953,01/16/2024 09:05:00,20.06,-110.75,8.78,,,,
1954,01/16/2024 09:10:00,20.08,-110.74,8.78,,,,
1955,01/16/2024 09:15:00,20.10,-110.72,8.78,,,,
1956,01/16/2024 09:20:00,20.15,-110.71,8.78,,,,
1957,01/16/2024 09:25:00,20.17,-110.68,8.78,,,,
1958,01/16/2024 09:30:00,20.22,-110.61,8.78,,,,
1959,01/16/2024 09:35:00,20.27,-110.57,8.78,,,,
1960,01/16/2024 09:40:00,20.32,-110.55,8.78,,,,
1961,01/16/2024 09:45:00,20.34,-110.52,8.78,,,,
1962,01/16/2024 09:50:00,20.39,-110.44,8.78,,,,
1963,01/16/2024 09:55:00,20.46,-110.41,8.78,,,,
1964,01/16/2024 10:00:00,20.48,-110.39,8.77,,,,
1965,01/16/2024 10:05:00,20.53,-110.38,8.77,,,,
1966,01/16/2024 10:10:00,20.58,-110.36,8.77,,,,
1967,01/16/2024 10:15:00,20.63,-110.11,8.77,,,,
1968,01/16/2024 10:20:00,20.67,-110.08,8.77,,,,
1969,01/16/2024 10:25:00,20.72,-110.10,8.77,,,,
1970,01/16/2024 10:30:00,20.75,-110.14,8.77,,,,
1971,01/16/2024 10:35:00,20.79,-110.19,8.77,,,,
1972,01/16/2024 10:40:00,20.82,-110.16,8.77,,,,
1973,01/16/2024 10:45:00,20.84,-110.16,8.77,,,,
1974,01/16/2024 10:50:00,20.89,-110.14,8.77,,,,
1975,01/16/2024 10:55:00,20.91,-110.02,8.77,,,,
1976,01/16/2024 11:00:00,20.96,-109.97,8.76,,,,
1977,01/16/2024 11:05:00,20.98,-109.97,8.76,,,,
1978,01/16/2024 11:10:00,21.01,-109.97,8.76,,,,
1979,01/16/2024 11:15:00,21.06,-107.97,8.73,,,,
1980,01/16/2024 11:20:00,21.08,-107.85,8.73,,,,
1981,01/16/2024 11:25:00,21.10,-107.91,8.73,,,,
1982,01/16/2024 11:26:23,,,,Logged,,,
1983,01/16/2024 11:26:27,,,,Logged,Logged,,
1984,01/16/2024 11:26:28,,,,Logged,Logged,,
1985,01/16/2024 11:26:32,,,,,Logged,,
1986,01/16/2024 11:26:33,,,,Logged,,,
1987,01/16/2024 11:26:43,,,,,Logged,,
1988,01/16/2024 11:26:44,,,,Logged,,,
1989,01/16/2024 11:26:53,,,,,Logged,,
1990,01/16/2024 11:26:54,,,,Logged,,,
1991,01/16/2024 11:26:55,,,,,Logged,,
1992,01/16/2024 11:26:56,,,,Logged,,,
1993,01/16/2024 11:26:58,,,,,Logged,,
1994,01/16/2024 11:26:59,,,,Logged,,,
1995,01/16/2024 11:27:28,,,,Logged,Logged,,
1996,01/16/2024 11:28:35,,,,,,Logged,Logged
