#,Date-Time (PST),Ch:1 - Temperature   (Â°C),Ch:2 - Millivolts   (mv),Ch:3 - pH   (pH),Host Connected,Button Down,Button Up,Stopped,End of File
1,01/08/2024 13:00:00,16.44,-96.02,8.54,,,,,
2,01/08/2024 13:00:18,,,,Logged,,,,
3,01/08/2024 13:01:00,16.72,-96.05,8.53,,,,,
4,01/08/2024 13:02:00,16.82,-95.80,8.53,,,,,
5,01/08/2024 13:03:00,16.63,-95.96,8.53,,,,,
6,01/08/2024 13:04:00,16.30,-96.39,8.54,,,,,
7,01/08/2024 13:05:00,15.94,-96.92,8.55,,,,,
8,01/08/2024 13:06:00,15.53,-97.44,8.57,,,,,
9,01/08/2024 13:07:00,15.15,-97.99,8.58,,,,,
10,01/08/2024 13:08:00,14.74,-98.85,8.60,,,,,
11,01/08/2024 13:09:00,14.34,-99.08,8.60,,,,,
12,01/08/2024 13:10:00,13.93,-99.63,8.62,,,,,
13,01/08/2024 13:11:00,13.52,-100.14,8.63,,,,,
14,01/08/2024 13:12:00,13.14,-100.61,8.64,,,,,
15,01/08/2024 13:13:00,12.82,-101.03,8.65,,,,,
16,01/08/2024 13:14:00,12.53,-101.38,8.66,,,,,
17,01/08/2024 13:15:00,12.27,-101.72,8.66,,,,,
18,01/08/2024 13:16:00,12.00,-102.03,8.67,,,,,
19,01/08/2024 13:17:00,11.76,-102.35,8.68,,,,,
20,01/08/2024 13:18:00,11.52,-102.64,8.69,,,,,
21,01/08/2024 13:19:00,11.30,-102.91,8.69,,,,,
22,01/08/2024 13:20:00,11.05,-103.18,8.70,,,,,
23,01/08/2024 13:21:00,10.86,-103.44,8.70,,,,,
24,01/08/2024 13:22:00,10.66,-103.68,8.71,,,,,
25,01/08/2024 13:23:00,10.47,-104.25,8.72,,,,,
26,01/08/2024 13:24:00,10.27,-104.16,8.72,,,,,
27,01/08/2024 13:25:00,10.10,-104.35,8.73,,,,,
28,01/08/2024 13:26:00,9.93,-104.58,8.73,,,,,
29,01/08/2024 13:27:00,9.76,-104.78,8.74,,,,,
30,01/08/2024 13:28:00,9.58,-104.96,8.74,,,,,
31,01/08/2024 13:29:00,9.44,-105.14,8.75,,,,,
32,01/08/2024 13:30:00,9.29,-105.25,8.75,,,,,
33,01/08/2024 13:31:00,9.14,-105.44,8.75,,,,,
34,01/08/2024 13:32:00,8.99,-105.61,8.76,,,,,
35,01/08/2024 13:33:00,8.87,-105.75,8.76,,,,,
36,01/08/2024 13:34:00,8.72,-105.91,8.76,,,,,
37,01/08/2024 13:35:00,8.59,-106.03,8.77,,,,,
38,01/08/2024 13:36:00,8.47,-106.16,8.77,,,,,
39,01/08/2024 13:37:00,8.34,-106.27,8.77,,,,,
40,01/08/2024 13:38:00,8.24,-106.72,8.78,,,,,
41,01/08/2024 13:39:00,8.12,-106.49,8.78,,,,,
42,01/08/2024 13:40:00,8.02,-106.58,8.78,,,,,
43,01/08/2024 13:41:00,7.92,-106.69,8.78,,,,,
44,01/08/2024 13:42:00,7.82,-106.78,8.79,,,,,
45,01/08/2024 13:43:00,7.72,-106.88,8.79,,,,,
46,01/08/2024 13:44:00,7.62,-106.97,8.79,,,,,
47,01/08/2024 13:45:00,7.54,-107.05,8.79,,,,,
48,01/08/2024 13:46:00,7.44,-107.13,8.80,,,,,
49,01/08/2024 13:47:00,7.37,-107.21,8.80,,,,,
50,01/08/2024 13:48:00,7.29,-107.28,8.80,,,,,
51,01/08/2024 13:49:00,7.22,-107.36,8.80,,,,,
52,01/08/2024 13:50:00,7.14,-107.43,8.80,,,,,
53,01/08/2024 13:51:00,7.07,-107.50,8.80,,,,,
54,01/08/2024 13:52:00,6.99,-107.58,8.81,,,,,
55,01/08/2024 13:53:00,6.94,-108.02,8.82,,,,,
56,01/08/2024 13:54:00,6.86,-107.75,8.81,,,,,
57,01/08/2024 13:55:00,6.81,-107.82,8.81,,,,,
58,01/08/2024 13:56:00,6.74,-107.88,8.81,,,,,
59,01/08/2024 13:57:00,6.69,-107.93,8.82,,,,,
60,01/08/2024 13:58:00,6.64,-108.00,8.82,,,,,
61,01/08/2024 13:59:00,6.59,-108.05,8.82,,,,,
62,01/08/2024 14:00:00,6.53,-108.13,8.82,,,,,
63,01/08/2024 14:01:00,6.48,-108.19,8.82,,,,,
64,01/08/2024 14:02:00,6.43,-108.25,8.82,,,,,
65,01/08/2024 14:03:00,6.38,-108.33,8.83,,,,,
66,01/08/2024 14:04:00,6.36,-108.38,8.83,,,,,
67,01/08/2024 14:05:00,6.31,-108.44,8.83,,,,,
68,01/08/2024 14:06:00,6.26,-108.50,8.83,,,,,
69,01/08/2024 14:07:00,6.23,-108.55,8.83,,,,,
70,01/08/2024 14:08:00,6.18,-108.97,8.84,,,,,
71,01/08/2024 14:09:00,6.15,-108.68,8.83,,,,,
72,01/08/2024 14:10:00,6.10,-108.71,8.83,,,,,
73,01/08/2024 14:11:00,6.08,-108.75,8.84,,,,,
74,01/08/2024 14:12:00,6.05,-108.80,8.84,,,,,
75,01/08/2024 14:13:00,6.00,-108.85,8.84,,,,,
76,01/08/2024 14:14:00,5.97,-108.88,8.84,,,,,
77,01/08/2024 14:15:00,5.95,-108.93,8.84,,,,,
78,01/08/2024 14:16:00,5.92,-108.96,8.84,,,,,
79,01/08/2024 14:17:00,5.90,-109.00,8.84,,,,,
80,01/08/2024 14:18:00,5.87,-109.03,8.84,,,,,
81,01/08/2024 14:19:00,5.85,-109.07,8.84,,,,,
82,01/08/2024 14:20:00,5.82,-109.10,8.84,,,,,
83,01/08/2024 14:21:00,5.80,-109.13,8.84,,,,,
84,01/08/2024 14:22:00,5.77,-109.16,8.84,,,,,
85,01/08/2024 14:23:00,5.74,-109.53,8.85,,,,,
86,01/08/2024 14:24:00,5.74,-109.24,8.85,,,,,
87,01/08/2024 14:25:00,5.72,-109.24,8.85,,,,,
88,01/08/2024 14:26:00,5.69,-109.27,8.85,,,,,
89,01/08/2024 14:27:00,5.67,-109.28,8.85,,,,,
90,01/08/2024 14:28:00,5.67,-109.32,8.85,,,,,
91,01/08/2024 14:29:00,5.64,-109.33,8.85,,,,,
92,01/08/2024 14:30:00,5.62,-109.35,8.85,,,,,
93,01/08/2024 14:31:00,5.62,-109.36,8.85,,,,,
94,01/08/2024 14:32:00,5.59,-109.39,8.85,,,,,
95,01/08/2024 14:33:00,5.57,-109.41,8.85,,,,,
96,01/08/2024 14:34:00,5.57,-109.43,8.85,,,,,
97,01/08/2024 14:35:00,5.54,-109.44,8.85,,,,,
98,01/08/2024 14:36:00,5.54,-109.47,8.85,,,,,
99,01/08/2024 14:37:00,5.51,-109.47,8.85,,,,,
100,01/08/2024 14:38:00,5.51,-109.85,8.86,,,,,
101,01/08/2024 14:39:00,5.51,-109.52,8.85,,,,,
102,01/08/2024 14:40:00,5.49,-109.52,8.85,,,,,
103,01/08/2024 14:41:00,5.49,-109.52,8.85,,,,,
104,01/08/2024 14:42:00,5.46,-109.53,8.85,,,,,
105,01/08/2024 14:43:00,5.46,-109.55,8.85,,,,,
106,01/08/2024 14:44:00,5.44,-109.57,8.85,,,,,
107,01/08/2024 14:45:00,5.39,-109.58,8.86,,,,,
108,01/08/2024 14:46:00,5.33,-109.60,8.86,,,,,
109,01/08/2024 14:47:00,5.26,-109.63,8.86,,,,,
110,01/08/2024 14:48:00,5.18,-109.66,8.86,,,,,
111,01/08/2024 14:49:00,5.10,-109.69,8.86,,,,,
112,01/08/2024 14:50:00,5.02,-109.75,8.86,,,,,
113,01/08/2024 14:51:00,4.95,-109.80,8.86,,,,,
114,01/08/2024 14:52:00,4.84,-109.85,8.86,,,,,
115,01/08/2024 14:53:00,4.77,-110.25,8.87,,,,,
116,01/08/2024 14:54:00,4.66,-109.99,8.87,,,,,
117,01/08/2024 14:55:00,4.56,-110.05,8.87,,,,,
118,01/08/2024 14:56:00,4.48,-110.11,8.87,,,,,
119,01/08/2024 14:57:00,4.38,-110.19,8.87,,,,,
120,01/08/2024 14:58:00,4.27,-110.27,8.88,,,,,
121,01/08/2024 14:59:00,4.17,-110.36,8.88,,,,,
122,01/08/2024 15:00:00,4.06,-110.43,8.88,,,,,
123,01/08/2024 15:01:00,4.09,-110.39,8.88,,,,,
124,01/08/2024 15:02:00,4.27,-110.63,8.88,,,,,
125,01/08/2024 15:03:00,4.64,-110.32,8.87,,,,,
126,01/08/2024 15:04:00,5.05,-109.91,8.86,,,,,
127,01/08/2024 15:05:00,5.46,-109.46,8.85,,,,,
128,01/08/2024 15:06:00,5.87,-109.07,8.84,,,,,
129,01/08/2024 15:07:00,6.28,-108.69,8.83,,,,,
130,01/08/2024 15:08:00,6.66,-108.68,8.83,,,,,
131,01/08/2024 15:09:00,7.04,-107.99,8.81,,,,,
132,01/08/2024 15:10:00,7.39,-107.68,8.81,,,,,
133,01/08/2024 15:11:00,7.72,-107.49,8.80,,,,,
134,01/08/2024 15:12:00,8.05,-107.32,8.80,,,,,
135,01/08/2024 15:13:00,8.34,-107.18,8.79,,,,,
136,01/08/2024 15:14:00,8.62,-107.02,8.79,,,,,
137,01/08/2024 15:15:00,8.89,-106.82,8.78,,,,,
138,01/08/2024 15:16:00,9.16,-106.55,8.77,,,,,
139,01/08/2024 15:17:00,9.41,-106.27,8.77,,,,,
140,01/08/2024 15:18:00,9.63,-105.96,8.76,,,,,
141,01/08/2024 15:19:00,9.85,-105.66,8.75,,,,,
142,01/08/2024 15:20:00,10.08,-105.36,8.75,,,,,
143,01/08/2024 15:21:00,10.27,-105.08,8.74,,,,,
144,01/08/2024 15:22:00,10.47,-104.83,8.73,,,,,
145,01/08/2024 15:23:00,10.66,-104.93,8.73,,,,,
146,01/08/2024 15:24:00,10.83,-104.39,8.72,,,,,
147,01/08/2024 15:25:00,11.00,-104.19,8.72,,,,,
148,01/08/2024 15:26:00,11.18,-104.02,8.71,,,,,
149,01/08/2024 15:27:00,11.35,-103.85,8.71,,,,,
150,01/08/2024 15:28:00,11.49,-103.69,8.71,,,,,
151,01/08/2024 15:29:00,11.64,-103.52,8.70,,,,,
152,01/08/2024 15:30:00,11.78,-103.36,8.70,,,,,
153,01/08/2024 15:31:00,11.93,-103.21,8.69,,,,,
154,01/08/2024 15:32:00,12.05,-103.05,8.69,,,,,
155,01/08/2024 15:33:00,12.19,-102.89,8.69,,,,,
156,01/08/2024 15:34:00,12.32,-102.74,8.68,,,,,
157,01/08/2024 15:35:00,12.44,-102.58,8.68,,,,,
158,01/08/2024 15:36:00,12.56,-102.43,8.68,,,,,
159,01/08/2024 15:37:00,12.68,-102.27,8.67,,,,,
160,01/08/2024 15:38:00,12.77,-102.43,8.67,,,,,
161,01/08/2024 15:39:00,12.90,-101.96,8.67,,,,,
162,01/08/2024 15:40:00,12.99,-101.80,8.66,,,,,
163,01/08/2024 15:41:00,13.11,-101.64,8.66,,,,,
164,01/08/2024 15:42:00,13.21,-101.50,8.65,,,,,
165,01/08/2024 15:43:00,13.33,-101.35,8.65,,,,,
166,01/08/2024 15:44:00,13.43,-101.25,8.65,,,,,
167,01/08/2024 15:45:00,13.52,-101.07,8.64,,,,,
168,01/08/2024 15:46:00,13.62,-100.92,8.64,,,,,
169,01/08/2024 15:47:00,13.71,-100.78,8.64,,,,,
170,01/08/2024 15:48:00,13.79,-100.66,8.64,,,,,
171,01/08/2024 15:49:00,13.88,-100.53,8.63,,,,,
172,01/08/2024 15:50:00,13.95,-100.42,8.63,,,,,
173,01/08/2024 15:51:00,14.03,-100.32,8.63,,,,,
174,01/08/2024 15:52:00,14.12,-100.22,8.63,,,,,
175,01/08/2024 15:53:00,14.19,-100.41,8.63,,,,,
176,01/08/2024 15:54:00,14.27,-100.02,8.62,,,,,
177,01/08/2024 15:55:00,14.34,-99.91,8.62,,,,,
178,01/08/2024 15:56:00,14.39,-99.82,8.62,,,,,
179,01/08/2024 15:57:00,14.46,-99.74,8.61,,,,,
180,01/08/2024 15:58:00,14.53,-99.66,8.61,,,,,
181,01/08/2024 15:59:00,14.60,-99.58,8.61,,,,,
182,01/08/2024 16:00:00,14.65,-99.50,8.61,,,,,
183,01/08/2024 16:01:00,14.72,-99.42,8.61,,,,,
184,01/08/2024 16:02:00,14.77,-99.35,8.61,,,,,
185,01/08/2024 16:03:00,14.82,-99.28,8.60,,,,,
186,01/08/2024 16:04:00,14.89,-99.21,8.60,,,,,
187,01/08/2024 16:05:00,14.94,-99.16,8.60,,,,,
188,01/08/2024 16:06:00,14.98,-99.10,8.60,,,,,
189,01/08/2024 16:07:00,15.03,-99.03,8.60,,,,,
190,01/08/2024 16:08:00,15.08,-99.28,8.60,,,,,
191,01/08/2024 16:09:00,15.13,-98.94,8.60,,,,,
192,01/08/2024 16:10:00,15.17,-98.88,8.60,,,,,
193,01/08/2024 16:11:00,15.20,-98.83,8.59,,,,,
194,01/08/2024 16:12:00,15.25,-98.78,8.59,,,,,
195,01/08/2024 16:13:00,15.29,-98.74,8.59,,,,,
196,01/08/2024 16:14:00,15.32,-98.69,8.59,,,,,
197,01/08/2024 16:15:00,15.37,-98.64,8.59,,,,,
198,01/08/2024 16:16:00,15.39,-98.60,8.59,,,,,
199,01/08/2024 16:17:00,15.44,-98.55,8.59,,,,,
200,01/08/2024 16:18:00,15.46,-98.52,8.59,,,,,
201,01/08/2024 16:19:00,15.49,-98.47,8.59,,,,,
202,01/08/2024 16:20:00,15.53,-98.42,8.58,,,,,
203,01/08/2024 16:21:00,15.56,-98.38,8.58,,,,,
204,01/08/2024 16:22:00,15.58,-98.33,8.58,,,,,
205,01/08/2024 16:23:00,15.60,-98.60,8.59,,,,,
206,01/08/2024 16:24:00,15.65,-98.28,8.58,,,,,
207,01/08/2024 16:25:00,15.68,-98.24,8.58,,,,,
208,01/08/2024 16:26:00,15.70,-98.19,8.58,,,,,
209,01/08/2024 16:27:00,15.72,-98.16,8.58,,,,,
210,01/08/2024 16:28:00,15.75,-98.13,8.58,,,,,
211,01/08/2024 16:29:00,15.77,-98.08,8.58,,,,,
212,01/08/2024 16:30:00,15.80,-98.05,8.58,,,,,
213,01/08/2024 16:31:00,15.82,-98.02,8.58,,,,,
214,01/08/2024 16:32:00,15.84,-97.99,8.58,,,,,
215,01/08/2024 16:33:00,15.87,-97.96,8.57,,,,,
216,01/08/2024 16:34:00,15.89,-97.92,8.57,,,,,
217,01/08/2024 16:35:00,15.91,-97.89,8.57,,,,,
218,01/08/2024 16:36:00,15.94,-97.86,8.57,,,,,
219,01/08/2024 16:37:00,15.94,-97.85,8.57,,,,,
220,01/08/2024 16:38:00,15.96,-98.10,8.58,,,,,
221,01/08/2024 16:39:00,15.99,-97.80,8.57,,,,,
222,01/08/2024 16:40:00,16.01,-97.77,8.57,,,,,
223,01/08/2024 16:41:00,16.03,-97.74,8.57,,,,,
224,01/08/2024 16:42:00,16.03,-97.72,8.57,,,,,
225,01/08/2024 16:43:00,16.06,-97.69,8.57,,,,,
226,01/08/2024 16:44:00,16.08,-97.67,8.57,,,,,
227,01/08/2024 16:45:00,16.08,-97.64,8.57,,,,,
228,01/08/2024 16:46:00,16.11,-97.63,8.57,,,,,
229,01/08/2024 16:47:00,16.13,-97.60,8.57,,,,,
230,01/08/2024 16:48:00,16.13,-97.58,8.57,,,,,
231,01/08/2024 16:49:00,16.15,-97.55,8.57,,,,,
232,01/08/2024 16:50:00,16.15,-97.53,8.57,,,,,
233,01/08/2024 16:51:00,16.18,-97.52,8.56,,,,,
234,01/08/2024 16:52:00,16.20,-97.50,8.56,,,,,
235,01/08/2024 16:53:00,16.20,-97.78,8.57,,,,,
236,01/08/2024 16:54:00,16.22,-97.47,8.56,,,,,
237,01/08/2024 16:55:00,16.22,-97.46,8.56,,,,,
238,01/08/2024 16:56:00,16.22,-97.44,8.56,,,,,
239,01/08/2024 16:57:00,16.25,-97.41,8.56,,,,,
240,01/08/2024 16:58:00,16.25,-97.39,8.56,,,,,
241,01/08/2024 16:59:00,16.27,-97.39,8.56,,,,,
242,01/08/2024 17:00:00,16.27,-97.38,8.56,,,,,
243,01/08/2024 17:01:00,16.27,-97.36,8.56,,,,,
244,01/08/2024 17:02:00,16.30,-97.33,8.56,,,,,
245,01/08/2024 17:03:00,16.30,-97.32,8.56,,,,,
246,01/08/2024 17:04:00,16.30,-97.32,8.56,,,,,
247,01/08/2024 17:05:00,16.32,-97.30,8.56,,,,,
248,01/08/2024 17:06:00,16.32,-97.28,8.56,,,,,
249,01/08/2024 17:07:00,16.32,-97.27,8.56,,,,,
250,01/08/2024 17:08:00,16.32,-97.57,8.56,,,,,
251,01/08/2024 17:09:00,16.34,-97.27,8.56,,,,,
252,01/08/2024 17:10:00,16.34,-97.25,8.56,,,,,
253,01/08/2024 17:11:00,16.34,-97.24,8.56,,,,,
254,01/08/2024 17:12:00,16.34,-97.22,8.56,,,,,
255,01/08/2024 17:13:00,16.37,-97.22,8.56,,,,,
256,01/08/2024 17:14:00,16.37,-97.21,8.56,,,,,
257,01/08/2024 17:15:00,16.37,-97.19,8.56,,,,,
258,01/08/2024 17:16:00,16.37,-97.19,8.56,,,,,
259,01/08/2024 17:17:00,16.37,-97.17,8.56,,,,,
260,01/08/2024 17:18:00,16.37,-97.17,8.56,,,,,
261,01/08/2024 17:19:00,16.39,-97.17,8.56,,,,,
262,01/08/2024 17:20:00,16.39,-97.16,8.56,,,,,
263,01/08/2024 17:21:00,16.39,-97.16,8.56,,,,,
264,01/08/2024 17:22:00,16.39,-97.14,8.56,,,,,
265,01/08/2024 17:23:00,16.39,-97.42,8.56,,,,,
266,01/08/2024 17:24:00,16.39,-97.14,8.56,,,,,
267,01/08/2024 17:25:00,16.39,-97.13,8.56,,,,,
268,01/08/2024 17:26:00,16.39,-97.13,8.56,,,,,
269,01/08/2024 17:27:00,16.39,-97.13,8.56,,,,,
270,01/08/2024 17:28:00,16.42,-97.11,8.56,,,,,
271,01/08/2024 17:29:00,16.42,-97.11,8.56,,,,,
272,01/08/2024 17:30:00,16.42,-97.11,8.56,,,,,
273,01/08/2024 17:31:00,16.42,-97.11,8.56,,,,,
274,01/08/2024 17:32:00,16.42,-97.10,8.56,,,,,
275,01/08/2024 17:33:00,16.42,-97.11,8.56,,,,,
276,01/08/2024 17:34:00,16.42,-97.10,8.56,,,,,
277,01/08/2024 17:35:00,16.42,-97.10,8.56,,,,,
278,01/08/2024 17:36:00,16.42,-97.10,8.56,,,,,
279,01/08/2024 17:37:00,16.42,-97.10,8.56,,,,,
280,01/08/2024 17:38:00,16.42,-97.39,8.56,,,,,
281,01/08/2024 17:39:00,16.42,-97.10,8.56,,,,,
282,01/08/2024 17:40:00,16.42,-97.10,8.56,,,,,
283,01/08/2024 17:41:00,16.42,-97.08,8.56,,,,,
284,01/08/2024 17:42:00,16.42,-97.08,8.56,,,,,
285,01/08/2024 17:43:00,16.42,-97.08,8.56,,,,,
286,01/08/2024 17:44:00,16.42,-97.08,8.56,,,,,
287,01/08/2024 17:45:00,16.42,-97.08,8.56,,,,,
288,01/08/2024 17:46:00,16.42,-97.08,8.56,,,,,
289,01/08/2024 17:47:00,16.42,-97.08,8.56,,,,,
290,01/08/2024 17:48:00,16.42,-97.08,8.56,,,,,
291,01/08/2024 17:49:00,16.42,-97.08,8.56,,,,,
292,01/08/2024 17:50:00,16.42,-97.08,8.56,,,,,
293,01/08/2024 17:51:00,16.42,-97.08,8.56,,,,,
294,01/08/2024 17:52:00,16.42,-97.08,8.56,,,,,
295,01/08/2024 17:53:00,16.42,-97.36,8.56,,,,,
296,01/08/2024 17:54:00,16.42,-97.10,8.56,,,,,
297,01/08/2024 17:55:00,16.42,-97.10,8.56,,,,,
298,01/08/2024 17:56:00,16.42,-97.08,8.56,,,,,
299,01/08/2024 17:57:00,16.42,-97.08,8.56,,,,,
300,01/08/2024 17:58:00,16.42,-97.10,8.56,,,,,
301,01/08/2024 17:59:00,16.42,-97.10,8.56,,,,,
302,01/08/2024 18:00:00,16.42,-97.10,8.56,,,,,
303,01/08/2024 18:01:00,16.42,-97.08,8.56,,,,,
304,01/08/2024 18:02:00,16.42,-97.10,8.56,,,,,
305,01/08/2024 18:03:00,16.42,-97.08,8.56,,,,,
306,01/08/2024 18:04:00,16.42,-97.10,8.56,,,,,
307,01/08/2024 18:05:00,16.42,-97.08,8.56,,,,,
308,01/08/2024 18:06:00,16.42,-97.10,8.56,,,,,
309,01/08/2024 18:07:00,16.42,-97.10,8.56,,,,,
310,01/08/2024 18:08:00,16.42,-97.39,8.56,,,,,
311,01/08/2024 18:09:00,16.42,-97.11,8.56,,,,,
312,01/08/2024 18:10:00,16.42,-97.11,8.56,,,,,
313,01/08/2024 18:11:00,16.42,-97.10,8.56,,,,,
314,01/08/2024 18:12:00,16.42,-97.10,8.56,,,,,
315,01/08/2024 18:13:00,16.39,-97.11,8.56,,,,,
316,01/08/2024 18:14:00,16.39,-97.11,8.56,,,,,
317,01/08/2024 18:15:00,16.39,-97.11,8.56,,,,,
318,01/08/2024 18:16:00,16.39,-97.11,8.56,,,,,
319,01/08/2024 18:17:00,16.39,-97.11,8.56,,,,,
320,01/08/2024 18:18:00,16.39,-97.13,8.56,,,,,
321,01/08/2024 18:19:00,16.39,-97.11,8.56,,,,,
322,01/08/2024 18:20:00,16.39,-97.13,8.56,,,,,
323,01/08/2024 18:21:00,16.39,-97.11,8.56,,,,,
324,01/08/2024 18:22:00,16.39,-97.13,8.56,,,,,
325,01/08/2024 18:23:00,16.39,-97.41,8.56,,,,,
326,01/08/2024 18:24:00,16.39,-97.14,8.56,,,,,
327,01/08/2024 18:25:00,16.39,-97.14,8.56,,,,,
328,01/08/2024 18:26:00,16.39,-97.14,8.56,,,,,
329,01/08/2024 18:27:00,16.39,-97.14,8.56,,,,,
330,01/08/2024 18:28:00,16.39,-97.13,8.56,,,,,
331,01/08/2024 18:29:00,16.39,-97.14,8.56,,,,,
332,01/08/2024 18:30:00,16.39,-97.13,8.56,,,,,
333,01/08/2024 18:31:00,16.39,-97.14,8.56,,,,,
334,01/08/2024 18:32:00,16.39,-97.14,8.56,,,,,
335,01/08/2024 18:33:00,16.37,-97.14,8.56,,,,,
336,01/08/2024 18:34:00,16.37,-97.14,8.56,,,,,
337,01/08/2024 18:35:00,16.37,-97.14,8.56,,,,,
338,01/08/2024 18:36:00,16.37,-97.14,8.56,,,,,
339,01/08/2024 18:37:00,16.37,-97.16,8.56,,,,,
340,01/08/2024 18:38:00,16.37,-97.44,8.56,,,,,
341,01/08/2024 18:39:00,16.37,-97.16,8.56,,,,,
342,01/08/2024 18:40:00,16.37,-97.16,8.56,,,,,
343,01/08/2024 18:41:00,16.39,-97.16,8.56,,,,,
344,01/08/2024 18:42:00,16.39,-97.14,8.56,,,,,
345,01/08/2024 18:43:00,16.39,-97.14,8.56,,,,,
346,01/08/2024 18:44:00,16.39,-97.14,8.56,,,,,
347,01/08/2024 18:45:00,16.39,-97.14,8.56,,,,,
348,01/08/2024 18:46:00,16.39,-97.14,8.56,,,,,
349,01/08/2024 18:47:00,16.39,-97.14,8.56,,,,,
350,01/08/2024 18:48:00,16.39,-97.14,8.56,,,,,
351,01/08/2024 18:49:00,16.39,-97.14,8.56,,,,,
352,01/08/2024 18:50:00,16.39,-97.16,8.56,,,,,
353,01/08/2024 18:51:00,16.39,-97.14,8.56,,,,,
354,01/08/2024 18:52:00,16.39,-97.14,8.56,,,,,
355,01/08/2024 18:53:00,16.39,-97.44,8.56,,,,,
356,01/08/2024 18:54:00,16.39,-97.16,8.56,,,,,
357,01/08/2024 18:55:00,16.39,-97.14,8.56,,,,,
358,01/08/2024 18:56:00,16.39,-97.14,8.56,,,,,
359,01/08/2024 18:57:00,16.39,-97.14,8.56,,,,,
360,01/08/2024 18:58:00,16.39,-97.14,8.56,,,,,
361,01/08/2024 18:59:00,16.39,-97.16,8.56,,,,,
362,01/08/2024 19:00:00,16.39,-97.16,8.56,,,,,
363,01/08/2024 19:01:00,16.39,-97.14,8.56,,,,,
364,01/08/2024 19:02:00,16.39,-97.14,8.56,,,,,
365,01/08/2024 19:03:00,16.39,-97.14,8.56,,,,,
366,01/08/2024 19:04:00,16.39,-97.16,8.56,,,,,
367,01/08/2024 19:05:00,16.39,-97.14,8.56,,,,,
368,01/08/2024 19:06:00,16.39,-97.16,8.56,,,,,
369,01/08/2024 19:07:00,16.39,-97.14,8.56,,,,,
370,01/08/2024 19:08:00,16.39,-97.44,8.56,,,,,
371,01/08/2024 19:09:00,16.39,-97.17,8.56,,,,,
372,01/08/2024 19:10:00,16.39,-97.17,8.56,,,,,
373,01/08/2024 19:11:00,16.39,-97.16,8.56,,,,,
374,01/08/2024 19:12:00,16.39,-97.16,8.56,,,,,
375,01/08/2024 19:13:00,16.39,-97.16,8.56,,,,,
376,01/08/2024 19:14:00,16.37,-97.16,8.56,,,,,
377,01/08/2024 19:15:00,16.37,-97.16,8.56,,,,,
378,01/08/2024 19:16:00,16.37,-97.16,8.56,,,,,
379,01/08/2024 19:17:00,16.37,-97.16,8.56,,,,,
380,01/08/2024 19:18:00,16.37,-97.16,8.56,,,,,
381,01/08/2024 19:19:00,16.37,-97.16,8.56,,,,,
382,01/08/2024 19:20:00,16.37,-97.17,8.56,,,,,
383,01/08/2024 19:21:00,16.37,-97.17,8.56,,,,,
384,01/08/2024 19:22:00,16.37,-97.17,8.56,,,,,
385,01/08/2024 19:23:00,16.37,-97.47,8.56,,,,,
386,01/08/2024 19:24:00,16.37,-97.19,8.56,,,,,
387,01/08/2024 19:25:00,16.37,-97.17,8.56,,,,,
388,01/08/2024 19:26:00,16.37,-97.17,8.56,,,,,
389,01/08/2024 19:27:00,16.37,-97.17,8.56,,,,,
390,01/08/2024 19:28:00,16.37,-97.19,8.56,,,,,
391,01/08/2024 19:29:00,16.37,-97.19,8.56,,,,,
392,01/08/2024 19:30:00,16.34,-97.19,8.56,,,,,
393,01/08/2024 19:31:00,16.34,-97.19,8.56,,,,,
394,01/08/2024 19:32:00,16.34,-97.21,8.56,,,,,
395,01/08/2024 19:33:00,16.34,-97.19,8.56,,,,,
396,01/08/2024 19:34:00,16.34,-97.21,8.56,,,,,
397,01/08/2024 19:35:00,16.34,-97.21,8.56,,,,,
398,01/08/2024 19:36:00,16.34,-97.21,8.56,,,,,
399,01/08/2024 19:37:00,16.34,-97.21,8.56,,,,,
400,01/08/2024 19:38:00,16.34,-97.50,8.56,,,,,
401,01/08/2024 19:39:00,16.34,-97.22,8.56,,,,,
402,01/08/2024 19:40:00,16.34,-97.22,8.56,,,,,
403,01/08/2024 19:41:00,16.34,-97.22,8.56,,,,,
404,01/08/2024 19:42:00,16.32,-97.22,8.56,,,,,
405,01/08/2024 19:43:00,16.32,-97.22,8.56,,,,,
406,01/08/2024 19:44:00,16.32,-97.22,8.56,,,,,
407,01/08/2024 19:45:00,16.32,-97.22,8.56,,,,,
408,01/08/2024 19:46:00,16.32,-97.22,8.56,,,,,
409,01/08/2024 19:47:00,16.32,-97.22,8.56,,,,,
410,01/08/2024 19:48:00,16.32,-97.22,8.56,,,,,
411,01/08/2024 19:49:00,16.32,-97.22,8.56,,,,,
412,01/08/2024 19:50:00,16.32,-97.22,8.56,,,,,
413,01/08/2024 19:51:00,16.32,-97.24,8.56,,,,,
414,01/08/2024 19:52:00,16.32,-97.24,8.56,,,,,
415,01/08/2024 19:53:00,16.32,-97.53,8.56,,,,,
416,01/08/2024 19:54:00,16.32,-97.25,8.56,,,,,
417,01/08/2024 19:55:00,16.30,-97.24,8.56,,,,,
418,01/08/2024 19:56:00,16.30,-97.25,8.56,,,,,
419,01/08/2024 19:57:00,16.30,-97.25,8.56,,,,,
420,01/08/2024 19:58:00,16.30,-97.24,8.56,,,,,
421,01/08/2024 19:59:00,16.30,-97.25,8.56,,,,,
422,01/08/2024 20:00:00,16.30,-97.25,8.56,,,,,
423,01/08/2024 20:01:00,16.30,-97.25,8.56,,,,,
424,01/08/2024 20:02:00,16.30,-97.25,8.56,,,,,
425,01/08/2024 20:03:00,16.30,-97.25,8.56,,,,,
426,01/08/2024 20:04:00,16.30,-97.25,8.56,,,,,
427,01/08/2024 20:05:00,16.30,-97.25,8.56,,,,,
428,01/08/2024 20:06:00,16.30,-97.25,8.56,,,,,
429,01/08/2024 20:07:00,16.30,-97.27,8.56,,,,,
430,01/08/2024 20:08:00,16.30,-97.57,8.56,,,,,
431,01/08/2024 20:09:00,16.27,-97.28,8.56,,,,,
432,01/08/2024 20:10:00,16.27,-97.28,8.56,,,,,
433,01/08/2024 20:11:00,16.27,-97.28,8.56,,,,,
434,01/08/2024 20:12:00,16.27,-97.28,8.56,,,,,
435,01/08/2024 20:13:00,16.27,-97.27,8.56,,,,,
436,01/08/2024 20:14:00,16.27,-97.28,8.56,,,,,
437,01/08/2024 20:15:00,16.27,-97.28,8.56,,,,,
438,01/08/2024 20:16:00,16.27,-97.28,8.56,,,,,
439,01/08/2024 20:17:00,16.27,-97.28,8.56,,,,,
440,01/08/2024 20:18:00,16.27,-97.28,8.56,,,,,
441,01/08/2024 20:19:00,16.27,-97.28,8.56,,,,,
442,01/08/2024 20:20:00,16.27,-97.28,8.56,,,,,
443,01/08/2024 20:21:00,16.27,-97.28,8.56,,,,,
444,01/08/2024 20:22:00,16.27,-97.28,8.56,,,,,
445,01/08/2024 20:23:00,16.27,-97.58,8.57,,,,,
446,01/08/2024 20:24:00,16.25,-97.32,8.56,,,,,
447,01/08/2024 20:25:00,16.25,-97.30,8.56,,,,,
448,01/08/2024 20:26:00,16.25,-97.30,8.56,,,,,
449,01/08/2024 20:27:00,16.25,-97.30,8.56,,,,,
450,01/08/2024 20:28:00,16.25,-97.30,8.56,,,,,
451,01/08/2024 20:29:00,16.25,-97.32,8.56,,,,,
452,01/08/2024 20:30:00,16.25,-97.32,8.56,,,,,
453,01/08/2024 20:31:00,16.25,-97.30,8.56,,,,,
454,01/08/2024 20:32:00,16.25,-97.32,8.56,,,,,
455,01/08/2024 20:33:00,16.25,-97.32,8.56,,,,,
456,01/08/2024 20:34:00,16.25,-97.32,8.56,,,,,
457,01/08/2024 20:35:00,16.25,-97.32,8.56,,,,,
458,01/08/2024 20:36:00,16.25,-97.32,8.56,,,,,
459,01/08/2024 20:37:00,16.22,-97.32,8.56,,,,,
460,01/08/2024 20:38:00,16.22,-97.61,8.57,,,,,
461,01/08/2024 20:39:00,16.22,-97.33,8.56,,,,,
462,01/08/2024 20:40:00,16.22,-97.33,8.56,,,,,
463,01/08/2024 20:41:00,16.22,-97.33,8.56,,,,,
464,01/08/2024 20:42:00,16.22,-97.33,8.56,,,,,
465,01/08/2024 20:43:00,16.22,-97.33,8.56,,,,,
466,01/08/2024 20:44:00,16.22,-97.33,8.56,,,,,
467,01/08/2024 20:45:00,16.22,-97.35,8.56,,,,,
468,01/08/2024 20:46:00,16.22,-97.35,8.56,,,,,
469,01/08/2024 20:47:00,16.22,-97.35,8.56,,,,,
470,01/08/2024 20:48:00,16.22,-97.35,8.56,,,,,
471,01/08/2024 20:49:00,16.22,-97.35,8.56,,,,,
472,01/08/2024 20:50:00,16.22,-97.35,8.56,,,,,
473,01/08/2024 20:51:00,16.22,-97.35,8.56,,,,,
474,01/08/2024 20:52:00,16.20,-97.35,8.56,,,,,
475,01/08/2024 20:53:00,16.20,-97.64,8.57,,,,,
476,01/08/2024 20:54:00,16.20,-97.36,8.56,,,,,
477,01/08/2024 20:55:00,16.20,-97.36,8.56,,,,,
478,01/08/2024 20:56:00,16.20,-97.36,8.56,,,,,
479,01/08/2024 20:57:00,16.20,-97.36,8.56,,,,,
480,01/08/2024 20:58:00,16.20,-97.36,8.56,,,,,
481,01/08/2024 20:59:00,16.20,-97.36,8.56,,,,,
482,01/08/2024 21:00:00,16.20,-97.36,8.56,,,,,
483,01/08/2024 21:01:00,16.20,-97.36,8.56,,,,,
484,01/08/2024 21:02:00,16.20,-97.38,8.56,,,,,
485,01/08/2024 21:03:00,16.20,-97.36,8.56,,,,,
486,01/08/2024 21:04:00,16.20,-97.38,8.56,,,,,
487,01/08/2024 21:05:00,16.20,-97.36,8.56,,,,,
488,01/08/2024 21:06:00,16.20,-97.38,8.56,,,,,
489,01/08/2024 21:07:00,16.20,-97.38,8.56,,,,,
490,01/08/2024 21:08:00,16.20,-97.67,8.57,,,,,
491,01/08/2024 21:09:00,16.20,-97.39,8.56,,,,,
492,01/08/2024 21:10:00,16.20,-97.39,8.56,,,,,
493,01/08/2024 21:11:00,16.20,-97.39,8.56,,,,,
494,01/08/2024 21:12:00,16.20,-97.38,8.56,,,,,
495,01/08/2024 21:13:00,16.20,-97.38,8.56,,,,,
496,01/08/2024 21:14:00,16.18,-97.39,8.56,,,,,
497,01/08/2024 21:15:00,16.18,-97.38,8.56,,,,,
498,01/08/2024 21:16:00,16.18,-97.38,8.56,,,,,
499,01/08/2024 21:17:00,16.18,-97.39,8.56,,,,,
500,01/08/2024 21:18:00,16.18,-97.39,8.56,,,,,
501,01/08/2024 21:19:00,16.18,-97.39,8.56,,,,,
502,01/08/2024 21:20:00,16.18,-97.39,8.56,,,,,
503,01/08/2024 21:21:00,16.18,-97.39,8.56,,,,,
504,01/08/2024 21:22:00,16.18,-97.39,8.56,,,,,
505,01/08/2024 21:23:00,16.18,-97.69,8.57,,,,,
506,01/08/2024 21:24:00,16.18,-97.41,8.56,,,,,
507,01/08/2024 21:25:00,16.18,-97.41,8.56,,,,,
508,01/08/2024 21:26:00,16.18,-97.39,8.56,,,,,
509,01/08/2024 21:27:00,16.18,-97.41,8.56,,,,,
510,01/08/2024 21:28:00,16.18,-97.41,8.56,,,,,
511,01/08/2024 21:29:00,16.18,-97.39,8.56,,,,,
512,01/08/2024 21:30:00,16.18,-97.41,8.56,,,,,
513,01/08/2024 21:31:00,16.18,-97.41,8.56,,,,,
514,01/08/2024 21:32:00,16.18,-97.41,8.56,,,,,
515,01/08/2024 21:33:00,16.18,-97.41,8.56,,,,,
516,01/08/2024 21:34:00,16.18,-97.41,8.56,,,,,
517,01/08/2024 21:35:00,16.18,-97.41,8.56,,,,,
518,01/08/2024 21:36:00,16.18,-97.41,8.56,,,,,
519,01/08/2024 21:37:00,16.18,-97.41,8.56,,,,,
520,01/08/2024 21:38:00,16.15,-97.71,8.57,,,,,
521,01/08/2024 21:39:00,16.15,-97.42,8.56,,,,,
522,01/08/2024 21:40:00,16.15,-97.42,8.56,,,,,
523,01/08/2024 21:41:00,16.15,-97.42,8.56,,,,,
524,01/08/2024 21:42:00,16.15,-97.42,8.56,,,,,
525,01/08/2024 21:43:00,16.15,-97.42,8.56,,,,,
526,01/08/2024 21:44:00,16.15,-97.42,8.56,,,,,
527,01/08/2024 21:45:00,16.15,-97.42,8.56,,,,,
528,01/08/2024 21:46:00,16.15,-97.42,8.56,,,,,
529,01/08/2024 21:47:00,16.15,-97.42,8.56,,,,,
530,01/08/2024 21:48:00,16.15,-97.42,8.56,,,,,
531,01/08/2024 21:49:00,16.15,-97.42,8.56,,,,,
532,01/08/2024 21:50:00,16.15,-97.42,8.56,,,,,
533,01/08/2024 21:51:00,16.15,-97.42,8.56,,,,,
534,01/08/2024 21:52:00,16.15,-97.44,8.56,,,,,
535,01/08/2024 21:53:00,16.15,-97.72,8.57,,,,,
536,01/08/2024 21:54:00,16.15,-97.46,8.56,,,,,
537,01/08/2024 21:55:00,16.15,-97.44,8.56,,,,,
538,01/08/2024 21:56:00,16.15,-97.44,8.56,,,,,
539,01/08/2024 21:57:00,16.15,-97.44,8.56,,,,,
540,01/08/2024 21:58:00,16.15,-97.44,8.56,,,,,
541,01/08/2024 21:59:00,16.15,-97.44,8.56,,,,,
542,01/08/2024 22:00:00,16.15,-97.44,8.56,,,,,
543,01/08/2024 22:01:00,16.15,-97.44,8.56,,,,,
544,01/08/2024 22:02:00,16.15,-97.44,8.56,,,,,
545,01/08/2024 22:03:00,16.15,-97.44,8.56,,,,,
546,01/08/2024 22:04:00,16.13,-97.44,8.56,,,,,
547,01/08/2024 22:05:00,16.13,-97.44,8.56,,,,,
548,01/08/2024 22:06:00,16.13,-97.46,8.56,,,,,
549,01/08/2024 22:07:00,16.13,-97.46,8.56,,,,,
550,01/08/2024 22:08:00,16.13,-97.74,8.57,,,,,
551,01/08/2024 22:09:00,16.13,-97.47,8.56,,,,,
552,01/08/2024 22:10:00,16.13,-97.46,8.56,,,,,
553,01/08/2024 22:11:00,16.13,-97.46,8.56,,,,,
554,01/08/2024 22:12:00,16.13,-97.46,8.56,,,,,
555,01/08/2024 22:13:00,16.13,-97.46,8.56,,,,,
556,01/08/2024 22:14:00,16.13,-97.47,8.56,,,,,
557,01/08/2024 22:15:00,16.13,-97.47,8.56,,,,,
558,01/08/2024 22:16:00,16.13,-97.46,8.56,,,,,
559,01/08/2024 22:17:00,16.13,-97.47,8.56,,,,,
560,01/08/2024 22:18:00,16.13,-97.47,8.56,,,,,
561,01/08/2024 22:19:00,16.13,-97.47,8.56,,,,,
562,01/08/2024 22:20:00,16.13,-97.47,8.56,,,,,
563,01/08/2024 22:21:00,16.13,-97.47,8.56,,,,,
564,01/08/2024 22:22:00,16.13,-97.47,8.56,,,,,
565,01/08/2024 22:23:00,16.13,-97.77,8.57,,,,,
566,01/08/2024 22:24:00,16.13,-97.49,8.56,,,,,
567,01/08/2024 22:25:00,16.13,-97.49,8.56,,,,,
568,01/08/2024 22:26:00,16.13,-97.49,8.56,,,,,
569,01/08/2024 22:27:00,16.11,-97.49,8.56,,,,,
570,01/08/2024 22:28:00,16.11,-97.49,8.56,,,,,
571,01/08/2024 22:29:00,16.11,-97.49,8.56,,,,,
572,01/08/2024 22:30:00,16.11,-97.49,8.56,,,,,
573,01/08/2024 22:31:00,16.11,-97.49,8.56,,,,,
574,01/08/2024 22:32:00,16.11,-97.49,8.56,,,,,
575,01/08/2024 22:33:00,16.11,-97.49,8.56,,,,,
576,01/08/2024 22:34:00,16.11,-97.49,8.56,,,,,
577,01/08/2024 22:35:00,16.11,-97.49,8.56,,,,,
578,01/08/2024 22:36:00,16.11,-97.49,8.56,,,,,
579,01/08/2024 22:37:00,16.11,-97.50,8.56,,,,,
580,01/08/2024 22:38:00,16.11,-97.78,8.57,,,,,
581,01/08/2024 22:39:00,16.11,-97.50,8.56,,,,,
582,01/08/2024 22:40:00,16.11,-97.50,8.56,,,,,
583,01/08/2024 22:41:00,16.11,-97.50,8.56,,,,,
584,01/08/2024 22:42:00,16.11,-97.50,8.56,,,,,
585,01/08/2024 22:43:00,16.11,-97.50,8.56,,,,,
586,01/08/2024 22:44:00,16.11,-97.50,8.56,,,,,
587,01/08/2024 22:45:00,16.11,-97.50,8.56,,,,,
588,01/08/2024 22:46:00,16.11,-97.50,8.56,,,,,
589,01/08/2024 22:47:00,16.11,-97.50,8.56,,,,,
590,01/08/2024 22:48:00,16.11,-97.50,8.56,,,,,
591,01/08/2024 22:49:00,16.11,-97.52,8.56,,,,,
592,01/08/2024 22:50:00,16.11,-97.50,8.56,,,,,
593,01/08/2024 22:51:00,16.08,-97.50,8.56,,,,,
594,01/08/2024 22:52:00,16.08,-97.50,8.56,,,,,
595,01/08/2024 22:53:00,16.08,-97.80,8.57,,,,,
596,01/08/2024 22:54:00,16.08,-97.52,8.57,,,,,
597,01/08/2024 22:55:00,16.08,-97.52,8.57,,,,,
598,01/08/2024 22:56:00,16.08,-97.52,8.57,,,,,
599,01/08/2024 22:57:00,16.08,-97.52,8.57,,,,,
600,01/08/2024 22:58:00,16.08,-97.52,8.57,,,,,
601,01/08/2024 22:59:00,16.08,-97.52,8.57,,,,,
602,01/08/2024 23:00:00,16.08,-97.52,8.57,,,,,
603,01/08/2024 23:01:00,16.08,-97.52,8.57,,,,,
604,01/08/2024 23:02:00,16.08,-97.52,8.57,,,,,
605,01/08/2024 23:03:00,16.08,-97.52,8.57,,,,,
606,01/08/2024 23:04:00,16.08,-97.52,8.57,,,,,
607,01/08/2024 23:05:00,16.08,-97.52,8.57,,,,,
608,01/08/2024 23:06:00,16.08,-97.52,8.57,,,,,
609,01/08/2024 23:07:00,16.08,-97.53,8.57,,,,,
610,01/08/2024 23:08:00,16.08,-97.82,8.57,,,,,
611,01/08/2024 23:09:00,16.08,-97.53,8.57,,,,,
612,01/08/2024 23:10:00,16.08,-97.53,8.57,,,,,
613,01/08/2024 23:11:00,16.08,-97.53,8.57,,,,,
614,01/08/2024 23:12:00,16.08,-97.53,8.57,,,,,
615,01/08/2024 23:13:00,16.08,-97.53,8.57,,,,,
616,01/08/2024 23:14:00,16.08,-97.53,8.57,,,,,
617,01/08/2024 23:15:00,16.08,-97.53,8.57,,,,,
618,01/08/2024 23:16:00,16.08,-97.53,8.57,,,,,
619,01/08/2024 23:17:00,16.08,-97.53,8.57,,,,,
620,01/08/2024 23:18:00,16.08,-97.53,8.57,,,,,
621,01/08/2024 23:19:00,16.08,-97.53,8.57,,,,,
622,01/08/2024 23:20:00,16.08,-97.53,8.57,,,,,
623,01/08/2024 23:21:00,16.08,-97.53,8.57,,,,,
624,01/08/2024 23:22:00,16.08,-97.53,8.57,,,,,
625,01/08/2024 23:23:00,16.08,-97.83,8.57,,,,,
626,01/08/2024 23:24:00,16.08,-97.55,8.57,,,,,
627,01/08/2024 23:25:00,16.08,-97.55,8.57,,,,,
628,01/08/2024 23:26:00,16.08,-97.53,8.57,,,,,
629,01/08/2024 23:27:00,16.08,-97.55,8.57,,,,,
630,01/08/2024 23:28:00,16.08,-97.55,8.57,,,,,
631,01/08/2024 23:29:00,16.08,-97.55,8.57,,,,,
632,01/08/2024 23:30:00,16.06,-97.55,8.57,,,,,
633,01/08/2024 23:31:00,16.06,-97.55,8.57,,,,,
634,01/08/2024 23:32:00,16.06,-97.55,8.57,,,,,
635,01/08/2024 23:33:00,16.06,-97.55,8.57,,,,,
636,01/08/2024 23:34:00,16.06,-97.55,8.57,,,,,
637,01/08/2024 23:35:00,16.06,-97.55,8.57,,,,,
638,01/08/2024 23:36:00,16.06,-97.55,8.57,,,,,
639,01/08/2024 23:37:00,16.06,-97.55,8.57,,,,,
640,01/08/2024 23:38:00,16.06,-97.83,8.57,,,,,
641,01/08/2024 23:39:00,16.06,-97.57,8.57,,,,,
642,01/08/2024 23:40:00,16.06,-97.55,8.57,,,,,
643,01/08/2024 23:41:00,16.06,-97.55,8.57,,,,,
644,01/08/2024 23:42:00,16.06,-97.57,8.57,,,,,
645,01/08/2024 23:43:00,16.06,-97.55,8.57,,,,,
646,01/08/2024 23:44:00,16.06,-97.57,8.57,,,,,
647,01/08/2024 23:45:00,16.06,-97.57,8.57,,,,,
648,01/08/2024 23:46:00,16.06,-97.57,8.57,,,,,
649,01/08/2024 23:47:00,16.06,-97.57,8.57,,,,,
650,01/08/2024 23:48:00,16.06,-97.55,8.57,,,,,
651,01/08/2024 23:49:00,16.06,-97.57,8.57,,,,,
652,01/08/2024 23:50:00,16.06,-97.57,8.57,,,,,
653,01/08/2024 23:51:00,16.06,-97.57,8.57,,,,,
654,01/08/2024 23:52:00,16.06,-97.57,8.57,,,,,
655,01/08/2024 23:53:00,16.06,-97.85,8.57,,,,,
656,01/08/2024 23:54:00,16.06,-97.58,8.57,,,,,
657,01/08/2024 23:55:00,16.06,-97.57,8.57,,,,,
658,01/08/2024 23:56:00,16.06,-97.57,8.57,,,,,
659,01/08/2024 23:57:00,16.06,-97.57,8.57,,,,,
660,01/08/2024 23:58:00,16.06,-97.58,8.57,,,,,
661,01/08/2024 23:59:00,16.06,-97.57,8.57,,,,,
662,01/09/2024 00:00:00,16.06,-97.58,8.57,,,,,
663,01/09/2024 00:01:00,16.06,-97.57,8.57,,,,,
664,01/09/2024 00:02:00,16.06,-97.57,8.57,,,,,
665,01/09/2024 00:03:00,16.06,-97.57,8.57,,,,,
666,01/09/2024 00:04:00,16.03,-97.57,8.57,,,,,
667,01/09/2024 00:05:00,16.03,-97.57,8.57,,,,,
668,01/09/2024 00:06:00,16.03,-97.58,8.57,,,,,
669,01/09/2024 00:07:00,16.03,-97.58,8.57,,,,,
670,01/09/2024 00:08:00,16.03,-97.86,8.57,,,,,
671,01/09/2024 00:09:00,16.03,-97.60,8.57,,,,,
672,01/09/2024 00:10:00,16.03,-97.58,8.57,,,,,
673,01/09/2024 00:11:00,16.03,-97.58,8.57,,,,,
674,01/09/2024 00:12:00,16.03,-97.58,8.57,,,,,
675,01/09/2024 00:13:00,16.03,-97.58,8.57,,,,,
676,01/09/2024 00:14:00,16.03,-97.58,8.57,,,,,
677,01/09/2024 00:15:00,16.03,-97.58,8.57,,,,,
678,01/09/2024 00:16:00,16.03,-97.58,8.57,,,,,
679,01/09/2024 00:17:00,16.03,-97.58,8.57,,,,,
680,01/09/2024 00:18:00,16.03,-97.58,8.57,,,,,
681,01/09/2024 00:19:00,16.03,-97.60,8.57,,,,,
682,01/09/2024 00:20:00,16.03,-97.58,8.57,,,,,
683,01/09/2024 00:21:00,16.03,-97.60,8.57,,,,,
684,01/09/2024 00:22:00,16.03,-97.58,8.57,,,,,
685,01/09/2024 00:23:00,16.03,-97.88,8.57,,,,,
686,01/09/2024 00:24:00,16.03,-97.61,8.57,,,,,
687,01/09/2024 00:25:00,16.03,-97.60,8.57,,,,,
688,01/09/2024 00:26:00,16.01,-97.60,8.57,,,,,
689,01/09/2024 00:27:00,16.01,-97.61,8.57,,,,,
690,01/09/2024 00:28:00,16.01,-97.60,8.57,,,,,
691,01/09/2024 00:29:00,16.01,-97.60,8.57,,,,,
692,01/09/2024 00:30:00,16.01,-97.61,8.57,,,,,
693,01/09/2024 00:31:00,16.01,-97.61,8.57,,,,,
694,01/09/2024 00:32:00,16.01,-97.61,8.57,,,,,
695,01/09/2024 00:33:00,16.01,-97.60,8.57,,,,,
696,01/09/2024 00:34:00,16.01,-97.61,8.57,,,,,
697,01/09/2024 00:35:00,16.01,-97.61,8.57,,,,,
698,01/09/2024 00:36:00,16.01,-97.61,8.57,,,,,
699,01/09/2024 00:37:00,16.01,-97.61,8.57,,,,,
700,01/09/2024 00:38:00,16.01,-97.89,8.57,,,,,
701,01/09/2024 00:39:00,16.01,-97.63,8.57,,,,,
702,01/09/2024 00:40:00,16.01,-97.63,8.57,,,,,
703,01/09/2024 00:41:00,15.99,-97.63,8.57,,,,,
704,01/09/2024 00:42:00,15.99,-97.63,8.57,,,,,
705,01/09/2024 00:43:00,15.99,-97.63,8.57,,,,,
706,01/09/2024 00:44:00,15.99,-97.63,8.57,,,,,
707,01/09/2024 00:45:00,15.99,-97.63,8.57,,,,,
708,01/09/2024 00:46:00,15.99,-97.63,8.57,,,,,
709,01/09/2024 00:47:00,15.99,-97.63,8.57,,,,,
710,01/09/2024 00:48:00,15.99,-97.63,8.57,,,,,
711,01/09/2024 00:49:00,15.99,-97.63,8.57,,,,,
712,01/09/2024 00:50:00,15.99,-97.64,8.57,,,,,
713,01/09/2024 00:51:00,15.99,-97.63,8.57,,,,,
714,01/09/2024 00:52:00,15.96,-97.64,8.57,,,,,
715,01/09/2024 00:53:00,15.96,-97.92,8.57,,,,,
716,01/09/2024 00:54:00,15.96,-97.66,8.57,,,,,
717,01/09/2024 00:55:00,15.96,-97.64,8.57,,,,,
718,01/09/2024 00:56:00,15.96,-97.64,8.57,,,,,
719,01/09/2024 00:57:00,15.96,-97.64,8.57,,,,,
720,01/09/2024 00:58:00,15.96,-97.66,8.57,,,,,
721,01/09/2024 00:59:00,15.96,-97.66,8.57,,,,,
722,01/09/2024 01:00:00,15.96,-97.66,8.57,,,,,
723,01/09/2024 01:01:00,15.96,-97.66,8.57,,,,,
724,01/09/2024 01:02:00,15.96,-97.66,8.57,,,,,
725,01/09/2024 01:03:00,15.96,-97.66,8.57,,,,,
726,01/09/2024 01:04:00,15.96,-97.67,8.57,,,,,
727,01/09/2024 01:05:00,15.96,-97.67,8.57,,,,,
728,01/09/2024 01:06:00,15.94,-97.66,8.57,,,,,
729,01/09/2024 01:07:00,15.94,-97.67,8.57,,,,,
730,01/09/2024 01:08:00,15.94,-97.96,8.57,,,,,
731,01/09/2024 01:09:00,15.94,-97.67,8.57,,,,,
732,01/09/2024 01:10:00,15.94,-97.69,8.57,,,,,
733,01/09/2024 01:11:00,15.94,-97.67,8.57,,,,,
734,01/09/2024 01:12:00,15.94,-97.67,8.57,,,,,
735,01/09/2024 01:13:00,15.94,-97.69,8.57,,,,,
736,01/09/2024 01:14:00,15.94,-97.69,8.57,,,,,
737,01/09/2024 01:15:00,15.94,-97.69,8.57,,,,,
738,01/09/2024 01:16:00,15.94,-97.69,8.57,,,,,
739,01/09/2024 01:17:00,15.94,-97.69,8.57,,,,,
740,01/09/2024 01:18:00,15.91,-97.69,8.57,,,,,
741,01/09/2024 01:19:00,15.91,-97.69,8.57,,,,,
742,01/09/2024 01:20:00,15.91,-97.71,8.57,,,,,
743,01/09/2024 01:21:00,15.91,-97.69,8.57,,,,,
744,01/09/2024 01:22:00,15.91,-97.71,8.57,,,,,
745,01/09/2024 01:23:00,15.91,-98.00,8.57,,,,,
746,01/09/2024 01:24:00,15.91,-97.72,8.57,,,,,
747,01/09/2024 01:25:00,15.91,-97.72,8.57,,,,,
748,01/09/2024 01:26:00,15.91,-97.72,8.57,,,,,
749,01/09/2024 01:27:00,15.89,-97.72,8.57,,,,,
750,01/09/2024 01:28:00,15.89,-97.72,8.57,,,,,
751,01/09/2024 01:29:00,15.89,-97.72,8.57,,,,,
752,01/09/2024 01:30:00,15.89,-97.72,8.57,,,,,
753,01/09/2024 01:31:00,15.89,-97.74,8.57,,,,,
754,01/09/2024 01:32:00,15.89,-97.74,8.57,,,,,
755,01/09/2024 01:33:00,15.89,-97.74,8.57,,,,,
756,01/09/2024 01:34:00,15.89,-97.74,8.57,,,,,
757,01/09/2024 01:35:00,15.87,-97.74,8.57,,,,,
758,01/09/2024 01:36:00,15.87,-97.75,8.57,,,,,
759,01/09/2024 01:37:00,15.87,-97.74,8.57,,,,,
760,01/09/2024 01:38:00,15.87,-98.03,8.58,,,,,
761,01/09/2024 01:39:00,15.87,-97.77,8.57,,,,,
762,01/09/2024 01:40:00,15.87,-97.77,8.57,,,,,
763,01/09/2024 01:41:00,15.87,-97.75,8.57,,,,,
764,01/09/2024 01:42:00,15.87,-97.77,8.57,,,,,
765,01/09/2024 01:43:00,15.87,-97.77,8.57,,,,,
766,01/09/2024 01:44:00,15.84,-97.77,8.57,,,,,
767,01/09/2024 01:45:00,15.84,-97.77,8.57,,,,,
768,01/09/2024 01:46:00,15.84,-97.78,8.57,,,,,
769,01/09/2024 01:47:00,15.84,-97.78,8.57,,,,,
770,01/09/2024 01:48:00,15.84,-97.77,8.57,,,,,
771,01/09/2024 01:49:00,15.84,-97.78,8.57,,,,,
772,01/09/2024 01:50:00,15.84,-97.78,8.57,,,,,
773,01/09/2024 01:51:00,15.84,-97.78,8.57,,,,,
774,01/09/2024 01:52:00,15.82,-97.78,8.57,,,,,
775,01/09/2024 01:53:00,15.82,-98.08,8.58,,,,,
776,01/09/2024 01:54:00,15.82,-97.82,8.57,,,,,
777,01/09/2024 01:55:00,15.82,-97.80,8.57,,,,,
778,01/09/2024 01:56:00,15.82,-97.80,8.57,,,,,
779,01/09/2024 01:57:00,15.82,-97.80,8.57,,,,,
780,01/09/2024 01:58:00,15.82,-97.80,8.57,,,,,
781,01/09/2024 01:59:00,15.82,-97.82,8.57,,,,,
782,01/09/2024 02:00:00,15.82,-97.82,8.57,,,,,
783,01/09/2024 02:01:00,15.82,-97.82,8.57,,,,,
784,01/09/2024 02:02:00,15.80,-97.82,8.57,,,,,
785,01/09/2024 02:03:00,15.80,-97.82,8.57,,,,,
786,01/09/2024 02:04:00,15.80,-97.82,8.57,,,,,
787,01/09/2024 02:05:00,15.80,-97.83,8.57,,,,,
788,01/09/2024 02:06:00,15.80,-97.82,8.57,,,,,
789,01/09/2024 02:07:00,15.80,-97.83,8.57,,,,,
790,01/09/2024 02:08:00,15.80,-98.11,8.58,,,,,
791,01/09/2024 02:09:00,15.80,-97.85,8.57,,,,,
792,01/09/2024 02:10:00,15.80,-97.85,8.57,,,,,
793,01/09/2024 02:11:00,15.77,-97.83,8.57,,,,,
794,01/09/2024 02:12:00,15.77,-97.85,8.57,,,,,
795,01/09/2024 02:13:00,15.77,-97.85,8.57,,,,,
796,01/09/2024 02:14:00,15.77,-97.85,8.57,,,,,
797,01/09/2024 02:15:00,15.77,-97.85,8.57,,,,,
798,01/09/2024 02:16:00,15.77,-97.85,8.57,,,,,
799,01/09/2024 02:17:00,15.77,-97.86,8.57,,,,,
800,01/09/2024 02:18:00,15.77,-97.85,8.57,,,,,
801,01/09/2024 02:19:00,15.77,-97.86,8.57,,,,,
802,01/09/2024 02:20:00,15.75,-97.86,8.57,,,,,
803,01/09/2024 02:21:00,15.75,-97.86,8.57,,,,,
804,01/09/2024 02:22:00,15.75,-97.86,8.57,,,,,
805,01/09/2024 02:23:00,15.75,-98.16,8.58,,,,,
806,01/09/2024 02:24:00,15.75,-97.88,8.57,,,,,
807,01/09/2024 02:25:00,15.75,-97.88,8.57,,,,,
808,01/09/2024 02:26:00,15.75,-97.88,8.57,,,,,
809,01/09/2024 02:27:00,15.75,-97.88,8.57,,,,,
810,01/09/2024 02:28:00,15.72,-97.88,8.57,,,,,
811,01/09/2024 02:29:00,15.72,-97.89,8.57,,,,,
812,01/09/2024 02:30:00,15.72,-97.89,8.57,,,,,
813,01/09/2024 02:31:00,15.72,-97.89,8.57,,,,,
814,01/09/2024 02:32:00,15.72,-97.91,8.57,,,,,
815,01/09/2024 02:33:00,15.72,-97.91,8.57,,,,,
816,01/09/2024 02:34:00,15.72,-97.91,8.57,,,,,
817,01/09/2024 02:35:00,15.72,-97.91,8.57,,,,,
818,01/09/2024 02:36:00,15.70,-97.91,8.57,,,,,
819,01/09/2024 02:37:00,15.70,-97.91,8.57,,,,,
820,01/09/2024 02:38:00,15.70,-98.21,8.58,,,,,
821,01/09/2024 02:39:00,15.70,-97.92,8.57,,,,,
822,01/09/2024 02:40:00,15.70,-97.92,8.57,,,,,
823,01/09/2024 02:41:00,15.70,-97.92,8.57,,,,,
824,01/09/2024 02:42:00,15.70,-97.92,8.57,,,,,
825,01/09/2024 02:43:00,15.70,-97.92,8.57,,,,,
826,01/09/2024 02:44:00,15.70,-97.92,8.57,,,,,
827,01/09/2024 02:45:00,15.68,-97.94,8.58,,,,,
828,01/09/2024 02:46:00,15.68,-97.94,8.58,,,,,
829,01/09/2024 02:47:00,15.68,-97.94,8.58,,,,,
830,01/09/2024 02:48:00,15.68,-97.94,8.58,,,,,
831,01/09/2024 02:49:00,15.68,-97.94,8.58,,,,,
832,01/09/2024 02:50:00,15.68,-97.94,8.58,,,,,
833,01/09/2024 02:51:00,15.68,-97.94,8.58,,,,,
834,01/09/2024 02:52:00,15.68,-97.94,8.58,,,,,
835,01/09/2024 02:53:00,15.68,-98.24,8.58,,,,,
836,01/09/2024 02:54:00,15.65,-97.97,8.58,,,,,
837,01/09/2024 02:55:00,15.65,-97.96,8.58,,,,,
838,01/09/2024 02:56:00,15.65,-97.96,8.58,,,,,
839,01/09/2024 02:57:00,15.65,-97.97,8.58,,,,,
840,01/09/2024 02:58:00,15.65,-97.96,8.58,,,,,
841,01/09/2024 02:59:00,15.65,-97.97,8.58,,,,,
842,01/09/2024 03:00:00,15.65,-97.97,8.58,,,,,
843,01/09/2024 03:01:00,15.65,-97.97,8.58,,,,,
844,01/09/2024 03:02:00,15.65,-97.99,8.58,,,,,
845,01/09/2024 03:03:00,15.65,-97.99,8.58,,,,,
846,01/09/2024 03:04:00,15.65,-97.97,8.58,,,,,
847,01/09/2024 03:05:00,15.63,-97.99,8.58,,,,,
848,01/09/2024 03:06:00,15.63,-97.99,8.58,,,,,
849,01/09/2024 03:07:00,15.63,-97.99,8.58,,,,,
850,01/09/2024 03:08:00,15.63,-98.27,8.58,,,,,
851,01/09/2024 03:09:00,15.63,-98.00,8.58,,,,,
852,01/09/2024 03:10:00,15.63,-98.00,8.58,,,,,
853,01/09/2024 03:11:00,15.63,-98.00,8.58,,,,,
854,01/09/2024 03:12:00,15.63,-98.00,8.58,,,,,
855,01/09/2024 03:13:00,15.63,-98.00,8.58,,,,,
856,01/09/2024 03:14:00,15.63,-98.00,8.58,,,,,
857,01/09/2024 03:15:00,15.63,-98.00,8.58,,,,,
858,01/09/2024 03:16:00,15.60,-98.02,8.58,,,,,
859,01/09/2024 03:17:00,15.60,-98.00,8.58,,,,,
860,01/09/2024 03:18:00,15.60,-98.02,8.58,,,,,
861,01/09/2024 03:19:00,15.60,-98.02,8.58,,,,,
862,01/09/2024 03:20:00,15.60,-98.02,8.58,,,,,
863,01/09/2024 03:21:00,15.60,-98.02,8.58,,,,,
864,01/09/2024 03:22:00,15.60,-98.02,8.58,,,,,
865,01/09/2024 03:23:00,15.60,-98.32,8.58,,,,,
866,01/09/2024 03:24:00,15.60,-98.03,8.58,,,,,
867,01/09/2024 03:25:00,15.60,-98.03,8.58,,,,,
868,01/09/2024 03:26:00,15.58,-98.03,8.58,,,,,
869,01/09/2024 03:27:00,15.58,-98.03,8.58,,,,,
870,01/09/2024 03:28:00,15.58,-98.03,8.58,,,,,
871,01/09/2024 03:29:00,15.58,-98.03,8.58,,,,,
872,01/09/2024 03:30:00,15.58,-98.03,8.58,,,,,
873,01/09/2024 03:31:00,15.58,-98.05,8.58,,,,,
874,01/09/2024 03:32:00,15.58,-98.05,8.58,,,,,
875,01/09/2024 03:33:00,15.58,-98.05,8.58,,,,,
876,01/09/2024 03:34:00,15.58,-98.05,8.58,,,,,
877,01/09/2024 03:35:00,15.58,-98.05,8.58,,,,,
878,01/09/2024 03:36:00,15.58,-98.07,8.58,,,,,
879,01/09/2024 03:37:00,15.56,-98.07,8.58,,,,,
880,01/09/2024 03:38:00,15.56,-98.35,8.58,,,,,
881,01/09/2024 03:39:00,15.56,-98.08,8.58,,,,,
882,01/09/2024 03:40:00,15.56,-98.08,8.58,,,,,
883,01/09/2024 03:41:00,15.56,-98.07,8.58,,,,,
884,01/09/2024 03:42:00,15.56,-98.08,8.58,,,,,
885,01/09/2024 03:43:00,15.56,-98.08,8.58,,,,,
886,01/09/2024 03:44:00,15.56,-98.08,8.58,,,,,
887,01/09/2024 03:45:00,15.56,-98.08,8.58,,,,,
888,01/09/2024 03:46:00,15.56,-98.08,8.58,,,,,
889,01/09/2024 03:47:00,15.56,-98.08,8.58,,,,,
890,01/09/2024 03:48:00,15.56,-98.08,8.58,,,,,
891,01/09/2024 03:49:00,15.53,-98.10,8.58,,,,,
892,01/09/2024 03:50:00,15.53,-98.10,8.58,,,,,
893,01/09/2024 03:51:00,15.53,-98.10,8.58,,,,,
894,01/09/2024 03:52:00,15.53,-98.10,8.58,,,,,
895,01/09/2024 03:53:00,15.53,-98.39,8.58,,,,,
896,01/09/2024 03:54:00,15.53,-98.13,8.58,,,,,
897,01/09/2024 03:55:00,15.53,-98.11,8.58,,,,,
898,01/09/2024 03:56:00,15.53,-98.11,8.58,,,,,
899,01/09/2024 03:57:00,15.53,-98.13,8.58,,,,,
900,01/09/2024 03:58:00,15.51,-98.11,8.58,,,,,
901,01/09/2024 03:59:00,15.51,-98.13,8.58,,,,,
902,01/09/2024 04:00:00,15.51,-98.13,8.58,,,,,
903,01/09/2024 04:01:00,15.51,-98.13,8.58,,,,,
904,01/09/2024 04:02:00,15.51,-98.13,8.58,,,,,
905,01/09/2024 04:03:00,15.51,-98.13,8.58,,,,,
906,01/09/2024 04:04:00,15.51,-98.13,8.58,,,,,
907,01/09/2024 04:05:00,15.51,-98.14,8.58,,,,,
908,01/09/2024 04:06:00,15.51,-98.14,8.58,,,,,
909,01/09/2024 04:07:00,15.51,-98.14,8.58,,,,,
910,01/09/2024 04:08:00,15.51,-98.44,8.59,,,,,
911,01/09/2024 04:09:00,15.51,-98.16,8.58,,,,,
912,01/09/2024 04:10:00,15.51,-98.16,8.58,,,,,
913,01/09/2024 04:11:00,15.49,-98.16,8.58,,,,,
914,01/09/2024 04:12:00,15.49,-98.16,8.58,,,,,
915,01/09/2024 04:13:00,15.49,-98.16,8.58,,,,,
916,01/09/2024 04:14:00,15.49,-98.16,8.58,,,,,
917,01/09/2024 04:15:00,15.49,-98.16,8.58,,,,,
918,01/09/2024 04:16:00,15.49,-98.16,8.58,,,,,
919,01/09/2024 04:17:00,15.49,-98.16,8.58,,,,,
920,01/09/2024 04:18:00,15.49,-98.16,8.58,,,,,
921,01/09/2024 04:19:00,15.49,-98.17,8.58,,,,,
922,01/09/2024 04:20:00,15.49,-98.16,8.58,,,,,
923,01/09/2024 04:21:00,15.49,-98.16,8.58,,,,,
924,01/09/2024 04:22:00,15.49,-98.16,8.58,,,,,
925,01/09/2024 04:23:00,15.49,-98.46,8.59,,,,,
926,01/09/2024 04:24:00,15.49,-98.19,8.58,,,,,
927,01/09/2024 04:25:00,15.49,-98.17,8.58,,,,,
928,01/09/2024 04:26:00,15.49,-98.17,8.58,,,,,
929,01/09/2024 04:27:00,15.49,-98.17,8.58,,,,,
930,01/09/2024 04:28:00,15.49,-98.17,8.58,,,,,
931,01/09/2024 04:29:00,15.49,-98.17,8.58,,,,,
932,01/09/2024 04:30:00,15.49,-98.17,8.58,,,,,
933,01/09/2024 04:31:00,15.49,-98.17,8.58,,,,,
934,01/09/2024 04:32:00,15.51,-98.17,8.58,,,,,
935,01/09/2024 04:33:00,15.51,-98.17,8.58,,,,,
936,01/09/2024 04:34:00,15.51,-98.17,8.58,,,,,
937,01/09/2024 04:35:00,15.51,-98.17,8.58,,,,,
938,01/09/2024 04:36:00,15.51,-98.17,8.58,,,,,
939,01/09/2024 04:37:00,15.51,-98.17,8.58,,,,,
940,01/09/2024 04:38:00,15.51,-98.46,8.59,,,,,
941,01/09/2024 04:39:00,15.51,-98.17,8.58,,,,,
942,01/09/2024 04:40:00,15.51,-98.17,8.58,,,,,
943,01/09/2024 04:41:00,15.51,-98.17,8.58,,,,,
944,01/09/2024 04:42:00,15.51,-98.16,8.58,,,,,
945,01/09/2024 04:43:00,15.51,-98.16,8.58,,,,,
946,01/09/2024 04:44:00,15.53,-98.17,8.58,,,,,
947,01/09/2024 04:45:00,15.53,-98.16,8.58,,,,,
948,01/09/2024 04:46:00,15.53,-98.16,8.58,,,,,
949,01/09/2024 04:47:00,15.53,-98.16,8.58,,,,,
950,01/09/2024 04:48:00,15.53,-98.16,8.58,,,,,
951,01/09/2024 04:49:00,15.53,-98.16,8.58,,,,,
952,01/09/2024 04:50:00,15.53,-98.14,8.58,,,,,
953,01/09/2024 04:51:00,15.53,-98.14,8.58,,,,,
954,01/09/2024 04:52:00,15.53,-98.14,8.58,,,,,
955,01/09/2024 04:53:00,15.56,-98.44,8.58,,,,,
956,01/09/2024 04:54:00,15.56,-98.14,8.58,,,,,
957,01/09/2024 04:55:00,15.56,-98.14,8.58,,,,,
958,01/09/2024 04:56:00,15.56,-98.14,8.58,,,,,
959,01/09/2024 04:57:00,15.56,-98.14,8.58,,,,,
960,01/09/2024 04:58:00,15.56,-98.14,8.58,,,,,
961,01/09/2024 04:59:00,15.56,-98.13,8.58,,,,,
962,01/09/2024 05:00:00,15.58,-98.13,8.58,,,,,
963,01/09/2024 05:01:00,15.58,-98.13,8.58,,,,,
964,01/09/2024 05:02:00,15.58,-98.13,8.58,,,,,
965,01/09/2024 05:03:00,15.58,-98.11,8.58,,,,,
966,01/09/2024 05:04:00,15.58,-98.11,8.58,,,,,
967,01/09/2024 05:05:00,15.58,-98.11,8.58,,,,,
968,01/09/2024 05:06:00,15.58,-98.11,8.58,,,,,
969,01/09/2024 05:07:00,15.58,-98.11,8.58,,,,,
970,01/09/2024 05:08:00,15.60,-98.39,8.58,,,,,
971,01/09/2024 05:09:00,15.60,-98.11,8.58,,,,,
972,01/09/2024 05:10:00,15.60,-98.11,8.58,,,,,
973,01/09/2024 05:11:00,15.60,-98.10,8.58,,,,,
974,01/09/2024 05:12:00,15.60,-98.10,8.58,,,,,
975,01/09/2024 05:13:00,15.60,-98.10,8.58,,,,,
976,01/09/2024 05:14:00,15.60,-98.10,8.58,,,,,
977,01/09/2024 05:15:00,15.60,-98.08,8.58,,,,,
978,01/09/2024 05:16:00,15.60,-98.08,8.58,,,,,
979,01/09/2024 05:17:00,15.60,-98.08,8.58,,,,,
980,01/09/2024 05:18:00,15.63,-98.08,8.58,,,,,
981,01/09/2024 05:19:00,15.63,-98.07,8.58,,,,,
982,01/09/2024 05:20:00,15.63,-98.07,8.58,,,,,
983,01/09/2024 05:21:00,15.63,-98.07,8.58,,,,,
984,01/09/2024 05:22:00,15.63,-98.07,8.58,,,,,
985,01/09/2024 05:23:00,15.63,-98.35,8.58,,,,,
986,01/09/2024 05:24:00,15.63,-98.07,8.58,,,,,
987,01/09/2024 05:25:00,15.65,-98.07,8.58,,,,,
988,01/09/2024 05:26:00,15.65,-98.05,8.58,,,,,
989,01/09/2024 05:27:00,15.65,-98.05,8.58,,,,,
990,01/09/2024 05:28:00,15.65,-98.05,8.58,,,,,
991,01/09/2024 05:29:00,15.65,-98.05,8.58,,,,,
992,01/09/2024 05:30:00,15.65,-98.03,8.58,,,,,
993,01/09/2024 05:31:00,15.65,-98.03,8.58,,,,,
994,01/09/2024 05:32:00,15.65,-98.03,8.58,,,,,
995,01/09/2024 05:33:00,15.68,-98.03,8.58,,,,,
996,01/09/2024 05:34:00,15.68,-98.03,8.58,,,,,
997,01/09/2024 05:35:00,15.68,-98.02,8.58,,,,,
998,01/09/2024 05:36:00,15.68,-98.02,8.58,,,,,
999,01/09/2024 05:37:00,15.68,-98.02,8.58,,,,,
1000,01/09/2024 05:38:00,15.68,-98.30,8.58,,,,,
1001,01/09/2024 05:39:00,15.68,-98.02,8.58,,,,,
1002,01/09/2024 05:40:00,15.68,-98.02,8.58,,,,,
1003,01/09/2024 05:41:00,15.68,-98.00,8.58,,,,,
1004,01/09/2024 05:42:00,15.68,-98.00,8.58,,,,,
1005,01/09/2024 05:43:00,15.68,-98.00,8.58,,,,,
1006,01/09/2024 05:44:00,15.68,-98.00,8.58,,,,,
1007,01/09/2024 05:45:00,15.68,-98.00,8.58,,,,,
1008,01/09/2024 05:46:00,15.68,-98.00,8.58,,,,,
1009,01/09/2024 05:47:00,15.70,-97.99,8.58,,,,,
1010,01/09/2024 05:48:00,15.70,-97.99,8.58,,,,,
1011,01/09/2024 05:49:00,15.70,-97.99,8.58,,,,,
1012,01/09/2024 05:50:00,15.70,-97.99,8.58,,,,,
1013,01/09/2024 05:51:00,15.70,-97.99,8.58,,,,,
1014,01/09/2024 05:52:00,15.70,-97.99,8.58,,,,,
1015,01/09/2024 05:53:00,15.70,-98.27,8.58,,,,,
1016,01/09/2024 05:54:00,15.70,-97.99,8.58,,,,,
1017,01/09/2024 05:55:00,15.70,-97.99,8.58,,,,,
1018,01/09/2024 05:56:00,15.70,-97.97,8.58,,,,,
1019,01/09/2024 05:57:00,15.70,-97.97,8.58,,,,,
1020,01/09/2024 05:58:00,15.70,-97.97,8.58,,,,,
1021,01/09/2024 05:59:00,15.70,-97.97,8.58,,,,,
1022,01/09/2024 06:00:00,15.72,-97.97,8.58,,,,,
1023,01/09/2024 06:01:00,15.72,-97.96,8.58,,,,,
1024,01/09/2024 06:02:00,15.72,-97.96,8.58,,,,,
1025,01/09/2024 06:03:00,15.72,-97.96,8.58,,,,,
1026,01/09/2024 06:04:00,15.72,-97.96,8.58,,,,,
1027,01/09/2024 06:05:00,15.72,-97.96,8.58,,,,,
1028,01/09/2024 06:06:00,15.72,-97.96,8.58,,,,,
1029,01/09/2024 06:07:00,15.72,-97.96,8.58,,,,,
1030,01/09/2024 06:08:00,15.72,-98.24,8.58,,,,,
1031,01/09/2024 06:09:00,15.72,-97.96,8.58,,,,,
1032,01/09/2024 06:10:00,15.72,-97.96,8.58,,,,,
1033,01/09/2024 06:11:00,15.72,-97.96,8.58,,,,,
1034,01/09/2024 06:12:00,15.72,-97.96,8.58,,,,,
1035,01/09/2024 06:13:00,15.72,-97.94,8.57,,,,,
1036,01/09/2024 06:14:00,15.75,-97.94,8.57,,,,,
1037,01/09/2024 06:15:00,15.75,-97.94,8.57,,,,,
1038,01/09/2024 06:16:00,15.75,-97.94,8.57,,,,,
1039,01/09/2024 06:17:00,15.75,-97.94,8.57,,,,,
1040,01/09/2024 06:18:00,15.75,-97.94,8.57,,,,,
1041,01/09/2024 06:19:00,15.75,-97.94,8.57,,,,,
1042,01/09/2024 06:20:00,15.75,-97.94,8.57,,,,,
1043,01/09/2024 06:21:00,15.75,-97.94,8.57,,,,,
1044,01/09/2024 06:22:00,15.75,-97.92,8.57,,,,,
1045,01/09/2024 06:23:00,15.75,-98.22,8.58,,,,,
1046,01/09/2024 06:24:00,15.75,-97.94,8.57,,,,,
1047,01/09/2024 06:25:00,15.75,-97.92,8.57,,,,,
1048,01/09/2024 06:26:00,15.75,-97.94,8.57,,,,,
1049,01/09/2024 06:27:00,15.75,-97.92,8.57,,,,,
1050,01/09/2024 06:28:00,15.75,-97.92,8.57,,,,,
1051,01/09/2024 06:29:00,15.75,-97.92,8.57,,,,,
1052,01/09/2024 06:30:00,15.75,-97.92,8.57,,,,,
1053,01/09/2024 06:31:00,15.77,-97.92,8.57,,,,,
1054,01/09/2024 06:32:00,15.77,-97.92,8.57,,,,,
1055,01/09/2024 06:33:00,15.77,-97.92,8.57,,,,,
1056,01/09/2024 06:34:00,15.77,-97.92,8.57,,,,,
1057,01/09/2024 06:35:00,15.77,-97.91,8.57,,,,,
1058,01/09/2024 06:36:00,15.77,-97.91,8.57,,,,,
1059,01/09/2024 06:37:00,15.77,-97.91,8.57,,,,,
1060,01/09/2024 06:38:00,15.77,-98.21,8.58,,,,,
1061,01/09/2024 06:39:00,15.77,-97.92,8.57,,,,,
1062,01/09/2024 06:40:00,15.77,-97.91,8.57,,,,,
1063,01/09/2024 06:41:00,15.77,-97.91,8.57,,,,,
1064,01/09/2024 06:42:00,15.77,-97.91,8.57,,,,,
1065,01/09/2024 06:43:00,15.77,-97.89,8.57,,,,,
1066,01/09/2024 06:44:00,15.77,-97.91,8.57,,,,,
1067,01/09/2024 06:45:00,15.77,-97.89,8.57,,,,,
1068,01/09/2024 06:46:00,15.77,-97.89,8.57,,,,,
1069,01/09/2024 06:47:00,15.77,-97.89,8.57,,,,,
1070,01/09/2024 06:48:00,15.77,-97.89,8.57,,,,,
1071,01/09/2024 06:49:00,15.77,-97.89,8.57,,,,,
1072,01/09/2024 06:50:00,15.77,-97.89,8.57,,,,,
1073,01/09/2024 06:51:00,15.77,-97.89,8.57,,,,,
1074,01/09/2024 06:52:00,15.77,-97.89,8.57,,,,,
1075,01/09/2024 06:53:00,15.80,-98.17,8.58,,,,,
1076,01/09/2024 06:54:00,15.80,-97.91,8.57,,,,,
1077,01/09/2024 06:55:00,15.80,-97.89,8.57,,,,,
1078,01/09/2024 06:56:00,15.80,-97.89,8.57,,,,,
1079,01/09/2024 06:57:00,15.80,-97.89,8.57,,,,,
1080,01/09/2024 06:58:00,15.80,-97.89,8.57,,,,,
1081,01/09/2024 06:59:00,15.80,-97.89,8.57,,,,,
1082,01/09/2024 07:00:00,15.80,-97.88,8.57,,,,,
1083,01/09/2024 07:01:00,15.80,-97.88,8.57,,,,,
1084,01/09/2024 07:02:00,15.80,-97.88,8.57,,,,,
1085,01/09/2024 07:03:00,15.80,-97.89,8.57,,,,,
1086,01/09/2024 07:04:00,15.80,-97.88,8.57,,,,,
1087,01/09/2024 07:05:00,15.80,-97.88,8.57,,,,,
1088,01/09/2024 07:06:00,15.80,-97.88,8.57,,,,,
1089,01/09/2024 07:07:00,15.80,-97.88,8.57,,,,,
1090,01/09/2024 07:08:00,15.80,-98.16,8.58,,,,,
1091,01/09/2024 07:09:00,15.80,-97.89,8.57,,,,,
1092,01/09/2024 07:10:00,15.80,-97.88,8.57,,,,,
1093,01/09/2024 07:11:00,15.80,-97.88,8.57,,,,,
1094,01/09/2024 07:12:00,15.82,-97.88,8.57,,,,,
1095,01/09/2024 07:13:00,15.82,-97.86,8.57,,,,,
1096,01/09/2024 07:14:00,15.82,-97.86,8.57,,,,,
1097,01/09/2024 07:15:00,15.82,-97.88,8.57,,,,,
1098,01/09/2024 07:16:00,15.82,-97.88,8.57,,,,,
1099,01/09/2024 07:17:00,15.82,-97.88,8.57,,,,,
1100,01/09/2024 07:18:00,15.82,-97.86,8.57,,,,,
1101,01/09/2024 07:19:00,15.82,-97.86,8.57,,,,,
1102,01/09/2024 07:20:00,15.82,-97.86,8.57,,,,,
1103,01/09/2024 07:21:00,15.82,-97.86,8.57,,,,,
1104,01/09/2024 07:22:00,15.82,-97.86,8.57,,,,,
1105,01/09/2024 07:23:00,15.82,-98.14,8.58,,,,,
1106,01/09/2024 07:24:00,15.82,-97.88,8.57,,,,,
1107,01/09/2024 07:25:00,15.82,-97.86,8.57,,,,,
1108,01/09/2024 07:26:00,15.82,-97.86,8.57,,,,,
1109,01/09/2024 07:27:00,15.82,-97.86,8.57,,,,,
1110,01/09/2024 07:28:00,15.82,-97.86,8.57,,,,,
1111,01/09/2024 07:29:00,15.82,-97.86,8.57,,,,,
1112,01/09/2024 07:30:00,15.82,-97.86,8.57,,,,,
1113,01/09/2024 07:31:00,15.82,-97.86,8.57,,,,,
1114,01/09/2024 07:32:00,15.82,-97.86,8.57,,,,,
1115,01/09/2024 07:33:00,15.82,-97.86,8.57,,,,,
1116,01/09/2024 07:34:00,15.82,-97.85,8.57,,,,,
1117,01/09/2024 07:35:00,15.82,-97.85,8.57,,,,,
1118,01/09/2024 07:36:00,15.82,-97.85,8.57,,,,,
1119,01/09/2024 07:37:00,15.82,-97.85,8.57,,,,,
1120,01/09/2024 07:38:00,15.82,-98.14,8.58,,,,,
1121,01/09/2024 07:39:00,15.82,-97.86,8.57,,,,,
1122,01/09/2024 07:40:00,15.82,-97.86,8.57,,,,,
1123,01/09/2024 07:41:00,15.82,-97.86,8.57,,,,,
1124,01/09/2024 07:42:00,15.82,-97.85,8.57,,,,,
1125,01/09/2024 07:43:00,15.82,-97.85,8.57,,,,,
1126,01/09/2024 07:44:00,15.84,-97.86,8.57,,,,,
1127,01/09/2024 07:45:00,15.84,-97.86,8.57,,,,,
1128,01/09/2024 07:46:00,15.84,-97.85,8.57,,,,,
1129,01/09/2024 07:47:00,15.84,-97.86,8.57,,,,,
1130,01/09/2024 07:48:00,15.84,-97.86,8.57,,,,,
1131,01/09/2024 07:49:00,15.84,-97.85,8.57,,,,,
1132,01/09/2024 07:50:00,15.84,-97.85,8.57,,,,,
1133,01/09/2024 07:51:00,15.84,-97.85,8.57,,,,,
1134,01/09/2024 07:52:00,15.84,-97.85,8.57,,,,,
1135,01/09/2024 07:53:00,15.84,-98.13,8.58,,,,,
1136,01/09/2024 07:54:00,15.84,-97.86,8.57,,,,,
1137,01/09/2024 07:55:00,15.84,-97.86,8.57,,,,,
1138,01/09/2024 07:56:00,15.84,-97.85,8.57,,,,,
1139,01/09/2024 07:57:00,15.84,-97.85,8.57,,,,,
1140,01/09/2024 07:58:00,15.84,-97.85,8.57,,,,,
1141,01/09/2024 07:59:00,15.84,-97.85,8.57,,,,,
1142,01/09/2024 08:00:00,15.84,-97.85,8.57,,,,,
1143,01/09/2024 08:01:00,15.84,-97.85,8.57,,,,,
1144,01/09/2024 08:02:00,15.84,-97.85,8.57,,,,,
1145,01/09/2024 08:03:00,15.84,-97.85,8.57,,,,,
1146,01/09/2024 08:04:00,15.84,-97.85,8.57,,,,,
1147,01/09/2024 08:05:00,15.87,-97.83,8.57,,,,,
1148,01/09/2024 08:06:00,15.87,-97.85,8.57,,,,,
1149,01/09/2024 08:07:00,15.87,-97.83,8.57,,,,,
1150,01/09/2024 08:08:00,15.87,-98.13,8.58,,,,,
1151,01/09/2024 08:09:00,15.87,-97.85,8.57,,,,,
1152,01/09/2024 08:10:00,15.87,-97.85,8.57,,,,,
1153,01/09/2024 08:11:00,15.87,-97.83,8.57,,,,,
1154,01/09/2024 08:12:00,15.87,-97.83,8.57,,,,,
1155,01/09/2024 08:13:00,15.87,-97.83,8.57,,,,,
1156,01/09/2024 08:14:00,15.87,-97.83,8.57,,,,,
1157,01/09/2024 08:15:00,15.87,-97.83,8.57,,,,,
1158,01/09/2024 08:16:00,15.87,-97.83,8.57,,,,,
1159,01/09/2024 08:17:00,15.87,-97.83,8.57,,,,,
1160,01/09/2024 08:18:00,15.87,-97.83,8.57,,,,,
1161,01/09/2024 08:19:00,15.87,-97.82,8.57,,,,,
1162,01/09/2024 08:20:00,15.87,-97.82,8.57,,,,,
1163,01/09/2024 08:21:00,15.87,-97.82,8.57,,,,,
1164,01/09/2024 08:22:00,15.87,-97.82,8.57,,,,,
1165,01/09/2024 08:23:00,15.87,-98.10,8.58,,,,,
1166,01/09/2024 08:24:00,15.89,-97.82,8.57,,,,,
1167,01/09/2024 08:25:00,15.89,-97.82,8.57,,,,,
1168,01/09/2024 08:26:00,15.89,-97.82,8.57,,,,,
1169,01/09/2024 08:27:00,15.89,-97.80,8.57,,,,,
1170,01/09/2024 08:28:00,15.89,-97.80,8.57,,,,,
1171,01/09/2024 08:29:00,15.89,-97.80,8.57,,,,,
1172,01/09/2024 08:30:00,15.91,-97.80,8.57,,,,,
1173,01/09/2024 08:31:00,15.91,-97.78,8.57,,,,,
1174,01/09/2024 08:32:00,15.91,-97.78,8.57,,,,,
1175,01/09/2024 08:33:00,15.91,-97.77,8.57,,,,,
1176,01/09/2024 08:34:00,15.94,-97.77,8.57,,,,,
1177,01/09/2024 08:35:00,15.94,-97.75,8.57,,,,,
1178,01/09/2024 08:36:00,15.96,-97.75,8.57,,,,,
1179,01/09/2024 08:37:00,15.96,-97.75,8.57,,,,,
1180,01/09/2024 08:38:00,15.96,-98.03,8.58,,,,,
1181,01/09/2024 08:39:00,15.96,-97.77,8.57,,,,,
1182,01/09/2024 08:40:00,15.99,-97.75,8.57,,,,,
1183,01/09/2024 08:41:00,15.99,-97.74,8.57,,,,,
1184,01/09/2024 08:42:00,15.99,-97.74,8.57,,,,,
1185,01/09/2024 08:43:00,15.99,-97.74,8.57,,,,,
1186,01/09/2024 08:43:46,,,,,Logged,,,
1187,01/09/2024 08:43:47,,,,,,Logged,,
1188,01/09/2024 08:43:48,,,,Logged,,,,
1189,01/09/2024 08:44:00,16.01,-98.02,8.57,,,,,
1190,01/09/2024 08:45:00,16.01,-97.78,8.57,,,,,
1191,01/09/2024 08:46:00,16.01,-98.03,8.58,,,,,
1192,01/09/2024 08:47:00,15.65,-92.41,8.47,,,,,
1193,01/09/2024 08:48:00,16.08,-85.57,8.35,,,,,
1194,01/09/2024 08:49:00,16.34,-86.30,8.36,,,,,
1195,01/09/2024 08:50:00,16.42,-86.19,8.36,,,,,
1196,01/09/2024 08:51:00,16.56,-86.58,8.36,,,,,
1197,01/09/2024 08:52:00,16.65,-86.17,8.35,,,,,
1198,01/09/2024 08:53:00,16.96,-87.33,8.37,,,,,
1199,01/09/2024 08:54:00,17.11,-92.00,8.46,,,,,
1200,01/09/2024 08:55:00,17.25,-76.39,8.17,,,,,
1201,01/09/2024 08:56:00,17.68,-88.19,8.39,,,,,
1202,01/09/2024 08:57:00,18.08,-86.35,8.35,,,,,
1203,01/09/2024 08:58:00,18.25,-86.07,8.34,,,,,
1204,01/09/2024 08:58:57,,,,,Logged,Logged,,
1205,01/09/2024 08:59:00,18.34,-85.80,8.34,,,,,
1206,01/09/2024 08:59:11,,,,Logged,,,,
1207,01/09/2024 08:59:23,,,,,,,Logged,Logged
