Plot,DateTime,Temperature
RW1,2024-04-07T12:55:00Z,6.78
RW1,2024-04-07T13:00:00Z,6.82
RW1,2024-04-07T13:05:00Z,6.82
RW1,2024-04-07T13:10:00Z,6.73
RW1,2024-04-07T13:15:00Z,7.98
RW1,2024-04-07T13:20:00Z,10.42
RW1,2024-04-07T13:25:00Z,11.58
RW1,2024-04-07T13:30:00Z,11.92
RW1,2024-04-07T13:35:00Z,12.4
RW1,2024-04-07T13:40:00Z,12.57
RW1,2024-04-07T13:45:00Z,12.61
RW1,2024-04-07T13:50:00Z,12.7
RW1,2024-04-07T13:55:00Z,12.74
RW1,2024-04-07T14:00:00Z,12.78
RW1,2024-04-07T14:05:00Z,12.78
RW1,2024-04-07T14:10:00Z,12.78
RW1,2024-04-07T14:15:00Z,12.82
RW1,2024-04-07T14:20:00Z,12.91
RW1,2024-04-07T14:25:00Z,12.91
RW1,2024-04-07T14:30:00Z,13
RW1,2024-04-07T14:35:00Z,13
RW1,2024-04-07T14:40:00Z,13.08
RW1,2024-04-07T14:45:00Z,13.04
RW1,2024-04-07T14:50:00Z,13.04
RW1,2024-04-07T14:55:00Z,13.12
RW1,2024-04-07T15:00:00Z,13.12
RW1,2024-04-07T15:05:00Z,13.25
RW1,2024-04-07T15:10:00Z,13.21
RW1,2024-04-07T15:15:00Z,13.3
RW1,2024-04-07T15:20:00Z,13.17
RW1,2024-04-07T15:25:00Z,13.3
RW1,2024-04-07T15:30:00Z,13.47
RW1,2024-04-07T15:35:00Z,13.68
RW1,2024-04-07T15:40:00Z,13.77
RW1,2024-04-07T15:45:00Z,13.68
RW1,2024-04-07T15:50:00Z,13.9
RW1,2024-04-07T15:55:00Z,13.9
RW1,2024-04-07T16:00:00Z,13.9
RW1,2024-04-07T16:05:00Z,13.98
RW1,2024-04-07T16:10:00Z,14.11
RW1,2024-04-07T16:15:00Z,13.9
RW1,2024-04-07T16:20:00Z,14.28
RW1,2024-04-07T16:25:00Z,14.11
RW1,2024-04-07T16:30:00Z,14.24
RW1,2024-04-07T16:35:00Z,14.41
RW1,2024-04-07T16:40:00Z,14.41
RW1,2024-04-07T16:45:00Z,14.54
RW1,2024-04-07T16:50:00Z,14.41
RW1,2024-04-07T16:55:00Z,14.67
RW1,2024-04-07T17:00:00Z,14.88
RW1,2024-04-07T17:05:00Z,14.84
RW1,2024-04-07T17:10:00Z,15.1
RW1,2024-04-07T17:15:00Z,15.1
RW1,2024-04-07T17:20:00Z,15.14
RW1,2024-04-07T17:25:00Z,15.27
RW1,2024-04-07T17:30:00Z,15.27
RW1,2024-04-07T17:35:00Z,15.27
RW1,2024-04-07T17:40:00Z,15.83
RW1,2024-04-07T17:45:00Z,15.96
RW1,2024-04-07T17:50:00Z,15.48
RW1,2024-04-07T17:55:00Z,15.66
RW1,2024-04-07T18:00:00Z,16.04
RW1,2024-04-07T18:05:00Z,15.96
RW1,2024-04-07T18:10:00Z,16.47
RW1,2024-04-07T18:15:00Z,15.53
RW1,2024-04-07T18:20:00Z,18.79
RW1,2024-04-07T18:25:00Z,19.73
RW1,2024-04-07T18:30:00Z,21.45
RW1,2024-04-07T18:35:00Z,22.99
RW1,2024-04-07T18:40:00Z,24.92
RW1,2024-04-07T18:45:00Z,26.34
RW1,2024-04-08T01:25:00Z,13.81
RW1,2024-04-08T01:30:00Z,13.34
RW1,2024-04-08T01:35:00Z,13.21
RW1,2024-04-08T01:40:00Z,14.75
RW1,2024-04-08T01:45:00Z,15.14
RW1,2024-04-08T01:50:00Z,15.18
RW1,2024-04-08T01:55:00Z,15.18
RW1,2024-04-08T02:00:00Z,15.18
RW1,2024-04-08T02:05:00Z,15.18
RW1,2024-04-08T02:10:00Z,15.23
RW1,2024-04-08T02:15:00Z,15.14
RW1,2024-04-08T02:20:00Z,15.1
RW1,2024-04-08T02:25:00Z,15.06
RW1,2024-04-08T02:30:00Z,15.06
RW1,2024-04-08T02:35:00Z,15.01
RW1,2024-04-08T02:40:00Z,14.93
RW1,2024-04-08T02:45:00Z,15.01
RW1,2024-04-08T02:50:00Z,14.93
RW1,2024-04-08T02:55:00Z,14.93
RW1,2024-04-08T03:00:00Z,14.88
RW1,2024-04-08T03:05:00Z,14.88
RW1,2024-04-08T03:10:00Z,14.84
RW1,2024-04-08T03:15:00Z,14.8
RW1,2024-04-08T03:20:00Z,14.75
RW1,2024-04-08T03:25:00Z,14.71
RW1,2024-04-08T03:30:00Z,14.71
RW1,2024-04-08T03:35:00Z,14.67
RW1,2024-04-08T03:40:00Z,14.63
RW1,2024-04-08T03:45:00Z,14.63
RW1,2024-04-08T03:50:00Z,14.63
RW1,2024-04-08T03:55:00Z,14.58
RW1,2024-04-08T04:00:00Z,14.58
RW1,2024-04-08T04:05:00Z,14.54
RW1,2024-04-08T04:10:00Z,14.5
RW1,2024-04-08T04:15:00Z,14.54
RW1,2024-04-08T04:20:00Z,14.54
RW1,2024-04-08T04:25:00Z,14.45
RW1,2024-04-08T04:30:00Z,14.45
RW1,2024-04-08T04:35:00Z,14.45
RW1,2024-04-08T04:40:00Z,14.37
RW1,2024-04-08T04:45:00Z,14.37
RW1,2024-04-08T04:50:00Z,14.41
RW1,2024-04-08T04:55:00Z,14.37
RW1,2024-04-08T05:00:00Z,14.37
RW1,2024-04-08T05:05:00Z,14.37
RW1,2024-04-08T05:10:00Z,14.37
RW1,2024-04-08T05:15:00Z,14.33
RW1,2024-04-08T05:20:00Z,14.37
RW1,2024-04-08T05:25:00Z,14.33
RW1,2024-04-08T05:30:00Z,14.28
RW1,2024-04-08T05:35:00Z,14.24
RW1,2024-04-08T05:40:00Z,14.28
RW1,2024-04-08T05:45:00Z,14.33
RW1,2024-04-08T05:50:00Z,14.28
RW1,2024-04-08T05:55:00Z,14.28
RW1,2024-04-08T06:00:00Z,14.24
RW1,2024-04-08T06:05:00Z,14.24
RW1,2024-04-08T06:10:00Z,14.28
RW1,2024-04-08T06:15:00Z,14.28
RW1,2024-04-08T06:20:00Z,14.28
RW1,2024-04-08T06:25:00Z,14.24
RW1,2024-04-08T06:30:00Z,14.28
RW1,2024-04-08T06:35:00Z,14.24
RW1,2024-04-08T06:40:00Z,14.24
RW1,2024-04-08T06:45:00Z,14.15
RW1,2024-04-08T06:50:00Z,14.2
RW1,2024-04-08T06:55:00Z,14.11
RW1,2024-04-08T07:00:00Z,14.07
RW1,2024-04-08T07:05:00Z,13.94
RW1,2024-04-08T07:10:00Z,13.51
RW1,2024-04-08T07:15:00Z,12.57
RW1,2024-04-08T07:20:00Z,12.4
RW1,2024-04-08T13:50:00Z,9.22
RW1,2024-04-08T13:55:00Z,9.56
RW1,2024-04-08T14:00:00Z,9.82
RW1,2024-04-08T14:05:00Z,10.29
RW1,2024-04-08T14:10:00Z,11.28
RW1,2024-04-08T14:15:00Z,12.4
RW1,2024-04-08T14:20:00Z,12.61
RW1,2024-04-08T14:25:00Z,12.61
RW1,2024-04-08T14:30:00Z,12.7
RW1,2024-04-08T14:35:00Z,12.74
RW1,2024-04-08T14:40:00Z,12.78
RW1,2024-04-08T14:45:00Z,12.87
RW1,2024-04-08T14:50:00Z,12.91
RW1,2024-04-08T14:55:00Z,12.82
RW1,2024-04-08T15:00:00Z,12.91
RW1,2024-04-08T15:05:00Z,13
RW1,2024-04-08T15:10:00Z,13.04
RW1,2024-04-08T15:15:00Z,13.12
RW1,2024-04-08T15:20:00Z,13.08
RW1,2024-04-08T15:25:00Z,13.25
RW1,2024-04-08T15:30:00Z,13.21
RW1,2024-04-08T15:35:00Z,13.25
RW1,2024-04-08T15:40:00Z,13.21
RW1,2024-04-08T15:45:00Z,13.25
RW1,2024-04-08T15:50:00Z,13.47
RW1,2024-04-08T15:55:00Z,13.51
RW1,2024-04-08T16:00:00Z,13.38
RW1,2024-04-08T16:05:00Z,13.47
RW1,2024-04-08T16:10:00Z,13.6
RW1,2024-04-08T16:15:00Z,13.51
RW1,2024-04-08T16:20:00Z,13.51
RW1,2024-04-08T16:25:00Z,13.64
RW1,2024-04-08T16:30:00Z,13.77
RW1,2024-04-08T16:35:00Z,13.77
RW1,2024-04-08T16:40:00Z,13.98
RW1,2024-04-08T16:45:00Z,13.94
RW1,2024-04-08T16:50:00Z,14.33
RW1,2024-04-08T16:55:00Z,14.15
RW1,2024-04-08T17:00:00Z,14.33
RW1,2024-04-08T17:05:00Z,14.41
RW1,2024-04-08T17:10:00Z,14.54
RW1,2024-04-08T17:15:00Z,14.45
RW1,2024-04-08T17:20:00Z,14.93
RW1,2024-04-08T17:25:00Z,14.93
RW1,2024-04-08T17:30:00Z,14.75
RW1,2024-04-08T17:35:00Z,14.88
RW1,2024-04-08T17:40:00Z,14.71
RW1,2024-04-08T17:45:00Z,14.58
RW1,2024-04-08T17:50:00Z,14.71
RW1,2024-04-08T17:55:00Z,14.84
RW1,2024-04-08T18:00:00Z,14.84
RW1,2024-04-08T18:05:00Z,14.71
RW1,2024-04-08T18:10:00Z,14.84
RW1,2024-04-08T18:15:00Z,14.67
RW1,2024-04-08T18:20:00Z,14.88
RW1,2024-04-08T18:25:00Z,14.93
RW1,2024-04-08T18:30:00Z,14.75
RW1,2024-04-08T18:35:00Z,15.01
RW1,2024-04-08T18:40:00Z,15.31
RW1,2024-04-08T18:45:00Z,15.61
RW1,2024-04-08T18:50:00Z,15.7
RW1,2024-04-08T18:55:00Z,16.43
RW1,2024-04-08T19:00:00Z,16.73
RW1,2024-04-08T19:05:00Z,15.66
RW1,2024-04-08T19:10:00Z,15.96
RW1,2024-04-08T19:15:00Z,17.33
RW1,2024-04-08T19:20:00Z,18.7
RW1,2024-04-08T19:25:00Z,19.9
RW1,2024-04-08T19:30:00Z,20.93
RW1,2024-04-08T19:35:00Z,21.53
RW1,2024-04-09T01:30:00Z,14.67
RW1,2024-04-09T01:35:00Z,14.67
RW1,2024-04-09T01:40:00Z,14.63
RW1,2024-04-09T01:45:00Z,14.63
RW1,2024-04-09T01:50:00Z,15.01
RW1,2024-04-09T01:55:00Z,15.23
RW1,2024-04-09T02:00:00Z,15.36
RW1,2024-04-09T02:05:00Z,15.4
RW1,2024-04-09T02:10:00Z,15.36
RW1,2024-04-09T02:15:00Z,15.4
RW1,2024-04-09T02:20:00Z,15.4
RW1,2024-04-09T02:25:00Z,15.31
RW1,2024-04-09T02:30:00Z,15.23
RW1,2024-04-09T02:35:00Z,15.18
RW1,2024-04-09T02:40:00Z,15.1
RW1,2024-04-09T02:45:00Z,15.1
RW1,2024-04-09T02:50:00Z,14.97
RW1,2024-04-09T02:55:00Z,14.97
RW1,2024-04-09T03:00:00Z,15.01
RW1,2024-04-09T03:05:00Z,15.01
RW1,2024-04-09T03:10:00Z,14.97
RW1,2024-04-09T03:15:00Z,14.84
RW1,2024-04-09T03:20:00Z,14.75
RW1,2024-04-09T03:25:00Z,14.67
RW1,2024-04-09T03:30:00Z,14.63
RW1,2024-04-09T03:35:00Z,14.58
RW1,2024-04-09T03:40:00Z,14.63
RW1,2024-04-09T03:45:00Z,14.58
RW1,2024-04-09T03:50:00Z,14.58
RW1,2024-04-09T03:55:00Z,14.58
RW1,2024-04-09T04:00:00Z,14.54
RW1,2024-04-09T04:05:00Z,14.5
RW1,2024-04-09T04:10:00Z,14.5
RW1,2024-04-09T04:15:00Z,14.45
RW1,2024-04-09T04:20:00Z,14.41
RW1,2024-04-09T04:25:00Z,14.41
RW1,2024-04-09T04:30:00Z,14.41
RW1,2024-04-09T04:35:00Z,14.41
RW1,2024-04-09T04:40:00Z,14.41
RW1,2024-04-09T04:45:00Z,14.37
RW1,2024-04-09T04:50:00Z,14.37
RW1,2024-04-09T04:55:00Z,14.41
RW1,2024-04-09T05:00:00Z,14.41
RW1,2024-04-09T05:05:00Z,14.37
RW1,2024-04-09T05:10:00Z,14.41
RW1,2024-04-09T05:15:00Z,14.37
RW1,2024-04-09T05:20:00Z,14.33
RW1,2024-04-09T05:25:00Z,14.37
RW1,2024-04-09T05:30:00Z,14.37
RW1,2024-04-09T05:35:00Z,14.33
RW1,2024-04-09T05:40:00Z,14.33
RW1,2024-04-09T05:45:00Z,14.33
RW1,2024-04-09T05:50:00Z,14.41
RW1,2024-04-09T05:55:00Z,14.33
RW1,2024-04-09T06:00:00Z,14.28
RW1,2024-04-09T06:05:00Z,14.28
RW1,2024-04-09T06:10:00Z,14.24
RW1,2024-04-09T06:15:00Z,14.28
RW1,2024-04-09T06:20:00Z,14.28
RW1,2024-04-09T06:25:00Z,14.24
RW1,2024-04-09T06:30:00Z,14.2
RW1,2024-04-09T06:35:00Z,14.15
RW1,2024-04-09T06:40:00Z,14.15
RW1,2024-04-09T06:45:00Z,14.15
RW1,2024-04-09T06:50:00Z,14.15
RW1,2024-04-09T06:55:00Z,14.11
RW1,2024-04-09T07:00:00Z,14.11
RW1,2024-04-09T07:05:00Z,14.11
RW1,2024-04-09T07:10:00Z,14.07
RW1,2024-04-09T07:15:00Z,14.07
RW1,2024-04-09T07:20:00Z,14.03
RW1,2024-04-09T07:25:00Z,14.03
RW1,2024-04-09T07:30:00Z,13.98
RW1,2024-04-09T07:35:00Z,13.98
RW1,2024-04-09T07:40:00Z,13.85
RW1,2024-04-09T07:45:00Z,13.64
RW1,2024-04-09T07:50:00Z,13.55
RW1,2024-04-09T07:55:00Z,13.08
RW1,2024-04-09T08:00:00Z,12.82
RW1,2024-04-09T08:05:00Z,12.57
RW1,2024-04-09T15:10:00Z,15.18
RW1,2024-04-09T15:15:00Z,15.48
RW1,2024-04-09T15:20:00Z,15.83
RW1,2024-04-09T15:25:00Z,15.44
RW1,2024-04-09T15:30:00Z,14.75
RW1,2024-04-09T15:35:00Z,14.71
RW1,2024-04-09T15:40:00Z,14.33
RW1,2024-04-09T15:45:00Z,13.98
RW1,2024-04-09T15:50:00Z,13.9
RW1,2024-04-09T15:55:00Z,13.81
RW1,2024-04-09T16:00:00Z,13.81
RW1,2024-04-09T16:05:00Z,13.94
RW1,2024-04-09T16:10:00Z,14.07
RW1,2024-04-09T16:15:00Z,13.85
RW1,2024-04-09T16:20:00Z,13.9
RW1,2024-04-09T16:25:00Z,14.15
RW1,2024-04-09T16:30:00Z,14.11
RW1,2024-04-09T16:35:00Z,14.24
RW1,2024-04-09T16:40:00Z,14.11
RW1,2024-04-09T16:45:00Z,14.28
RW1,2024-04-09T16:50:00Z,14.37
RW1,2024-04-09T16:55:00Z,14.37
RW1,2024-04-09T17:00:00Z,14.75
RW1,2024-04-09T17:05:00Z,14.5
RW1,2024-04-09T17:10:00Z,14.67
RW1,2024-04-09T17:15:00Z,14.41
RW1,2024-04-09T17:20:00Z,15.01
RW1,2024-04-09T17:25:00Z,14.93
RW1,2024-04-09T17:30:00Z,15.06
RW1,2024-04-09T17:35:00Z,15.14
RW1,2024-04-09T17:40:00Z,14.93
RW1,2024-04-09T17:45:00Z,14.97
RW1,2024-04-09T17:50:00Z,15.1
RW1,2024-04-09T17:55:00Z,15.14
RW1,2024-04-09T18:00:00Z,15.61
RW1,2024-04-09T18:05:00Z,15.48
RW1,2024-04-09T18:10:00Z,15.91
RW1,2024-04-09T18:15:00Z,15.57
RW1,2024-04-09T18:20:00Z,15.83
RW1,2024-04-09T18:25:00Z,15.74
RW1,2024-04-09T18:30:00Z,15.7
RW1,2024-04-09T18:35:00Z,15.91
RW1,2024-04-09T18:40:00Z,15.78
RW1,2024-04-09T18:45:00Z,16
RW1,2024-04-09T18:50:00Z,16.08
RW1,2024-04-09T18:55:00Z,16.21
RW1,2024-04-09T19:00:00Z,16.08
RW1,2024-04-09T19:05:00Z,16.86
RW1,2024-04-09T19:10:00Z,16.64
RW1,2024-04-09T19:15:00Z,16.6
RW1,2024-04-09T19:20:00Z,16.81
RW1,2024-04-09T19:25:00Z,17.46
RW1,2024-04-09T19:30:00Z,16.9
RW1,2024-04-09T19:35:00Z,16.13
RW1,2024-04-09T19:40:00Z,20.93
RW1,2024-04-09T19:45:00Z,26.04
RW1,2024-04-09T19:50:00Z,29.08
RW1,2024-04-09T19:55:00Z,32.43
RW1,2024-04-09T20:00:00Z,34.06
RW1,2024-04-09T20:05:00Z,34.83
RW1,2024-04-09T20:10:00Z,36.33
RW1,2024-04-10T01:50:00Z,15.31
RW1,2024-04-10T01:55:00Z,15.18
RW1,2024-04-10T02:00:00Z,15.06
RW1,2024-04-10T02:05:00Z,14.93
RW1,2024-04-10T02:10:00Z,14.88
RW1,2024-04-10T02:15:00Z,15.1
RW1,2024-04-10T02:20:00Z,15.23
RW1,2024-04-10T02:25:00Z,15.27
RW1,2024-04-10T02:30:00Z,15.23
RW1,2024-04-10T02:35:00Z,15.23
RW1,2024-04-10T02:40:00Z,15.23
RW1,2024-04-10T02:45:00Z,15.23
RW1,2024-04-10T02:50:00Z,15.14
RW1,2024-04-10T02:55:00Z,15.18
RW1,2024-04-10T03:00:00Z,15.1
RW1,2024-04-10T03:05:00Z,15.14
RW1,2024-04-10T03:10:00Z,15.1
RW1,2024-04-10T03:15:00Z,15.06
RW1,2024-04-10T03:20:00Z,15.06
RW1,2024-04-10T03:25:00Z,15.01
RW1,2024-04-10T03:30:00Z,15.01
RW1,2024-04-10T03:35:00Z,14.93
RW1,2024-04-10T03:40:00Z,14.93
RW1,2024-04-10T03:45:00Z,14.93
RW1,2024-04-10T03:50:00Z,14.88
RW1,2024-04-10T03:55:00Z,14.88
RW1,2024-04-10T04:00:00Z,14.84
RW1,2024-04-10T04:05:00Z,14.75
RW1,2024-04-10T04:10:00Z,14.8
RW1,2024-04-10T04:15:00Z,14.75
RW1,2024-04-10T04:20:00Z,14.71
RW1,2024-04-10T04:25:00Z,14.71
RW1,2024-04-10T04:30:00Z,14.67
RW1,2024-04-10T04:35:00Z,14.58
RW1,2024-04-10T04:40:00Z,14.63
RW1,2024-04-10T04:45:00Z,14.58
RW1,2024-04-10T04:50:00Z,14.58
RW1,2024-04-10T04:55:00Z,14.54
RW1,2024-04-10T05:00:00Z,14.54
RW1,2024-04-10T05:05:00Z,14.5
RW1,2024-04-10T05:10:00Z,14.41
RW1,2024-04-10T05:15:00Z,14.45
RW1,2024-04-10T05:20:00Z,14.37
RW1,2024-04-10T05:25:00Z,14.37
RW1,2024-04-10T05:30:00Z,14.24
RW1,2024-04-10T05:35:00Z,14.24
RW1,2024-04-10T05:40:00Z,14.24
RW1,2024-04-10T05:45:00Z,14.33
RW1,2024-04-10T05:50:00Z,14.28
RW1,2024-04-10T05:55:00Z,14.2
RW1,2024-04-10T06:00:00Z,14.2
RW1,2024-04-10T06:05:00Z,14.15
RW1,2024-04-10T06:10:00Z,14.24
RW1,2024-04-10T06:15:00Z,14.28
RW1,2024-04-10T06:20:00Z,14.24
RW1,2024-04-10T06:25:00Z,14.33
RW1,2024-04-10T06:30:00Z,14.28
RW1,2024-04-10T06:35:00Z,14.28
RW1,2024-04-10T06:40:00Z,14.28
RW1,2024-04-10T06:45:00Z,14.33
RW1,2024-04-10T06:50:00Z,14.24
RW1,2024-04-10T06:55:00Z,14.2
RW1,2024-04-10T07:00:00Z,14.11
RW1,2024-04-10T07:05:00Z,14.2
RW1,2024-04-10T07:10:00Z,14.2
RW1,2024-04-10T07:15:00Z,14.03
RW1,2024-04-10T07:20:00Z,13.98
RW1,2024-04-10T07:25:00Z,13.98
RW1,2024-04-10T07:30:00Z,14.03
RW1,2024-04-10T07:35:00Z,14.03
RW1,2024-04-10T07:40:00Z,13.98
RW1,2024-04-10T07:45:00Z,14.03
RW1,2024-04-10T07:50:00Z,13.94
RW1,2024-04-10T07:55:00Z,14.03
RW1,2024-04-10T08:00:00Z,13.98
RW1,2024-04-10T08:05:00Z,13.98
RW1,2024-04-10T08:10:00Z,13.85
RW1,2024-04-10T08:15:00Z,13.81
RW1,2024-04-10T08:20:00Z,13.77
RW1,2024-04-10T08:25:00Z,13.51
RW1,2024-04-10T08:30:00Z,12.95
RW1,2024-04-10T08:35:00Z,12.61
RW1,2024-04-10T08:40:00Z,12.05
RW1,2024-04-10T08:45:00Z,11.62
RW1,2024-04-10T16:20:00Z,34.19
RW1,2024-04-10T16:25:00Z,34.88
RW1,2024-04-10T16:30:00Z,35.6
RW1,2024-04-10T16:35:00Z,36.59
RW1,2024-04-10T16:40:00Z,37.15
RW1,2024-04-10T16:45:00Z,29.3
RW1,2024-04-10T16:50:00Z,24.45
RW1,2024-04-10T16:55:00Z,22.91
RW1,2024-04-10T17:00:00Z,17.2
RW1,2024-04-10T17:05:00Z,16.17
RW1,2024-04-10T17:10:00Z,17.07
RW1,2024-04-10T17:15:00Z,16.13
RW1,2024-04-10T17:20:00Z,16.73
RW1,2024-04-10T17:25:00Z,16.56
RW1,2024-04-10T17:30:00Z,16.04
RW1,2024-04-10T17:35:00Z,16.21
RW1,2024-04-10T17:40:00Z,16.47
RW1,2024-04-10T17:45:00Z,16.26
RW1,2024-04-10T17:50:00Z,16.3
RW1,2024-04-10T17:55:00Z,16.34
RW1,2024-04-10T18:00:00Z,16.26
RW1,2024-04-10T18:05:00Z,16.51
RW1,2024-04-10T18:10:00Z,16.51
RW1,2024-04-10T18:15:00Z,16.73
RW1,2024-04-10T18:20:00Z,16.47
RW1,2024-04-10T18:25:00Z,16.81
RW1,2024-04-10T18:30:00Z,16.94
RW1,2024-04-10T18:35:00Z,16.6
RW1,2024-04-10T18:40:00Z,17.59
RW1,2024-04-10T18:45:00Z,16.73
RW1,2024-04-10T18:50:00Z,17.03
RW1,2024-04-10T18:55:00Z,16.86
RW1,2024-04-10T19:00:00Z,17.24
RW1,2024-04-10T19:05:00Z,16.77
RW1,2024-04-10T19:10:00Z,16.77
RW1,2024-04-10T19:15:00Z,16.86
RW1,2024-04-10T19:20:00Z,17.11
RW1,2024-04-10T19:25:00Z,16.94
RW1,2024-04-10T19:30:00Z,17.37
RW1,2024-04-10T19:35:00Z,16.86
RW1,2024-04-10T19:40:00Z,17.46
RW1,2024-04-10T19:45:00Z,17.89
RW1,2024-04-10T19:50:00Z,17.33
RW1,2024-04-10T19:55:00Z,19.47
RW1,2024-04-10T20:00:00Z,17.63
RW1,2024-04-10T20:05:00Z,17.07
RW1,2024-04-10T20:10:00Z,17.59
RW1,2024-04-10T20:15:00Z,25.09
RW1,2024-04-10T20:20:00Z,27.07
RW1,2024-04-10T20:25:00Z,27.88
RW1,2024-04-10T20:30:00Z,29.26
RW1,2024-04-10T20:35:00Z,29.73
RW1,2024-04-10T20:40:00Z,31.96
RW1,2024-04-10T20:45:00Z,32.99
RW1,2024-04-10T20:50:00Z,33.72
RW1,2024-04-10T20:55:00Z,34.1
RW1,2024-04-11T02:00:00Z,14.41
RW1,2024-04-11T02:05:00Z,14.28
RW1,2024-04-11T02:10:00Z,14.2
RW1,2024-04-11T02:15:00Z,14.15
RW1,2024-04-11T02:20:00Z,14.2
RW1,2024-04-11T02:25:00Z,14.97
RW1,2024-04-11T02:30:00Z,15.23
RW1,2024-04-11T02:35:00Z,15.31
RW1,2024-04-11T02:40:00Z,15.31
RW1,2024-04-11T02:45:00Z,15.36
RW1,2024-04-11T02:50:00Z,15.44
RW1,2024-04-11T02:55:00Z,15.4
RW1,2024-04-11T03:00:00Z,15.4
RW1,2024-04-11T03:05:00Z,15.4
RW1,2024-04-11T03:10:00Z,15.36
RW1,2024-04-11T03:15:00Z,15.31
RW1,2024-04-11T03:20:00Z,15.31
RW1,2024-04-11T03:25:00Z,15.31
RW1,2024-04-11T03:30:00Z,15.31
RW1,2024-04-11T03:35:00Z,15.31
RW1,2024-04-11T03:40:00Z,15.31
RW1,2024-04-11T03:45:00Z,15.23
RW1,2024-04-11T03:50:00Z,15.23
RW1,2024-04-11T03:55:00Z,15.23
RW1,2024-04-11T04:00:00Z,15.14
RW1,2024-04-11T04:05:00Z,15.18
RW1,2024-04-11T04:10:00Z,15.18
RW1,2024-04-11T04:15:00Z,15.18
RW1,2024-04-11T04:20:00Z,15.14
RW1,2024-04-11T04:25:00Z,15.1
RW1,2024-04-11T04:30:00Z,15.1
RW1,2024-04-11T04:35:00Z,15.1
RW1,2024-04-11T04:40:00Z,15.06
RW1,2024-04-11T04:45:00Z,14.88
RW1,2024-04-11T04:50:00Z,14.8
RW1,2024-04-11T04:55:00Z,14.8
RW1,2024-04-11T05:00:00Z,14.84
RW1,2024-04-11T05:05:00Z,14.84
RW1,2024-04-11T05:10:00Z,14.75
RW1,2024-04-11T05:15:00Z,14.84
RW1,2024-04-11T05:20:00Z,14.71
RW1,2024-04-11T05:25:00Z,14.8
RW1,2024-04-11T05:30:00Z,14.84
RW1,2024-04-11T05:35:00Z,14.75
RW1,2024-04-11T05:40:00Z,14.75
RW1,2024-04-11T05:45:00Z,14.67
RW1,2024-04-11T05:50:00Z,14.58
RW1,2024-04-11T05:55:00Z,14.58
RW1,2024-04-11T06:00:00Z,14.58
RW1,2024-04-11T06:05:00Z,14.54
RW1,2024-04-11T06:10:00Z,14.54
RW1,2024-04-11T06:15:00Z,14.54
RW1,2024-04-11T06:20:00Z,14.58
RW1,2024-04-11T06:25:00Z,14.58
RW1,2024-04-11T06:30:00Z,14.63
RW1,2024-04-11T06:35:00Z,14.71
RW1,2024-04-11T06:40:00Z,14.67
RW1,2024-04-11T06:45:00Z,14.58
RW1,2024-04-11T06:50:00Z,14.71
RW1,2024-04-11T06:55:00Z,14.63
RW1,2024-04-11T07:00:00Z,14.58
RW1,2024-04-11T07:05:00Z,14.63
RW1,2024-04-11T07:10:00Z,14.58
RW1,2024-04-11T07:15:00Z,14.54
RW1,2024-04-11T07:20:00Z,14.5
RW1,2024-04-11T07:25:00Z,14.54
RW1,2024-04-11T07:30:00Z,14.5
RW1,2024-04-11T07:35:00Z,14.45
RW1,2024-04-11T07:40:00Z,14.54
RW1,2024-04-11T07:45:00Z,14.5
RW1,2024-04-11T07:50:00Z,14.5
RW1,2024-04-11T07:55:00Z,14.5
RW1,2024-04-11T08:00:00Z,14.45
RW1,2024-04-11T08:05:00Z,14.45
RW1,2024-04-11T08:10:00Z,14.41
RW1,2024-04-11T08:15:00Z,14.37
RW1,2024-04-11T08:20:00Z,14.45
RW1,2024-04-11T08:25:00Z,14.33
RW1,2024-04-11T08:30:00Z,14.24
RW1,2024-04-11T08:35:00Z,14.24
RW1,2024-04-11T08:40:00Z,14.15
RW1,2024-04-11T08:45:00Z,14.15
RW1,2024-04-11T08:50:00Z,14.24
RW1,2024-04-11T08:55:00Z,14.15
RW1,2024-04-11T09:00:00Z,14.15
RW1,2024-04-11T09:05:00Z,14.15
RW1,2024-04-11T09:10:00Z,13.9
RW1,2024-04-11T09:15:00Z,13.68
RW1,2024-04-11T09:20:00Z,13.43
RW1,2024-04-11T09:25:00Z,13.21
RW1,2024-04-11T09:30:00Z,13.04
RW1,2024-04-11T09:35:00Z,12.91
RW1,2024-04-11T17:30:00Z,32.69
RW1,2024-04-11T17:35:00Z,33.97
RW1,2024-04-11T17:40:00Z,34.32
RW1,2024-04-11T17:45:00Z,33.93
RW1,2024-04-11T17:50:00Z,28.65
RW1,2024-04-11T17:55:00Z,27.75
RW1,2024-04-11T18:00:00Z,26.55
RW1,2024-04-11T18:05:00Z,25.57
RW1,2024-04-11T18:10:00Z,20.33
RW1,2024-04-11T18:15:00Z,20.33
RW1,2024-04-11T18:20:00Z,16.73
RW1,2024-04-11T18:25:00Z,16.69
RW1,2024-04-11T18:30:00Z,16.04
RW1,2024-04-11T18:35:00Z,16.39
RW1,2024-04-11T18:40:00Z,16.3
RW1,2024-04-11T18:45:00Z,18.02
RW1,2024-04-11T18:50:00Z,17.16
RW1,2024-04-11T18:55:00Z,16.64
RW1,2024-04-11T19:00:00Z,16
RW1,2024-04-11T19:05:00Z,15.91
RW1,2024-04-11T19:10:00Z,15.83
RW1,2024-04-11T19:15:00Z,15.96
RW1,2024-04-11T19:20:00Z,16.08
RW1,2024-04-11T19:25:00Z,16.26
RW1,2024-04-11T19:30:00Z,16.04
RW1,2024-04-11T19:35:00Z,16.26
RW1,2024-04-11T19:40:00Z,16.08
RW1,2024-04-11T19:45:00Z,15.78
RW1,2024-04-11T19:50:00Z,16.43
RW1,2024-04-11T19:55:00Z,16.17
RW1,2024-04-11T20:00:00Z,16.69
RW1,2024-04-11T20:05:00Z,16.3
RW1,2024-04-11T20:10:00Z,16
RW1,2024-04-11T20:15:00Z,17.41
RW1,2024-04-11T20:20:00Z,16.47
RW1,2024-04-11T20:25:00Z,16.64
RW1,2024-04-11T20:30:00Z,17.5
RW1,2024-04-11T20:35:00Z,17.03
RW1,2024-04-11T20:40:00Z,16.69
RW1,2024-04-11T20:45:00Z,16.73
RW1,2024-04-11T20:50:00Z,17.54
RW1,2024-04-11T20:55:00Z,19
RW1,2024-04-11T21:00:00Z,20.76
RW1,2024-04-11T21:05:00Z,21.79
RW1,2024-04-11T21:10:00Z,24.19
RW1,2024-04-11T21:15:00Z,25.31
RW1,2024-04-11T21:20:00Z,25.27
RW1,2024-04-11T21:25:00Z,27.75
RW1,2024-04-11T21:30:00Z,25.57
RW1,2024-04-11T21:35:00Z,23.85
RW1,2024-04-11T21:40:00Z,26.3
RW1,2024-04-11T21:45:00Z,27.93
RW1,2024-04-11T21:50:00Z,29.13
RW1,2024-04-11T21:55:00Z,28.14
RW1,2024-04-11T22:00:00Z,29.51
RW1,2024-04-11T22:05:00Z,29.38
RW1,2024-04-11T22:10:00Z,29.26
RW1,2024-04-12T01:50:00Z,12.78
RW1,2024-04-12T01:55:00Z,12.7
RW1,2024-04-12T02:00:00Z,12.61
RW1,2024-04-12T02:05:00Z,12.44
RW1,2024-04-12T02:10:00Z,12.52
RW1,2024-04-12T02:15:00Z,12.61
RW1,2024-04-12T02:20:00Z,13.43
RW1,2024-04-12T02:25:00Z,13.43
RW1,2024-04-12T02:30:00Z,14.15
RW1,2024-04-12T02:35:00Z,14.2
RW1,2024-04-12T02:40:00Z,14.33
RW1,2024-04-12T02:45:00Z,14.41
RW1,2024-04-12T02:50:00Z,14.5
RW1,2024-04-12T02:55:00Z,14.5
RW1,2024-04-12T03:00:00Z,14.5
RW1,2024-04-12T03:05:00Z,14.5
RW1,2024-04-12T03:10:00Z,14.45
RW1,2024-04-12T03:15:00Z,14.45
RW1,2024-04-12T03:20:00Z,14.5
RW1,2024-04-12T03:25:00Z,14.5
RW1,2024-04-12T03:30:00Z,14.41
RW1,2024-04-12T03:35:00Z,14.45
RW1,2024-04-12T03:40:00Z,14.41
RW1,2024-04-12T03:45:00Z,14.41
RW1,2024-04-12T03:50:00Z,14.41
RW1,2024-04-12T03:55:00Z,14.45
RW1,2024-04-12T04:00:00Z,14.41
RW1,2024-04-12T04:05:00Z,14.37
RW1,2024-04-12T04:10:00Z,14.37
RW1,2024-04-12T04:15:00Z,14.33
RW1,2024-04-12T04:20:00Z,14.33
RW1,2024-04-12T04:25:00Z,14.33
RW1,2024-04-12T04:30:00Z,14.28
RW1,2024-04-12T04:35:00Z,14.28
RW1,2024-04-12T04:40:00Z,14.24
RW1,2024-04-12T04:45:00Z,14.24
RW1,2024-04-12T04:50:00Z,14.24
RW1,2024-04-12T04:55:00Z,14.24
RW1,2024-04-12T05:00:00Z,14.2
RW1,2024-04-12T05:05:00Z,14.15
RW1,2024-04-12T05:10:00Z,14.15
RW1,2024-04-12T05:15:00Z,14.15
RW1,2024-04-12T05:20:00Z,14.15
RW1,2024-04-12T05:25:00Z,14.11
RW1,2024-04-12T05:30:00Z,14.11
RW1,2024-04-12T05:35:00Z,14.07
RW1,2024-04-12T05:40:00Z,14.03
RW1,2024-04-12T05:45:00Z,14.03
RW1,2024-04-12T05:50:00Z,14.03
RW1,2024-04-12T05:55:00Z,14.07
RW1,2024-04-12T06:00:00Z,14.03
RW1,2024-04-12T06:05:00Z,14.03
RW1,2024-04-12T06:10:00Z,14.03
RW1,2024-04-12T06:15:00Z,14.03
RW1,2024-04-12T06:20:00Z,13.98
RW1,2024-04-12T06:25:00Z,13.98
RW1,2024-04-12T06:30:00Z,13.98
RW1,2024-04-12T06:35:00Z,13.94
RW1,2024-04-12T06:40:00Z,13.94
RW1,2024-04-12T06:45:00Z,13.98
RW1,2024-04-12T06:50:00Z,13.9
RW1,2024-04-12T06:55:00Z,13.81
RW1,2024-04-12T07:00:00Z,13.9
RW1,2024-04-12T07:05:00Z,13.85
RW1,2024-04-12T07:10:00Z,13.85
RW1,2024-04-12T07:15:00Z,13.85
RW1,2024-04-12T07:20:00Z,13.81
RW1,2024-04-12T07:25:00Z,13.81
RW1,2024-04-12T07:30:00Z,13.81
RW1,2024-04-12T07:35:00Z,13.85
RW1,2024-04-12T07:40:00Z,13.85
RW1,2024-04-12T07:45:00Z,13.85
RW1,2024-04-12T07:50:00Z,13.85
RW1,2024-04-12T07:55:00Z,13.85
RW1,2024-04-12T08:00:00Z,13.81
RW1,2024-04-12T08:05:00Z,13.81
RW1,2024-04-12T08:10:00Z,13.81
RW1,2024-04-12T08:15:00Z,13.77
RW1,2024-04-12T08:20:00Z,13.77
RW1,2024-04-12T08:25:00Z,13.77
RW1,2024-04-12T08:30:00Z,13.73
RW1,2024-04-12T08:35:00Z,13.77
RW1,2024-04-12T08:40:00Z,13.73
RW1,2024-04-12T08:45:00Z,13.73
RW1,2024-04-12T08:50:00Z,13.77
RW1,2024-04-12T08:55:00Z,13.81
RW1,2024-04-12T09:00:00Z,13.81
RW1,2024-04-12T09:05:00Z,13.73
RW1,2024-04-12T09:10:00Z,13.77
RW1,2024-04-12T09:15:00Z,13.73
RW1,2024-04-12T09:20:00Z,13.73
RW1,2024-04-12T09:25:00Z,13.77
RW1,2024-04-12T09:30:00Z,13.77
RW1,2024-04-12T09:35:00Z,13.77
RW1,2024-04-12T09:40:00Z,13.73
RW1,2024-04-12T09:45:00Z,13.73
RW1,2024-04-12T09:50:00Z,13.73
RW1,2024-04-12T09:55:00Z,13.68
RW1,2024-04-12T10:00:00Z,13.68
RW1,2024-04-12T10:05:00Z,13.64
RW1,2024-04-12T10:10:00Z,13.51
RW1,2024-04-12T10:15:00Z,13.51
RW1,2024-04-12T10:20:00Z,13.51
RW1,2024-04-12T10:25:00Z,13.34
RW1,2024-04-12T10:30:00Z,13.21
RW1,2024-04-12T10:35:00Z,13.08
RW1,2024-04-12T18:55:00Z,18.7
RW1,2024-04-12T19:00:00Z,18.14
RW1,2024-04-12T19:05:00Z,18.23
RW1,2024-04-12T19:10:00Z,17.97
RW1,2024-04-12T19:15:00Z,17.59
RW1,2024-04-12T19:20:00Z,17.07
RW1,2024-04-12T19:25:00Z,16.3
RW1,2024-04-12T19:30:00Z,16.21
RW1,2024-04-12T19:35:00Z,16.73
RW1,2024-04-12T19:40:00Z,16.39
RW1,2024-04-12T19:45:00Z,16.21
RW1,2024-04-12T19:50:00Z,15.57
RW1,2024-04-12T19:55:00Z,15.44
RW1,2024-04-12T20:00:00Z,15.01
RW1,2024-04-12T20:05:00Z,15.61
RW1,2024-04-12T20:10:00Z,15.96
RW1,2024-04-12T20:15:00Z,15.01
RW1,2024-04-12T20:20:00Z,14.97
RW1,2024-04-12T20:25:00Z,14.84
RW1,2024-04-12T20:30:00Z,15.14
RW1,2024-04-12T20:35:00Z,16.04
RW1,2024-04-12T20:40:00Z,15.83
RW1,2024-04-12T20:45:00Z,14.58
RW1,2024-04-12T20:50:00Z,14.84
RW1,2024-04-12T20:55:00Z,15.06
RW1,2024-04-12T21:00:00Z,14.84
RW1,2024-04-12T21:05:00Z,15.87
RW1,2024-04-12T21:10:00Z,14.71
RW1,2024-04-12T21:15:00Z,14.71
RW1,2024-04-12T21:20:00Z,15.23
RW1,2024-04-12T21:25:00Z,14.88
RW1,2024-04-12T21:30:00Z,14.93
RW1,2024-04-12T21:35:00Z,14.45
RW1,2024-04-12T21:40:00Z,14.93
RW1,2024-04-12T21:45:00Z,14.54
RW1,2024-04-12T21:50:00Z,14.58
RW1,2024-04-12T21:55:00Z,14.75
RW1,2024-04-12T22:00:00Z,14.71
RW1,2024-04-12T22:05:00Z,15.27
RW1,2024-04-12T22:10:00Z,15.31
RW1,2024-04-12T22:15:00Z,15.06
RW1,2024-04-12T22:20:00Z,15.48
RW1,2024-04-12T22:25:00Z,15.57
RW1,2024-04-12T22:30:00Z,16.3
RW1,2024-04-12T22:35:00Z,16.47
RW1,2024-04-12T22:40:00Z,16.77
RW1,2024-04-12T22:45:00Z,18.02
RW1,2024-04-12T22:50:00Z,18.87
RW1,2024-04-12T22:55:00Z,19.3
RW1,2024-04-12T23:00:00Z,19.82
RW1,2024-04-12T23:05:00Z,20.2
RW1,2024-04-12T23:10:00Z,19.95
RW1,2024-04-12T23:15:00Z,20.16
RW1,2024-04-12T23:20:00Z,20.03
RW1,2024-04-12T23:25:00Z,19.65
RW1,2024-04-12T23:30:00Z,19.35
RW1,2024-04-12T23:35:00Z,19.22
RW1,2024-04-12T23:40:00Z,18.79
RW1,2024-04-13T01:25:00Z,14.63
RW1,2024-04-13T01:30:00Z,14.58
RW1,2024-04-13T01:35:00Z,14.54
RW1,2024-04-13T01:40:00Z,14.45
RW1,2024-04-13T01:45:00Z,14.41
RW1,2024-04-13T01:50:00Z,14.33
RW1,2024-04-13T01:55:00Z,14.28
RW1,2024-04-13T02:00:00Z,14.24
RW1,2024-04-13T02:05:00Z,14.2
RW1,2024-04-13T02:10:00Z,14.11
RW1,2024-04-13T02:15:00Z,13.98
RW1,2024-04-13T02:20:00Z,13.98
RW1,2024-04-13T02:25:00Z,13.98
RW1,2024-04-13T02:30:00Z,14.03
RW1,2024-04-13T02:35:00Z,13.98
RW1,2024-04-13T02:40:00Z,14.03
RW1,2024-04-13T02:45:00Z,13.94
RW1,2024-04-13T02:50:00Z,13.94
RW1,2024-04-13T02:55:00Z,13.9
RW1,2024-04-13T03:00:00Z,13.9
RW1,2024-04-13T03:05:00Z,13.94
RW1,2024-04-13T03:10:00Z,13.85
RW1,2024-04-13T03:15:00Z,13.81
RW1,2024-04-13T03:20:00Z,13.9
RW1,2024-04-13T03:25:00Z,13.85
RW1,2024-04-13T03:30:00Z,13.85
RW1,2024-04-13T03:35:00Z,13.9
RW1,2024-04-13T03:40:00Z,13.85
RW1,2024-04-13T03:45:00Z,13.85
RW1,2024-04-13T03:50:00Z,13.85
RW1,2024-04-13T03:55:00Z,13.9
RW1,2024-04-13T04:00:00Z,13.85
RW1,2024-04-13T04:05:00Z,13.85
RW1,2024-04-13T04:10:00Z,13.85
RW1,2024-04-13T04:15:00Z,13.81
RW1,2024-04-13T04:20:00Z,13.85
RW1,2024-04-13T04:25:00Z,13.85
RW1,2024-04-13T04:30:00Z,13.85
RW1,2024-04-13T04:35:00Z,13.85
RW1,2024-04-13T04:40:00Z,13.85
RW1,2024-04-13T04:45:00Z,13.85
RW1,2024-04-13T04:50:00Z,13.85
RW1,2024-04-13T04:55:00Z,13.85
RW1,2024-04-13T05:00:00Z,13.85
RW1,2024-04-13T05:05:00Z,13.81
RW1,2024-04-13T05:10:00Z,13.81
RW1,2024-04-13T05:15:00Z,13.81
RW1,2024-04-13T05:20:00Z,13.81
RW1,2024-04-13T05:25:00Z,13.85
RW1,2024-04-13T05:30:00Z,13.81
RW1,2024-04-13T05:35:00Z,13.85
RW1,2024-04-13T05:40:00Z,13.81
RW1,2024-04-13T05:45:00Z,13.85
RW1,2024-04-13T05:50:00Z,13.85
RW1,2024-04-13T05:55:00Z,13.81
RW1,2024-04-13T06:00:00Z,13.85
RW1,2024-04-13T06:05:00Z,13.77
RW1,2024-04-13T06:10:00Z,13.85
RW1,2024-04-13T06:15:00Z,13.81
RW1,2024-04-13T06:20:00Z,13.81
RW1,2024-04-13T06:25:00Z,13.9
RW1,2024-04-13T06:30:00Z,13.85
RW1,2024-04-13T06:35:00Z,13.9
RW1,2024-04-13T06:40:00Z,13.85
RW1,2024-04-13T06:45:00Z,13.85
RW1,2024-04-13T06:50:00Z,13.9
RW1,2024-04-13T06:55:00Z,13.85
RW1,2024-04-13T07:00:00Z,13.9
RW1,2024-04-13T07:05:00Z,13.85
RW1,2024-04-13T07:10:00Z,13.81
RW1,2024-04-13T07:15:00Z,13.9
RW1,2024-04-13T07:20:00Z,13.85
RW1,2024-04-13T07:25:00Z,13.81
RW1,2024-04-13T07:30:00Z,13.85
RW1,2024-04-13T07:35:00Z,13.85
RW1,2024-04-13T07:40:00Z,13.85
RW1,2024-04-13T07:45:00Z,13.85
RW1,2024-04-13T07:50:00Z,13.85
RW1,2024-04-13T07:55:00Z,13.85
RW1,2024-04-13T08:00:00Z,13.9
RW1,2024-04-13T08:05:00Z,13.9
RW1,2024-04-13T08:10:00Z,13.9
RW1,2024-04-13T08:15:00Z,13.85
RW1,2024-04-13T08:20:00Z,13.85
RW1,2024-04-13T08:25:00Z,13.85
RW1,2024-04-13T08:30:00Z,13.85
RW1,2024-04-13T08:35:00Z,13.9
RW1,2024-04-13T08:40:00Z,13.85
RW1,2024-04-13T08:45:00Z,13.85
RW1,2024-04-13T08:50:00Z,13.85
RW1,2024-04-13T08:55:00Z,13.9
RW1,2024-04-13T09:00:00Z,13.85
RW1,2024-04-13T09:05:00Z,13.9
RW1,2024-04-13T09:10:00Z,13.85
RW1,2024-04-13T09:15:00Z,13.85
RW1,2024-04-13T09:20:00Z,13.9
RW1,2024-04-13T09:25:00Z,13.85
RW1,2024-04-13T09:30:00Z,13.9
RW1,2024-04-13T09:35:00Z,13.85
RW1,2024-04-13T09:40:00Z,13.9
RW1,2024-04-13T09:45:00Z,13.85
RW1,2024-04-13T09:50:00Z,13.85
RW1,2024-04-13T09:55:00Z,13.9
RW1,2024-04-13T10:00:00Z,13.9
RW1,2024-04-13T10:05:00Z,13.85
RW1,2024-04-13T10:10:00Z,13.85
RW1,2024-04-13T10:15:00Z,13.9
RW1,2024-04-13T10:20:00Z,13.9
RW1,2024-04-13T10:25:00Z,13.85
RW1,2024-04-13T10:30:00Z,13.85
RW1,2024-04-13T10:35:00Z,13.9
RW1,2024-04-13T10:40:00Z,13.81
RW1,2024-04-13T10:45:00Z,13.9
RW1,2024-04-13T10:50:00Z,13.85
RW1,2024-04-13T10:55:00Z,13.81
RW1,2024-04-13T11:00:00Z,13.81
RW1,2024-04-13T11:05:00Z,13.81
RW1,2024-04-13T11:10:00Z,13.77
RW1,2024-04-13T11:15:00Z,13.77
RW1,2024-04-13T11:20:00Z,13.64
RW1,2024-04-13T20:50:00Z,16.69
RW1,2024-04-13T20:55:00Z,16.21
RW1,2024-04-13T21:00:00Z,16.47
RW1,2024-04-13T21:05:00Z,16.51
RW1,2024-04-13T21:10:00Z,17.11
RW1,2024-04-13T21:15:00Z,16.6
RW1,2024-04-13T21:20:00Z,16.17
RW1,2024-04-13T21:25:00Z,16.04
RW1,2024-04-13T21:30:00Z,15.66
RW1,2024-04-13T21:35:00Z,15.61
RW1,2024-04-13T21:40:00Z,15.01
RW1,2024-04-13T21:45:00Z,14.84
RW1,2024-04-13T21:50:00Z,14.97
RW1,2024-04-13T21:55:00Z,14.88
RW1,2024-04-13T22:00:00Z,14.88
RW1,2024-04-13T22:05:00Z,14.88
RW1,2024-04-13T22:10:00Z,15.36
RW1,2024-04-13T22:15:00Z,15.31
RW1,2024-04-13T22:20:00Z,15.18
RW1,2024-04-13T22:25:00Z,15.18
RW1,2024-04-13T22:30:00Z,14.97
RW1,2024-04-13T22:35:00Z,14.8
RW1,2024-04-13T22:40:00Z,14.71
RW1,2024-04-13T22:45:00Z,14.67
RW1,2024-04-13T22:50:00Z,14.67
RW1,2024-04-13T22:55:00Z,14.63
RW1,2024-04-13T23:00:00Z,14.54
RW1,2024-04-13T23:05:00Z,14.63
RW1,2024-04-13T23:10:00Z,14.63
RW1,2024-04-13T23:15:00Z,14.58
RW1,2024-04-13T23:20:00Z,14.54
RW1,2024-04-13T23:25:00Z,14.5
RW1,2024-04-13T23:30:00Z,14.58
RW1,2024-04-13T23:35:00Z,14.58
RW1,2024-04-13T23:40:00Z,14.58
RW1,2024-04-13T23:45:00Z,14.54
RW1,2024-04-13T23:50:00Z,14.63
RW1,2024-04-13T23:55:00Z,14.71
RW1,2024-04-14T00:00:00Z,14.58
RW1,2024-04-14T00:05:00Z,14.45
RW1,2024-04-14T00:10:00Z,14.41
RW1,2024-04-14T00:15:00Z,14.5
RW1,2024-04-14T00:20:00Z,14.41
RW1,2024-04-14T00:25:00Z,14.45
RW1,2024-04-14T00:30:00Z,14.5
RW1,2024-04-14T00:35:00Z,14.37
RW1,2024-04-14T00:40:00Z,14.28
RW1,2024-04-14T00:45:00Z,14.24
RW1,2024-04-14T00:50:00Z,14.33
RW1,2024-04-14T00:55:00Z,14.33
RW1,2024-04-14T01:00:00Z,14.2
RW1,2024-04-14T01:05:00Z,14.24
RW1,2024-04-14T01:10:00Z,14.28
RW1,2024-04-14T01:15:00Z,14.28
RW1,2024-04-14T01:20:00Z,14.24
RW1,2024-04-14T01:25:00Z,14.33
RW1,2024-04-14T01:30:00Z,14.33
RW1,2024-04-14T01:35:00Z,14.33
RW1,2024-04-14T01:40:00Z,14.28
RW1,2024-04-14T01:45:00Z,14.2
RW1,2024-04-14T01:50:00Z,14.2
RW1,2024-04-14T01:55:00Z,14.15
RW1,2024-04-14T02:00:00Z,14.15
RW1,2024-04-14T02:05:00Z,14.15
RW1,2024-04-14T02:10:00Z,14.11
RW1,2024-04-14T02:15:00Z,14.11
RW1,2024-04-14T02:20:00Z,14.07
RW1,2024-04-14T02:25:00Z,14.03
RW1,2024-04-14T02:30:00Z,14.07
RW1,2024-04-14T02:35:00Z,14.07
RW1,2024-04-14T02:40:00Z,14.07
RW1,2024-04-14T02:45:00Z,14.07
RW1,2024-04-14T02:50:00Z,14.03
RW1,2024-04-14T02:55:00Z,14.03
RW1,2024-04-14T03:00:00Z,14.07
RW1,2024-04-14T03:05:00Z,14.03
RW1,2024-04-14T03:10:00Z,14.03
RW1,2024-04-14T03:15:00Z,14.03
RW1,2024-04-14T03:20:00Z,14.07
RW1,2024-04-14T03:25:00Z,14.07
RW1,2024-04-14T03:30:00Z,14.03
RW1,2024-04-14T03:35:00Z,14.03
RW1,2024-04-14T03:40:00Z,14.03
RW1,2024-04-14T03:45:00Z,14.03
RW1,2024-04-14T03:50:00Z,14.03
RW1,2024-04-14T03:55:00Z,14.03
RW1,2024-04-14T04:00:00Z,14.03
RW1,2024-04-14T04:05:00Z,13.94
RW1,2024-04-14T04:10:00Z,13.94
RW1,2024-04-14T04:15:00Z,13.94
RW1,2024-04-14T04:20:00Z,13.98
RW1,2024-04-14T04:25:00Z,13.94
RW1,2024-04-14T04:30:00Z,13.94
RW1,2024-04-14T04:35:00Z,13.94
RW1,2024-04-14T04:40:00Z,13.94
RW1,2024-04-14T04:45:00Z,13.94
RW1,2024-04-14T04:50:00Z,13.94
RW1,2024-04-14T04:55:00Z,13.9
RW1,2024-04-14T05:00:00Z,13.94
RW1,2024-04-14T05:05:00Z,13.94
RW1,2024-04-14T05:10:00Z,13.9
RW1,2024-04-14T05:15:00Z,13.98
RW1,2024-04-14T05:20:00Z,13.94
RW1,2024-04-14T05:25:00Z,13.94
RW1,2024-04-14T05:30:00Z,13.94
RW1,2024-04-14T05:35:00Z,13.94
RW1,2024-04-14T05:40:00Z,13.94
RW1,2024-04-14T05:45:00Z,13.9
RW1,2024-04-14T05:50:00Z,13.9
RW1,2024-04-14T05:55:00Z,13.9
RW1,2024-04-14T06:00:00Z,13.9
RW1,2024-04-14T06:05:00Z,13.9
RW1,2024-04-14T06:10:00Z,13.9
RW1,2024-04-14T06:15:00Z,13.85
RW1,2024-04-14T06:20:00Z,13.9
RW1,2024-04-14T06:25:00Z,13.94
RW1,2024-04-14T06:30:00Z,13.9
RW1,2024-04-14T06:35:00Z,13.85
RW1,2024-04-14T06:40:00Z,13.85
RW1,2024-04-14T06:45:00Z,13.9
RW1,2024-04-14T06:50:00Z,13.81
RW1,2024-04-14T06:55:00Z,13.85
RW1,2024-04-14T07:00:00Z,13.85
RW1,2024-04-14T07:05:00Z,13.85
RW1,2024-04-14T07:10:00Z,13.81
RW1,2024-04-14T07:15:00Z,13.85
RW1,2024-04-14T07:20:00Z,13.81
RW1,2024-04-14T07:25:00Z,13.81
RW1,2024-04-14T07:30:00Z,13.85
RW1,2024-04-14T07:35:00Z,13.81
RW1,2024-04-14T07:40:00Z,13.85
RW1,2024-04-14T07:45:00Z,13.81
RW1,2024-04-14T07:50:00Z,13.81
RW1,2024-04-14T07:55:00Z,13.85
RW1,2024-04-14T08:00:00Z,13.85
RW1,2024-04-14T08:05:00Z,13.9
RW1,2024-04-14T08:10:00Z,13.85
RW1,2024-04-14T08:15:00Z,13.81
RW1,2024-04-14T08:20:00Z,13.85
RW1,2024-04-14T08:25:00Z,13.85
RW1,2024-04-14T08:30:00Z,13.9
RW1,2024-04-14T08:35:00Z,13.85
RW1,2024-04-14T08:40:00Z,13.9
RW1,2024-04-14T08:45:00Z,13.85
RW1,2024-04-14T08:50:00Z,13.9
RW1,2024-04-14T08:55:00Z,13.9
RW1,2024-04-14T09:00:00Z,13.85
RW1,2024-04-14T09:05:00Z,13.85
RW1,2024-04-14T09:10:00Z,13.81
RW1,2024-04-14T09:15:00Z,13.81
RW1,2024-04-14T09:20:00Z,13.81
RW1,2024-04-14T09:25:00Z,13.85
RW1,2024-04-14T09:30:00Z,13.85
RW1,2024-04-14T09:35:00Z,13.85
RW1,2024-04-14T09:40:00Z,13.85
RW1,2024-04-14T09:45:00Z,13.85
RW1,2024-04-14T09:50:00Z,13.85
RW1,2024-04-14T09:55:00Z,13.85
RW1,2024-04-14T10:00:00Z,13.85
RW1,2024-04-14T10:05:00Z,13.85
RW1,2024-04-14T10:10:00Z,13.85
RW1,2024-04-14T10:15:00Z,13.85
RW1,2024-04-14T10:20:00Z,13.81
RW1,2024-04-14T10:25:00Z,13.85
RW1,2024-04-14T10:30:00Z,13.85
RW1,2024-04-14T10:35:00Z,13.77
RW1,2024-04-14T10:40:00Z,13.81
RW1,2024-04-14T10:45:00Z,13.77
RW1,2024-04-14T10:50:00Z,13.81
RW1,2024-04-14T10:55:00Z,13.81
RW1,2024-04-14T11:00:00Z,13.81
RW1,2024-04-14T11:05:00Z,13.81
RW1,2024-04-14T11:10:00Z,13.81
RW1,2024-04-14T11:15:00Z,13.81
RW1,2024-04-14T11:20:00Z,13.81
RW1,2024-04-14T11:25:00Z,13.73
RW1,2024-04-14T11:30:00Z,13.73
RW1,2024-04-14T11:35:00Z,13.73
RW1,2024-04-14T11:40:00Z,13.64
RW1,2024-04-14T11:45:00Z,13.64
RW1,2024-04-14T11:50:00Z,13.64
RW1,2024-04-14T11:55:00Z,13.68
RW1,2024-04-14T12:00:00Z,13.64
RW1,2024-04-14T12:05:00Z,13.47
RW1,2024-04-14T12:10:00Z,13.43
RW1,2024-04-14T12:15:00Z,13.34
RW1,2024-04-14T12:20:00Z,13
RW1,2024-04-14T22:20:00Z,20.33
RW1,2024-04-14T22:25:00Z,19.13
RW1,2024-04-14T22:30:00Z,16.6
RW1,2024-04-14T22:35:00Z,16.17
RW1,2024-04-14T22:40:00Z,16.17
RW1,2024-04-14T22:45:00Z,16.08
RW1,2024-04-14T22:50:00Z,15.78
RW1,2024-04-14T22:55:00Z,15.91
RW1,2024-04-14T23:00:00Z,15.66
RW1,2024-04-14T23:05:00Z,15.44
RW1,2024-04-14T23:10:00Z,15.31
RW1,2024-04-14T23:15:00Z,15.36
RW1,2024-04-14T23:20:00Z,15.44
RW1,2024-04-14T23:25:00Z,15.44
RW1,2024-04-14T23:30:00Z,15.48
RW1,2024-04-14T23:35:00Z,15.74
RW1,2024-04-14T23:40:00Z,15.7
RW1,2024-04-14T23:45:00Z,15.66
RW1,2024-04-14T23:50:00Z,15.87
RW1,2024-04-14T23:55:00Z,16.26
RW1,2024-04-15T00:00:00Z,15.87
RW1,2024-04-15T00:05:00Z,15.48
RW1,2024-04-15T00:10:00Z,15.4
RW1,2024-04-15T00:15:00Z,15.44
RW1,2024-04-15T00:20:00Z,15.31
RW1,2024-04-15T00:25:00Z,15.61
RW1,2024-04-15T00:30:00Z,15.4
RW1,2024-04-15T00:35:00Z,15.14
RW1,2024-04-15T00:40:00Z,15.1
RW1,2024-04-15T00:45:00Z,15.01
RW1,2024-04-15T00:50:00Z,15.01
RW1,2024-04-15T00:55:00Z,14.93
RW1,2024-04-15T01:00:00Z,14.88
RW1,2024-04-15T01:05:00Z,14.88
RW1,2024-04-15T01:10:00Z,14.84
RW1,2024-04-15T01:15:00Z,14.88
RW1,2024-04-15T01:20:00Z,14.8
RW1,2024-04-15T01:25:00Z,14.8
RW1,2024-04-15T01:30:00Z,14.75
RW1,2024-04-15T01:35:00Z,14.8
RW1,2024-04-15T01:40:00Z,14.71
RW1,2024-04-15T01:45:00Z,14.71
RW1,2024-04-15T01:50:00Z,14.71
RW1,2024-04-15T01:55:00Z,14.67
RW1,2024-04-15T02:00:00Z,14.67
RW1,2024-04-15T02:05:00Z,14.67
RW1,2024-04-15T02:10:00Z,14.58
RW1,2024-04-15T02:15:00Z,14.63
RW1,2024-04-15T02:20:00Z,14.63
RW1,2024-04-15T02:25:00Z,14.63
RW1,2024-04-15T02:30:00Z,14.54
RW1,2024-04-15T02:35:00Z,14.58
RW1,2024-04-15T02:40:00Z,14.58
RW1,2024-04-15T02:45:00Z,14.54
RW1,2024-04-15T02:50:00Z,14.54
RW1,2024-04-15T02:55:00Z,14.54
RW1,2024-04-15T03:00:00Z,14.5
RW1,2024-04-15T03:05:00Z,14.45
RW1,2024-04-15T03:10:00Z,14.5
RW1,2024-04-15T03:15:00Z,14.5
RW1,2024-04-15T03:20:00Z,14.5
RW1,2024-04-15T03:25:00Z,14.45
RW1,2024-04-15T03:30:00Z,14.45
RW1,2024-04-15T03:35:00Z,14.41
RW1,2024-04-15T03:40:00Z,14.45
RW1,2024-04-15T03:45:00Z,14.41
RW1,2024-04-15T03:50:00Z,14.41
RW1,2024-04-15T03:55:00Z,14.41
RW1,2024-04-15T04:00:00Z,14.37
RW1,2024-04-15T04:05:00Z,14.41
RW1,2024-04-15T04:10:00Z,14.41
RW1,2024-04-15T04:15:00Z,14.41
RW1,2024-04-15T04:20:00Z,14.37
RW1,2024-04-15T04:25:00Z,14.37
RW1,2024-04-15T04:30:00Z,14.41
RW1,2024-04-15T04:35:00Z,14.41
RW1,2024-04-15T04:40:00Z,14.37
RW1,2024-04-15T04:45:00Z,14.33
RW1,2024-04-15T04:50:00Z,14.33
RW1,2024-04-15T04:55:00Z,14.37
RW1,2024-04-15T05:00:00Z,14.33
RW1,2024-04-15T05:05:00Z,14.28
RW1,2024-04-15T05:10:00Z,14.33
RW1,2024-04-15T05:15:00Z,14.28
RW1,2024-04-15T05:20:00Z,14.33
RW1,2024-04-15T05:25:00Z,14.33
RW1,2024-04-15T05:30:00Z,14.28
RW1,2024-04-15T05:35:00Z,14.33
RW1,2024-04-15T05:40:00Z,14.28
RW1,2024-04-15T05:45:00Z,14.33
RW1,2024-04-15T05:50:00Z,14.33
RW1,2024-04-15T05:55:00Z,14.33
RW1,2024-04-15T06:00:00Z,14.28
RW1,2024-04-15T06:05:00Z,14.28
RW1,2024-04-15T06:10:00Z,14.28
RW1,2024-04-15T06:15:00Z,14.28
RW1,2024-04-15T06:20:00Z,14.28
RW1,2024-04-15T06:25:00Z,14.24
RW1,2024-04-15T06:30:00Z,14.33
RW1,2024-04-15T06:35:00Z,14.24
RW1,2024-04-15T06:40:00Z,14.28
RW1,2024-04-15T06:45:00Z,14.28
RW1,2024-04-15T06:50:00Z,14.28
RW1,2024-04-15T06:55:00Z,14.33
RW1,2024-04-15T07:00:00Z,14.24
RW1,2024-04-15T07:05:00Z,14.28
RW1,2024-04-15T07:10:00Z,14.28
RW1,2024-04-15T07:15:00Z,14.28
RW1,2024-04-15T07:20:00Z,14.33
RW1,2024-04-15T07:25:00Z,14.33
RW1,2024-04-15T07:30:00Z,14.28
RW1,2024-04-15T07:35:00Z,14.24
RW1,2024-04-15T07:40:00Z,14.28
RW1,2024-04-15T07:45:00Z,14.28
RW1,2024-04-15T07:50:00Z,14.28
RW1,2024-04-15T07:55:00Z,14.28
RW1,2024-04-15T08:00:00Z,14.28
RW1,2024-04-15T08:05:00Z,14.28
RW1,2024-04-15T08:10:00Z,14.28
RW1,2024-04-15T08:15:00Z,14.28
RW1,2024-04-15T08:20:00Z,14.28
RW1,2024-04-15T08:25:00Z,14.24
RW1,2024-04-15T08:30:00Z,14.28
RW1,2024-04-15T08:35:00Z,14.24
RW1,2024-04-15T08:40:00Z,14.24
RW1,2024-04-15T08:45:00Z,14.28
RW1,2024-04-15T08:50:00Z,14.28
RW1,2024-04-15T08:55:00Z,14.24
RW1,2024-04-15T09:00:00Z,14.24
RW1,2024-04-15T09:05:00Z,14.28
RW1,2024-04-15T09:10:00Z,14.24
RW1,2024-04-15T09:15:00Z,14.24
RW1,2024-04-15T09:20:00Z,14.28
RW1,2024-04-15T09:25:00Z,14.28
RW1,2024-04-15T09:30:00Z,14.28
RW1,2024-04-15T09:35:00Z,14.24
RW1,2024-04-15T09:40:00Z,14.24
RW1,2024-04-15T09:45:00Z,14.24
RW1,2024-04-15T09:50:00Z,14.24
RW1,2024-04-15T09:55:00Z,14.24
RW1,2024-04-15T10:00:00Z,14.24
RW1,2024-04-15T10:05:00Z,14.2
RW1,2024-04-15T10:10:00Z,14.15
RW1,2024-04-15T10:15:00Z,14.24
RW1,2024-04-15T10:20:00Z,14.2
RW1,2024-04-15T10:25:00Z,14.2
RW1,2024-04-15T10:30:00Z,14.11
RW1,2024-04-15T10:35:00Z,14.11
RW1,2024-04-15T10:40:00Z,14.15
RW1,2024-04-15T10:45:00Z,14.15
RW1,2024-04-15T10:50:00Z,14.11
RW1,2024-04-15T10:55:00Z,14.15
RW1,2024-04-15T11:00:00Z,14.15
RW1,2024-04-15T11:05:00Z,14.11
RW1,2024-04-15T11:10:00Z,14.11
RW1,2024-04-15T11:15:00Z,14.11
RW1,2024-04-15T11:20:00Z,14.11
RW1,2024-04-15T11:25:00Z,14.07
RW1,2024-04-15T11:30:00Z,14.03
RW1,2024-04-15T11:35:00Z,14.03
RW1,2024-04-15T11:40:00Z,14.03
RW1,2024-04-15T11:45:00Z,14.03
RW1,2024-04-15T11:50:00Z,13.98
RW1,2024-04-15T11:55:00Z,13.98
RW1,2024-04-15T12:00:00Z,14.03
RW1,2024-04-15T12:05:00Z,14.07
RW1,2024-04-15T12:10:00Z,14.03
RW1,2024-04-15T12:15:00Z,13.98
RW1,2024-04-15T12:20:00Z,13.94
RW1,2024-04-15T12:25:00Z,13.98
RW1,2024-04-15T12:30:00Z,13.9
RW1,2024-04-15T12:35:00Z,13.94
RW1,2024-04-15T12:40:00Z,13.85
RW1,2024-04-15T12:45:00Z,13.85
RW1,2024-04-15T12:50:00Z,13.77
RW1,2024-04-15T12:55:00Z,13.81
RW1,2024-04-15T13:00:00Z,13.77
RW1,2024-04-15T13:05:00Z,13.73
RW1,2024-04-15T13:10:00Z,13.64
RW1,2024-04-15T13:15:00Z,13.55
RW1,2024-04-15T13:20:00Z,13.51
RW1,2024-04-15T13:25:00Z,12.91
RW1,2024-04-15T13:30:00Z,12.22
RW1,2024-04-15T13:35:00Z,13.04
RW1,2024-04-15T23:10:00Z,24.15
RW1,2024-04-15T23:15:00Z,23.94
RW1,2024-04-15T23:20:00Z,23.81
RW1,2024-04-15T23:25:00Z,23.29
RW1,2024-04-15T23:30:00Z,20.98
RW1,2024-04-15T23:35:00Z,18.96
RW1,2024-04-15T23:40:00Z,18.32
RW1,2024-04-15T23:45:00Z,18.92
RW1,2024-04-15T23:50:00Z,19.35
RW1,2024-04-15T23:55:00Z,18.1
RW1,2024-04-16T00:00:00Z,18.23
RW1,2024-04-16T00:05:00Z,17.46
RW1,2024-04-16T00:10:00Z,17.5
RW1,2024-04-16T00:15:00Z,17.46
RW1,2024-04-16T00:20:00Z,17.54
RW1,2024-04-16T00:25:00Z,17.29
RW1,2024-04-16T00:30:00Z,17.24
RW1,2024-04-16T00:35:00Z,17.24
RW1,2024-04-16T00:40:00Z,16.86
RW1,2024-04-16T00:45:00Z,16.77
RW1,2024-04-16T00:50:00Z,16.69
RW1,2024-04-16T00:55:00Z,16.64
RW1,2024-04-16T01:00:00Z,16.56
RW1,2024-04-16T01:05:00Z,16.51
RW1,2024-04-16T01:10:00Z,16.43
RW1,2024-04-16T01:15:00Z,16.39
RW1,2024-04-16T01:20:00Z,16.34
RW1,2024-04-16T01:25:00Z,16.26
RW1,2024-04-16T01:30:00Z,16.26
RW1,2024-04-16T01:35:00Z,16.17
RW1,2024-04-16T01:40:00Z,16.17
RW1,2024-04-16T01:45:00Z,16
RW1,2024-04-16T01:50:00Z,16
RW1,2024-04-16T01:55:00Z,15.91
RW1,2024-04-16T02:00:00Z,15.87
RW1,2024-04-16T02:05:00Z,15.83
RW1,2024-04-16T02:10:00Z,15.7
RW1,2024-04-16T02:15:00Z,15.7
RW1,2024-04-16T02:20:00Z,15.66
RW1,2024-04-16T02:25:00Z,15.7
RW1,2024-04-16T02:30:00Z,15.61
RW1,2024-04-16T02:35:00Z,15.61
RW1,2024-04-16T02:40:00Z,15.57
RW1,2024-04-16T02:45:00Z,15.53
RW1,2024-04-16T02:50:00Z,15.48
RW1,2024-04-16T02:55:00Z,15.48
RW1,2024-04-16T03:00:00Z,15.48
RW1,2024-04-16T03:05:00Z,15.4
RW1,2024-04-16T03:10:00Z,15.4
RW1,2024-04-16T03:15:00Z,15.36
RW1,2024-04-16T03:20:00Z,15.36
RW1,2024-04-16T03:25:00Z,15.31
RW1,2024-04-16T03:30:00Z,15.31
RW1,2024-04-16T03:35:00Z,15.31
RW1,2024-04-16T03:40:00Z,15.27
RW1,2024-04-16T03:45:00Z,15.23
RW1,2024-04-16T03:50:00Z,15.23
RW1,2024-04-16T03:55:00Z,15.18
RW1,2024-04-16T04:00:00Z,15.14
RW1,2024-04-16T04:05:00Z,15.14
RW1,2024-04-16T04:10:00Z,15.14
RW1,2024-04-16T04:15:00Z,15.1
RW1,2024-04-16T04:20:00Z,15.1
RW1,2024-04-16T04:25:00Z,15.1
RW1,2024-04-16T04:30:00Z,15.06
RW1,2024-04-16T04:35:00Z,15.06
RW1,2024-04-16T04:40:00Z,15.01
RW1,2024-04-16T04:45:00Z,15.06
RW1,2024-04-16T04:50:00Z,15.01
RW1,2024-04-16T04:55:00Z,14.93
RW1,2024-04-16T05:00:00Z,14.97
RW1,2024-04-16T05:05:00Z,14.93
RW1,2024-04-16T05:10:00Z,14.93
RW1,2024-04-16T05:15:00Z,14.93
RW1,2024-04-16T05:20:00Z,14.88
RW1,2024-04-16T05:25:00Z,14.8
RW1,2024-04-16T05:30:00Z,14.84
RW1,2024-04-16T05:35:00Z,14.84
RW1,2024-04-16T05:40:00Z,14.75
RW1,2024-04-16T05:45:00Z,14.88
RW1,2024-04-16T05:50:00Z,14.8
RW1,2024-04-16T05:55:00Z,14.71
RW1,2024-04-16T06:00:00Z,14.75
RW1,2024-04-16T06:05:00Z,14.75
RW1,2024-04-16T06:10:00Z,14.8
RW1,2024-04-16T06:15:00Z,14.71
RW1,2024-04-16T06:20:00Z,14.67
RW1,2024-04-16T06:25:00Z,14.67
RW1,2024-04-16T06:30:00Z,14.58
RW1,2024-04-16T06:35:00Z,14.67
RW1,2024-04-16T06:40:00Z,14.5
RW1,2024-04-16T06:45:00Z,14.5
RW1,2024-04-16T06:50:00Z,14.58
RW1,2024-04-16T06:55:00Z,14.54
RW1,2024-04-16T07:00:00Z,14.71
RW1,2024-04-16T07:05:00Z,14.58
RW1,2024-04-16T07:10:00Z,14.63
RW1,2024-04-16T07:15:00Z,14.71
RW1,2024-04-16T07:20:00Z,14.71
RW1,2024-04-16T07:25:00Z,14.67
RW1,2024-04-16T07:30:00Z,14.71
RW1,2024-04-16T07:35:00Z,14.71
RW1,2024-04-16T07:40:00Z,14.75
RW1,2024-04-16T07:45:00Z,14.71
RW1,2024-04-16T07:50:00Z,14.71
RW1,2024-04-16T07:55:00Z,14.71
RW1,2024-04-16T08:00:00Z,14.67
RW1,2024-04-16T08:05:00Z,14.67
RW1,2024-04-16T08:10:00Z,14.71
RW1,2024-04-16T08:15:00Z,14.71
RW1,2024-04-16T08:20:00Z,14.67
RW1,2024-04-16T08:25:00Z,14.67
RW1,2024-04-16T08:30:00Z,14.67
RW1,2024-04-16T08:35:00Z,14.67
RW1,2024-04-16T08:40:00Z,14.71
RW1,2024-04-16T08:45:00Z,14.67
RW1,2024-04-16T08:50:00Z,14.71
RW1,2024-04-16T08:55:00Z,14.71
RW1,2024-04-16T09:00:00Z,14.67
RW1,2024-04-16T09:05:00Z,14.71
RW1,2024-04-16T09:10:00Z,14.71
RW1,2024-04-16T09:15:00Z,14.71
RW1,2024-04-16T09:20:00Z,14.71
RW1,2024-04-16T09:25:00Z,14.67
RW1,2024-04-16T09:30:00Z,14.63
RW1,2024-04-16T09:35:00Z,14.63
RW1,2024-04-16T09:40:00Z,14.58
RW1,2024-04-16T09:45:00Z,14.67
RW1,2024-04-16T09:50:00Z,14.58
RW1,2024-04-16T09:55:00Z,14.67
RW1,2024-04-16T10:00:00Z,14.54
RW1,2024-04-16T10:05:00Z,14.58
RW1,2024-04-16T10:10:00Z,14.58
RW1,2024-04-16T10:15:00Z,14.58
RW1,2024-04-16T10:20:00Z,14.58
RW1,2024-04-16T10:25:00Z,14.54
RW1,2024-04-16T10:30:00Z,14.58
RW1,2024-04-16T10:35:00Z,14.58
RW1,2024-04-16T10:40:00Z,14.54
RW1,2024-04-16T10:45:00Z,14.5
RW1,2024-04-16T10:50:00Z,14.54
RW1,2024-04-16T10:55:00Z,14.5
RW1,2024-04-16T11:00:00Z,14.5
RW1,2024-04-16T11:05:00Z,14.5
RW1,2024-04-16T11:10:00Z,14.54
RW1,2024-04-16T11:15:00Z,14.5
RW1,2024-04-16T11:20:00Z,14.5
RW1,2024-04-16T11:25:00Z,14.45
RW1,2024-04-16T11:30:00Z,14.5
RW1,2024-04-16T11:35:00Z,14.5
RW1,2024-04-16T11:40:00Z,14.45
RW1,2024-04-16T11:45:00Z,14.45
RW1,2024-04-16T11:50:00Z,14.41
RW1,2024-04-16T11:55:00Z,14.45
RW1,2024-04-16T12:00:00Z,14.45
RW1,2024-04-16T12:05:00Z,14.41
RW1,2024-04-16T12:10:00Z,14.41
RW1,2024-04-16T12:15:00Z,14.45
RW1,2024-04-16T12:20:00Z,14.41
RW1,2024-04-16T12:25:00Z,14.41
RW1,2024-04-16T12:30:00Z,14.41
RW1,2024-04-16T12:35:00Z,14.41
RW1,2024-04-16T12:40:00Z,14.41
RW1,2024-04-16T12:45:00Z,14.33
RW1,2024-04-16T12:50:00Z,14.37
RW1,2024-04-16T12:55:00Z,14.33
RW1,2024-04-16T13:00:00Z,14.37
RW1,2024-04-16T13:05:00Z,14.33
RW1,2024-04-16T13:10:00Z,14.33
RW1,2024-04-16T13:15:00Z,14.33
RW1,2024-04-16T13:20:00Z,14.33
RW1,2024-04-16T13:25:00Z,14.33
RW1,2024-04-16T13:30:00Z,14.33
RW1,2024-04-16T13:35:00Z,14.33
RW1,2024-04-16T13:40:00Z,14.28
RW1,2024-04-16T13:45:00Z,14.28
RW1,2024-04-16T13:50:00Z,14.28
RW1,2024-04-16T13:55:00Z,14.41
RW1,2024-04-16T14:00:00Z,14.45
RW1,2024-04-16T14:05:00Z,14.41
RW1,2024-04-16T14:10:00Z,14.58
RW1,2024-04-16T14:15:00Z,14.63
RW1,2024-04-16T14:20:00Z,14.67
RW1,2024-04-16T14:25:00Z,14.71
RW1,2024-04-16T14:30:00Z,14.8
RW1,2024-04-16T14:35:00Z,15.57
RW1,2024-04-16T14:40:00Z,16.43
RW1,2024-04-16T14:45:00Z,17.33
RW1,2024-04-16T14:50:00Z,17.76
RW1,2024-04-16T23:25:00Z,27.32
RW1,2024-04-16T23:30:00Z,26.9
RW1,2024-04-16T23:35:00Z,26.55
RW1,2024-04-16T23:40:00Z,25.22
RW1,2024-04-16T23:45:00Z,22.26
RW1,2024-04-16T23:50:00Z,21.62
RW1,2024-04-16T23:55:00Z,21.36
RW1,2024-04-17T00:00:00Z,21.36
RW1,2024-04-17T00:05:00Z,19.09
RW1,2024-04-17T00:10:00Z,19.13
RW1,2024-04-17T00:15:00Z,18.14
RW1,2024-04-17T00:20:00Z,18.23
RW1,2024-04-17T00:25:00Z,18.02
RW1,2024-04-17T00:30:00Z,17.8
RW1,2024-04-17T00:35:00Z,17.72
RW1,2024-04-17T00:40:00Z,17.41
RW1,2024-04-17T00:45:00Z,17.37
RW1,2024-04-17T00:50:00Z,17.37
RW1,2024-04-17T00:55:00Z,17.33
RW1,2024-04-17T01:00:00Z,17.41
RW1,2024-04-17T01:05:00Z,17.37
RW1,2024-04-17T01:10:00Z,17.2
RW1,2024-04-17T01:15:00Z,17.24
RW1,2024-04-17T01:20:00Z,17.11
RW1,2024-04-17T01:25:00Z,16.99
RW1,2024-04-17T01:30:00Z,17.07
RW1,2024-04-17T01:35:00Z,17.03
RW1,2024-04-17T01:40:00Z,17.11
RW1,2024-04-17T01:45:00Z,17.16
RW1,2024-04-17T01:50:00Z,17.03
RW1,2024-04-17T01:55:00Z,16.94
RW1,2024-04-17T02:00:00Z,16.94
RW1,2024-04-17T02:05:00Z,16.86
RW1,2024-04-17T02:10:00Z,16.81
RW1,2024-04-17T02:15:00Z,16.77
RW1,2024-04-17T02:20:00Z,16.73
RW1,2024-04-17T02:25:00Z,16.73
RW1,2024-04-17T02:30:00Z,16.6
RW1,2024-04-17T02:35:00Z,16.6
RW1,2024-04-17T02:40:00Z,16.6
RW1,2024-04-17T02:45:00Z,16.39
RW1,2024-04-17T02:50:00Z,16.47
RW1,2024-04-17T02:55:00Z,16.43
RW1,2024-04-17T03:00:00Z,16.43
RW1,2024-04-17T03:05:00Z,16.34
RW1,2024-04-17T03:10:00Z,16.26
RW1,2024-04-17T03:15:00Z,16.3
RW1,2024-04-17T03:20:00Z,16.3
RW1,2024-04-17T03:25:00Z,16.3
RW1,2024-04-17T03:30:00Z,16.3
RW1,2024-04-17T03:35:00Z,16.21
RW1,2024-04-17T03:40:00Z,16.17
RW1,2024-04-17T03:45:00Z,16.13
RW1,2024-04-17T03:50:00Z,16.08
RW1,2024-04-17T03:55:00Z,15.96
RW1,2024-04-17T04:00:00Z,15.91
RW1,2024-04-17T04:05:00Z,15.96
RW1,2024-04-17T04:10:00Z,15.87
RW1,2024-04-17T04:15:00Z,15.96
RW1,2024-04-17T04:20:00Z,15.96
RW1,2024-04-17T04:25:00Z,15.91
RW1,2024-04-17T04:30:00Z,15.87
RW1,2024-04-17T04:35:00Z,15.87
RW1,2024-04-17T04:40:00Z,15.83
RW1,2024-04-17T04:45:00Z,15.83
RW1,2024-04-17T04:50:00Z,15.78
RW1,2024-04-17T04:55:00Z,15.66
RW1,2024-04-17T05:00:00Z,15.61
RW1,2024-04-17T05:05:00Z,15.57
RW1,2024-04-17T05:10:00Z,15.57
RW1,2024-04-17T05:15:00Z,15.4
RW1,2024-04-17T05:20:00Z,15.4
RW1,2024-04-17T05:25:00Z,15.53
RW1,2024-04-17T05:30:00Z,15.44
RW1,2024-04-17T05:35:00Z,15.48
RW1,2024-04-17T05:40:00Z,15.48
RW1,2024-04-17T05:45:00Z,15.4
RW1,2024-04-17T05:50:00Z,15.44
RW1,2024-04-17T05:55:00Z,15.23
RW1,2024-04-17T06:00:00Z,15.27
RW1,2024-04-17T06:05:00Z,15.27
RW1,2024-04-17T06:10:00Z,15.01
RW1,2024-04-17T06:15:00Z,14.8
RW1,2024-04-17T06:20:00Z,15.1
RW1,2024-04-17T06:25:00Z,14.71
RW1,2024-04-17T06:30:00Z,14.2
RW1,2024-04-17T06:35:00Z,13.98
RW1,2024-04-17T06:40:00Z,13.68
RW1,2024-04-17T06:45:00Z,13.51
RW1,2024-04-17T06:50:00Z,13.43
RW1,2024-04-17T06:55:00Z,13.47
RW1,2024-04-17T07:00:00Z,13.64
RW1,2024-04-17T07:05:00Z,14.03
RW1,2024-04-17T07:10:00Z,14.15
RW1,2024-04-17T07:15:00Z,14.24
RW1,2024-04-17T07:20:00Z,14.28
RW1,2024-04-17T07:25:00Z,14.28
RW1,2024-04-17T07:30:00Z,14.28
RW1,2024-04-17T07:35:00Z,14.28
RW1,2024-04-17T07:40:00Z,14.24
RW1,2024-04-17T07:45:00Z,14.2
RW1,2024-04-17T07:50:00Z,14.45
RW1,2024-04-17T07:55:00Z,14.41
RW1,2024-04-17T08:00:00Z,14.33
RW1,2024-04-17T08:05:00Z,14.28
RW1,2024-04-17T08:10:00Z,14.28
RW1,2024-04-17T08:15:00Z,14.2
RW1,2024-04-17T08:20:00Z,14.24
RW1,2024-04-17T08:25:00Z,14.2
RW1,2024-04-17T08:30:00Z,14.2
RW1,2024-04-17T08:35:00Z,14.2
RW1,2024-04-17T08:40:00Z,14.2
RW1,2024-04-17T08:45:00Z,14.54
RW1,2024-04-17T08:50:00Z,14.41
RW1,2024-04-17T08:55:00Z,14.63
RW1,2024-04-17T09:00:00Z,14.75
RW1,2024-04-17T09:05:00Z,14.58
RW1,2024-04-17T09:10:00Z,14.28
RW1,2024-04-17T09:15:00Z,14.58
RW1,2024-04-17T09:20:00Z,14.5
RW1,2024-04-17T09:25:00Z,14.58
RW1,2024-04-17T09:30:00Z,14.71
RW1,2024-04-17T09:35:00Z,14.75
RW1,2024-04-17T09:40:00Z,14.84
RW1,2024-04-17T09:45:00Z,14.75
RW1,2024-04-17T09:50:00Z,14.8
RW1,2024-04-17T09:55:00Z,14.84
RW1,2024-04-17T10:00:00Z,14.8
RW1,2024-04-17T10:05:00Z,14.75
RW1,2024-04-17T10:10:00Z,14.84
RW1,2024-04-17T10:15:00Z,14.84
RW1,2024-04-17T10:20:00Z,14.71
RW1,2024-04-17T10:25:00Z,14.75
RW1,2024-04-17T10:30:00Z,14.75
RW1,2024-04-17T10:35:00Z,14.75
RW1,2024-04-17T10:40:00Z,14.8
RW1,2024-04-17T10:45:00Z,14.8
RW1,2024-04-17T10:50:00Z,14.75
RW1,2024-04-17T10:55:00Z,14.8
RW1,2024-04-17T11:00:00Z,14.75
RW1,2024-04-17T11:05:00Z,14.75
RW1,2024-04-17T11:10:00Z,14.71
RW1,2024-04-17T11:15:00Z,14.71
RW1,2024-04-17T11:20:00Z,14.67
RW1,2024-04-17T11:25:00Z,14.71
RW1,2024-04-17T11:30:00Z,14.67
RW1,2024-04-17T11:35:00Z,14.58
RW1,2024-04-17T11:40:00Z,14.58
RW1,2024-04-17T11:45:00Z,14.54
RW1,2024-04-17T11:50:00Z,14.5
RW1,2024-04-17T11:55:00Z,14.54
RW1,2024-04-17T12:00:00Z,14.45
RW1,2024-04-17T12:05:00Z,14.5
RW1,2024-04-17T12:10:00Z,14.5
RW1,2024-04-17T12:15:00Z,14.41
RW1,2024-04-17T12:20:00Z,14.45
RW1,2024-04-17T12:25:00Z,14.45
RW1,2024-04-17T12:30:00Z,14.45
RW1,2024-04-17T12:35:00Z,14.45
RW1,2024-04-17T12:40:00Z,14.45
RW1,2024-04-17T12:45:00Z,14.41
RW1,2024-04-17T12:50:00Z,14.41
RW1,2024-04-17T12:55:00Z,14.45
RW1,2024-04-17T13:00:00Z,14.37
RW1,2024-04-17T13:05:00Z,14.33
RW1,2024-04-17T13:10:00Z,14.41
RW1,2024-04-17T13:15:00Z,14.37
RW1,2024-04-17T13:20:00Z,14.33
RW1,2024-04-17T13:25:00Z,14.41
RW1,2024-04-17T13:30:00Z,14.41
RW1,2024-04-17T13:35:00Z,14.41
RW1,2024-04-17T13:40:00Z,14.45
RW1,2024-04-17T13:45:00Z,14.45
RW1,2024-04-17T13:50:00Z,14.41
RW1,2024-04-17T13:55:00Z,14.41
RW1,2024-04-17T14:00:00Z,14.45
RW1,2024-04-17T14:05:00Z,14.41
RW1,2024-04-17T14:10:00Z,14.45
RW1,2024-04-17T14:15:00Z,14.45
RW1,2024-04-17T14:20:00Z,14.45
RW1,2024-04-17T14:25:00Z,14.5
RW1,2024-04-17T14:30:00Z,14.54
RW1,2024-04-17T14:35:00Z,14.58
RW1,2024-04-17T14:40:00Z,14.54
RW1,2024-04-17T14:45:00Z,14.58
RW1,2024-04-17T14:50:00Z,14.58
RW1,2024-04-17T14:55:00Z,14.63
RW1,2024-04-17T15:00:00Z,14.63
RW1,2024-04-17T15:05:00Z,14.58
RW1,2024-04-17T15:10:00Z,14.63
RW1,2024-04-17T15:15:00Z,14.8
RW1,2024-04-17T15:20:00Z,14.93
RW1,2024-04-17T15:25:00Z,15.4
RW1,2024-04-17T15:30:00Z,16.17
RW1,2024-04-17T15:35:00Z,16.81
RW1,2024-04-17T15:40:00Z,16.08
RW1,2024-04-17T15:45:00Z,15.66
RW1,2024-04-17T15:50:00Z,16.13
RW1,2024-04-17T15:55:00Z,16.21
RW1,2024-04-17T23:45:00Z,18.14
RW1,2024-04-17T23:50:00Z,18.14
RW1,2024-04-17T23:55:00Z,18.36
RW1,2024-04-18T00:00:00Z,17.07
RW1,2024-04-18T00:05:00Z,17.11
RW1,2024-04-18T00:10:00Z,16.99
RW1,2024-04-18T00:15:00Z,16.94
RW1,2024-04-18T00:20:00Z,17.03
RW1,2024-04-18T00:25:00Z,17.03
RW1,2024-04-18T00:30:00Z,16.94
RW1,2024-04-18T00:35:00Z,16.9
RW1,2024-04-18T00:40:00Z,16.64
RW1,2024-04-18T00:45:00Z,16.56
RW1,2024-04-18T00:50:00Z,16.47
RW1,2024-04-18T00:55:00Z,16.43
RW1,2024-04-18T01:00:00Z,16.47
RW1,2024-04-18T01:05:00Z,16.47
RW1,2024-04-18T01:10:00Z,16.47
RW1,2024-04-18T01:15:00Z,16.43
RW1,2024-04-18T01:20:00Z,16.43
RW1,2024-04-18T01:25:00Z,16.34
RW1,2024-04-18T01:30:00Z,16.34
RW1,2024-04-18T01:35:00Z,16.3
RW1,2024-04-18T01:40:00Z,16.3
RW1,2024-04-18T01:45:00Z,16.21
RW1,2024-04-18T01:50:00Z,16.21
RW1,2024-04-18T01:55:00Z,16.17
RW1,2024-04-18T02:00:00Z,16.21
RW1,2024-04-18T02:05:00Z,16.17
RW1,2024-04-18T02:10:00Z,16.08
RW1,2024-04-18T02:15:00Z,16.13
RW1,2024-04-18T02:20:00Z,16.04
RW1,2024-04-18T02:25:00Z,16
RW1,2024-04-18T02:30:00Z,15.96
RW1,2024-04-18T02:35:00Z,15.96
RW1,2024-04-18T02:40:00Z,15.91
RW1,2024-04-18T02:45:00Z,15.83
RW1,2024-04-18T02:50:00Z,15.74
RW1,2024-04-18T02:55:00Z,15.7
RW1,2024-04-18T03:00:00Z,15.74
RW1,2024-04-18T03:05:00Z,15.66
RW1,2024-04-18T03:10:00Z,15.78
RW1,2024-04-18T03:15:00Z,15.7
RW1,2024-04-18T03:20:00Z,15.74
RW1,2024-04-18T03:25:00Z,15.78
RW1,2024-04-18T03:30:00Z,15.74
RW1,2024-04-18T03:35:00Z,15.66
RW1,2024-04-18T03:40:00Z,15.7
RW1,2024-04-18T03:45:00Z,15.7
RW1,2024-04-18T03:50:00Z,15.66
RW1,2024-04-18T03:55:00Z,15.66
RW1,2024-04-18T04:00:00Z,15.61
RW1,2024-04-18T04:05:00Z,15.57
RW1,2024-04-18T04:10:00Z,15.57
RW1,2024-04-18T04:15:00Z,15.53
RW1,2024-04-18T04:20:00Z,15.57
RW1,2024-04-18T04:25:00Z,15.53
RW1,2024-04-18T04:30:00Z,15.48
RW1,2024-04-18T04:35:00Z,15.48
RW1,2024-04-18T04:40:00Z,15.44
RW1,2024-04-18T04:45:00Z,15.4
RW1,2024-04-18T04:50:00Z,15.36
RW1,2024-04-18T04:55:00Z,15.31
RW1,2024-04-18T05:00:00Z,15.31
RW1,2024-04-18T05:05:00Z,15.31
RW1,2024-04-18T05:10:00Z,15.31
RW1,2024-04-18T05:15:00Z,15.23
RW1,2024-04-18T05:20:00Z,15.18
RW1,2024-04-18T05:25:00Z,15.18
RW1,2024-04-18T05:30:00Z,15.14
RW1,2024-04-18T05:35:00Z,15.1
RW1,2024-04-18T05:40:00Z,15.23
RW1,2024-04-18T05:45:00Z,15.14
RW1,2024-04-18T05:50:00Z,15.14
RW1,2024-04-18T05:55:00Z,14.88
RW1,2024-04-18T06:00:00Z,14.37
RW1,2024-04-18T06:05:00Z,14.54
RW1,2024-04-18T06:10:00Z,14.93
RW1,2024-04-18T06:15:00Z,14.97
RW1,2024-04-18T06:20:00Z,14.41
RW1,2024-04-18T06:25:00Z,14.03
RW1,2024-04-18T06:30:00Z,13.94
RW1,2024-04-18T06:35:00Z,13.34
RW1,2024-04-18T09:55:00Z,12.95
RW1,2024-04-18T10:00:00Z,13.34
RW1,2024-04-18T10:05:00Z,13.55
RW1,2024-04-18T10:10:00Z,13.43
RW1,2024-04-18T10:15:00Z,13.68
RW1,2024-04-18T10:20:00Z,14.03
RW1,2024-04-18T10:25:00Z,14.11
RW1,2024-04-18T10:30:00Z,14.2
RW1,2024-04-18T10:35:00Z,14.33
RW1,2024-04-18T10:40:00Z,14.41
RW1,2024-04-18T10:45:00Z,14.45
RW1,2024-04-18T10:50:00Z,14.45
RW1,2024-04-18T10:55:00Z,14.41
RW1,2024-04-18T11:00:00Z,14.45
RW1,2024-04-18T11:05:00Z,14.45
RW1,2024-04-18T11:10:00Z,14.45
RW1,2024-04-18T11:15:00Z,14.5
RW1,2024-04-18T11:20:00Z,14.45
RW1,2024-04-18T11:25:00Z,14.41
RW1,2024-04-18T11:30:00Z,14.37
RW1,2024-04-18T11:35:00Z,14.45
RW1,2024-04-18T11:40:00Z,14.41
RW1,2024-04-18T11:45:00Z,14.45
RW1,2024-04-18T11:50:00Z,14.41
RW1,2024-04-18T11:55:00Z,14.45
RW1,2024-04-18T12:00:00Z,14.45
RW1,2024-04-18T12:05:00Z,14.41
RW1,2024-04-18T12:10:00Z,14.37
RW1,2024-04-18T12:15:00Z,14.37
RW1,2024-04-18T12:20:00Z,14.41
RW1,2024-04-18T12:25:00Z,14.37
RW1,2024-04-18T12:30:00Z,14.37
RW1,2024-04-18T12:35:00Z,14.33
RW1,2024-04-18T12:40:00Z,14.37
RW1,2024-04-18T12:45:00Z,14.28
RW1,2024-04-18T12:50:00Z,14.33
RW1,2024-04-18T12:55:00Z,14.28
RW1,2024-04-18T13:00:00Z,14.28
RW1,2024-04-18T13:05:00Z,14.28
RW1,2024-04-18T13:10:00Z,14.24
RW1,2024-04-18T13:15:00Z,14.24
RW1,2024-04-18T13:20:00Z,14.28
RW1,2024-04-18T13:25:00Z,14.28
RW1,2024-04-18T13:30:00Z,14.28
RW1,2024-04-18T13:35:00Z,14.28
RW1,2024-04-18T13:40:00Z,14.28
RW1,2024-04-18T13:45:00Z,14.28
RW1,2024-04-18T13:50:00Z,14.33
RW1,2024-04-18T13:55:00Z,14.33
RW1,2024-04-18T14:00:00Z,14.37
RW1,2024-04-18T14:05:00Z,14.33
RW1,2024-04-18T14:10:00Z,14.33
RW1,2024-04-18T14:15:00Z,14.41
RW1,2024-04-18T14:20:00Z,14.41
RW1,2024-04-18T14:25:00Z,14.41
RW1,2024-04-18T14:30:00Z,14.37
RW1,2024-04-18T14:35:00Z,14.41
RW1,2024-04-18T14:40:00Z,14.37
RW1,2024-04-18T14:45:00Z,14.37
RW1,2024-04-18T14:50:00Z,14.37
RW1,2024-04-18T14:55:00Z,14.41
RW1,2024-04-18T15:00:00Z,14.41
RW1,2024-04-18T15:05:00Z,14.41
RW1,2024-04-18T15:10:00Z,14.5
RW1,2024-04-18T15:15:00Z,14.5
RW1,2024-04-18T15:20:00Z,14.45
RW1,2024-04-18T15:25:00Z,14.45
RW1,2024-04-18T15:30:00Z,14.5
RW1,2024-04-18T15:35:00Z,14.54
RW1,2024-04-18T15:40:00Z,14.5
RW1,2024-04-18T15:45:00Z,14.54
RW1,2024-04-18T15:50:00Z,14.75
RW1,2024-04-18T15:55:00Z,14.58
RW1,2024-04-18T16:00:00Z,14.71
RW1,2024-04-18T16:05:00Z,14.84
RW1,2024-04-18T16:10:00Z,14.84
RW1,2024-04-18T16:15:00Z,14.93
RW1,2024-04-18T16:20:00Z,14.88
RW1,2024-04-18T16:25:00Z,14.88
RW1,2024-04-18T16:30:00Z,15.1
RW1,2024-04-18T16:35:00Z,16.04
RW1,2024-04-18T16:40:00Z,15.7
RW1,2024-04-18T16:45:00Z,16.13
RW1,2024-04-18T16:50:00Z,16.73
RW1,2024-04-18T16:55:00Z,17.03
RW1,2024-04-19T00:10:00Z,17.07
RW1,2024-04-19T00:15:00Z,17.5
RW1,2024-04-19T00:20:00Z,17.59
RW1,2024-04-19T00:25:00Z,17.29
RW1,2024-04-19T00:30:00Z,17.37
RW1,2024-04-19T00:35:00Z,16.81
RW1,2024-04-19T00:40:00Z,16.73
RW1,2024-04-19T00:45:00Z,16.64
RW1,2024-04-19T00:50:00Z,16.56
RW1,2024-04-19T00:55:00Z,16.56
RW1,2024-04-19T01:00:00Z,16.56
RW1,2024-04-19T01:05:00Z,16.47
RW1,2024-04-19T01:10:00Z,16.43
RW1,2024-04-19T01:15:00Z,16.43
RW1,2024-04-19T01:20:00Z,16.39
RW1,2024-04-19T01:25:00Z,16.34
RW1,2024-04-19T01:30:00Z,16.3
RW1,2024-04-19T01:35:00Z,16.34
RW1,2024-04-19T01:40:00Z,16.3
RW1,2024-04-19T01:45:00Z,16.3
RW1,2024-04-19T01:50:00Z,16.3
RW1,2024-04-19T01:55:00Z,16.26
RW1,2024-04-19T02:00:00Z,16.21
RW1,2024-04-19T02:05:00Z,16.26
RW1,2024-04-19T02:10:00Z,16.21
RW1,2024-04-19T02:15:00Z,16.04
RW1,2024-04-19T02:20:00Z,16.08
RW1,2024-04-19T02:25:00Z,16.13
RW1,2024-04-19T02:30:00Z,16.08
RW1,2024-04-19T02:35:00Z,16
RW1,2024-04-19T02:40:00Z,15.96
RW1,2024-04-19T02:45:00Z,15.83
RW1,2024-04-19T02:50:00Z,15.83
RW1,2024-04-19T02:55:00Z,15.87
RW1,2024-04-19T03:00:00Z,15.83
RW1,2024-04-19T03:05:00Z,15.78
RW1,2024-04-19T03:10:00Z,15.74
RW1,2024-04-19T03:15:00Z,15.74
RW1,2024-04-19T03:20:00Z,15.66
RW1,2024-04-19T03:25:00Z,15.57
RW1,2024-04-19T03:30:00Z,15.61
RW1,2024-04-19T03:35:00Z,15.57
RW1,2024-04-19T03:40:00Z,15.48
RW1,2024-04-19T03:45:00Z,15.57
RW1,2024-04-19T03:50:00Z,15.53
RW1,2024-04-19T03:55:00Z,15.53
RW1,2024-04-19T04:00:00Z,15.44
RW1,2024-04-19T04:05:00Z,15.53
RW1,2024-04-19T04:10:00Z,15.44
RW1,2024-04-19T04:15:00Z,15.44
RW1,2024-04-19T04:20:00Z,15.4
RW1,2024-04-19T04:25:00Z,15.31
RW1,2024-04-19T04:30:00Z,15.31
RW1,2024-04-19T04:35:00Z,15.23
RW1,2024-04-19T04:40:00Z,15.18
RW1,2024-04-19T04:45:00Z,15.18
RW1,2024-04-19T04:50:00Z,15.23
RW1,2024-04-19T04:55:00Z,15.27
RW1,2024-04-19T05:00:00Z,15.23
RW1,2024-04-19T05:05:00Z,15.23
RW1,2024-04-19T05:10:00Z,15.23
RW1,2024-04-19T05:15:00Z,15.14
RW1,2024-04-19T05:20:00Z,15.1
RW1,2024-04-19T05:25:00Z,15.1
RW1,2024-04-19T05:30:00Z,15.1
RW1,2024-04-19T05:35:00Z,15.18
RW1,2024-04-19T05:40:00Z,15.14
RW1,2024-04-19T05:45:00Z,15.14
RW1,2024-04-19T05:50:00Z,15.06
RW1,2024-04-19T05:55:00Z,14.97
RW1,2024-04-19T06:00:00Z,14.97
RW1,2024-04-19T06:05:00Z,14.93
RW1,2024-04-19T06:10:00Z,14.93
RW1,2024-04-19T06:15:00Z,14.97
RW1,2024-04-19T06:20:00Z,14.58
RW1,2024-04-19T06:25:00Z,14.11
RW1,2024-04-19T11:10:00Z,13.64
RW1,2024-04-19T11:15:00Z,13.68
RW1,2024-04-19T11:20:00Z,13.64
RW1,2024-04-19T11:25:00Z,13.98
RW1,2024-04-19T11:30:00Z,14.28
RW1,2024-04-19T11:35:00Z,14.33
RW1,2024-04-19T11:40:00Z,14.5
RW1,2024-04-19T11:45:00Z,14.58
RW1,2024-04-19T11:50:00Z,14.67
RW1,2024-04-19T11:55:00Z,14.58
RW1,2024-04-19T12:00:00Z,14.67
RW1,2024-04-19T12:05:00Z,14.63
RW1,2024-04-19T12:10:00Z,14.71
RW1,2024-04-19T12:15:00Z,14.67
RW1,2024-04-19T12:20:00Z,14.63
RW1,2024-04-19T12:25:00Z,14.67
RW1,2024-04-19T12:30:00Z,14.67
RW1,2024-04-19T12:35:00Z,14.67
RW1,2024-04-19T12:40:00Z,14.67
RW1,2024-04-19T12:45:00Z,14.67
RW1,2024-04-19T12:50:00Z,14.67
RW1,2024-04-19T12:55:00Z,14.67
RW1,2024-04-19T13:00:00Z,14.63
RW1,2024-04-19T13:05:00Z,14.67
RW1,2024-04-19T13:10:00Z,14.63
RW1,2024-04-19T13:15:00Z,14.63
RW1,2024-04-19T13:20:00Z,14.63
RW1,2024-04-19T13:25:00Z,14.63
RW1,2024-04-19T13:30:00Z,14.58
RW1,2024-04-19T13:35:00Z,14.63
RW1,2024-04-19T13:40:00Z,14.63
RW1,2024-04-19T13:45:00Z,14.63
RW1,2024-04-19T13:50:00Z,14.63
RW1,2024-04-19T13:55:00Z,14.63
RW1,2024-04-19T14:00:00Z,14.63
RW1,2024-04-19T14:05:00Z,14.71
RW1,2024-04-19T14:10:00Z,14.67
RW1,2024-04-19T14:15:00Z,14.67
RW1,2024-04-19T14:20:00Z,14.63
RW1,2024-04-19T14:25:00Z,14.63
RW1,2024-04-19T14:30:00Z,14.67
RW1,2024-04-19T14:35:00Z,14.67
RW1,2024-04-19T14:40:00Z,14.71
RW1,2024-04-19T14:45:00Z,14.71
RW1,2024-04-19T14:50:00Z,14.71
RW1,2024-04-19T14:55:00Z,14.71
RW1,2024-04-19T15:00:00Z,14.75
RW1,2024-04-19T15:05:00Z,14.75
RW1,2024-04-19T15:10:00Z,14.71
RW1,2024-04-19T15:15:00Z,14.75
RW1,2024-04-19T15:20:00Z,14.88
RW1,2024-04-19T15:25:00Z,14.67
RW1,2024-04-19T15:30:00Z,14.75
RW1,2024-04-19T15:35:00Z,14.75
RW1,2024-04-19T15:40:00Z,14.84
RW1,2024-04-19T15:45:00Z,14.84
RW1,2024-04-19T15:50:00Z,14.84
RW1,2024-04-19T15:55:00Z,14.84
RW1,2024-04-19T16:00:00Z,14.93
RW1,2024-04-19T16:05:00Z,15.01
RW1,2024-04-19T16:10:00Z,15.01
RW1,2024-04-19T16:15:00Z,14.97
RW1,2024-04-19T16:20:00Z,15.06
RW1,2024-04-19T16:25:00Z,15.1
RW1,2024-04-19T16:30:00Z,15.01
RW1,2024-04-19T16:35:00Z,15.1
RW1,2024-04-19T16:40:00Z,15.14
RW1,2024-04-19T16:45:00Z,15.14
RW1,2024-04-19T16:50:00Z,15.27
RW1,2024-04-19T16:55:00Z,15.57
RW1,2024-04-19T17:00:00Z,15.61
RW1,2024-04-19T17:05:00Z,16.51
RW1,2024-04-19T17:10:00Z,17.97
RW1,2024-04-19T17:15:00Z,18.02
RW1,2024-04-19T17:20:00Z,21.4
RW1,2024-04-19T17:25:00Z,22.13
RW1,2024-04-19T17:30:00Z,22.26
RW1,2024-04-19T17:35:00Z,25.27
RW1,2024-04-19T17:40:00Z,27.75
RW1,2024-04-20T00:20:00Z,20.59
RW1,2024-04-20T00:25:00Z,20.12
RW1,2024-04-20T00:30:00Z,18.23
RW1,2024-04-20T00:35:00Z,17.54
RW1,2024-04-20T00:40:00Z,17.03
RW1,2024-04-20T00:45:00Z,16.99
RW1,2024-04-20T00:50:00Z,17.16
RW1,2024-04-20T00:55:00Z,17.03
RW1,2024-04-20T01:00:00Z,17.03
RW1,2024-04-20T01:05:00Z,16.94
RW1,2024-04-20T01:10:00Z,16.94
RW1,2024-04-20T01:15:00Z,16.86
RW1,2024-04-20T01:20:00Z,16.94
RW1,2024-04-20T01:25:00Z,16.86
RW1,2024-04-20T01:30:00Z,16.81
RW1,2024-04-20T01:35:00Z,16.77
RW1,2024-04-20T01:40:00Z,16.77
RW1,2024-04-20T01:45:00Z,16.73
RW1,2024-04-20T01:50:00Z,16.73
RW1,2024-04-20T01:55:00Z,16.77
RW1,2024-04-20T02:00:00Z,16.77
RW1,2024-04-20T02:05:00Z,16.64
RW1,2024-04-20T02:10:00Z,16.6
RW1,2024-04-20T02:15:00Z,16.6
RW1,2024-04-20T02:20:00Z,16.56
RW1,2024-04-20T02:25:00Z,16.43
RW1,2024-04-20T02:30:00Z,16.51
RW1,2024-04-20T02:35:00Z,16.47
RW1,2024-04-20T02:40:00Z,16.39
RW1,2024-04-20T02:45:00Z,16.3
RW1,2024-04-20T02:50:00Z,16.34
RW1,2024-04-20T02:55:00Z,16.34
RW1,2024-04-20T03:00:00Z,16.17
RW1,2024-04-20T03:05:00Z,16.34
RW1,2024-04-20T03:10:00Z,16.34
RW1,2024-04-20T03:15:00Z,16.34
RW1,2024-04-20T03:20:00Z,16.26
RW1,2024-04-20T03:25:00Z,16.21
RW1,2024-04-20T03:30:00Z,16.17
RW1,2024-04-20T03:35:00Z,16.08
RW1,2024-04-20T03:40:00Z,15.87
RW1,2024-04-20T03:45:00Z,15.87
RW1,2024-04-20T03:50:00Z,15.87
RW1,2024-04-20T03:55:00Z,16
RW1,2024-04-20T04:00:00Z,15.91
RW1,2024-04-20T04:05:00Z,15.87
RW1,2024-04-20T04:10:00Z,15.91
RW1,2024-04-20T04:15:00Z,15.78
RW1,2024-04-20T04:20:00Z,15.83
RW1,2024-04-20T04:25:00Z,15.83
RW1,2024-04-20T04:30:00Z,15.74
RW1,2024-04-20T04:35:00Z,15.74
RW1,2024-04-20T04:40:00Z,15.78
RW1,2024-04-20T04:45:00Z,15.66
RW1,2024-04-20T04:50:00Z,15.57
RW1,2024-04-20T04:55:00Z,15.48
RW1,2024-04-20T05:00:00Z,15.4
RW1,2024-04-20T05:05:00Z,15.44
RW1,2024-04-20T05:10:00Z,15.53
RW1,2024-04-20T05:15:00Z,15.44
RW1,2024-04-20T05:20:00Z,15.36
RW1,2024-04-20T05:25:00Z,15.36
RW1,2024-04-20T05:30:00Z,15.31
RW1,2024-04-20T05:35:00Z,15.23
RW1,2024-04-20T05:40:00Z,15.23
RW1,2024-04-20T05:45:00Z,15.14
RW1,2024-04-20T05:50:00Z,15.23
RW1,2024-04-20T05:55:00Z,15.1
RW1,2024-04-20T06:00:00Z,15.06
RW1,2024-04-20T06:05:00Z,14.97
RW1,2024-04-20T06:10:00Z,14.93
RW1,2024-04-20T06:15:00Z,14.67
RW1,2024-04-20T06:20:00Z,14.8
RW1,2024-04-20T06:25:00Z,14.63
RW1,2024-04-20T06:30:00Z,14.2
RW1,2024-04-20T06:35:00Z,13.9
RW1,2024-04-20T06:40:00Z,13.77
RW1,2024-04-20T12:15:00Z,13.9
RW1,2024-04-20T12:20:00Z,13.85
RW1,2024-04-20T12:25:00Z,14.07
RW1,2024-04-20T12:30:00Z,14.37
RW1,2024-04-20T12:35:00Z,14.5
RW1,2024-04-20T12:40:00Z,14.45
RW1,2024-04-20T12:45:00Z,14.5
RW1,2024-04-20T12:50:00Z,14.5
RW1,2024-04-20T12:55:00Z,14.5
RW1,2024-04-20T13:00:00Z,14.5
RW1,2024-04-20T13:05:00Z,14.5
RW1,2024-04-20T13:10:00Z,14.45
RW1,2024-04-20T13:15:00Z,14.45
RW1,2024-04-20T13:20:00Z,14.5
RW1,2024-04-20T13:25:00Z,14.5
RW1,2024-04-20T13:30:00Z,14.5
RW1,2024-04-20T13:35:00Z,14.5
RW1,2024-04-20T13:40:00Z,14.5
RW1,2024-04-20T13:45:00Z,14.5
RW1,2024-04-20T13:50:00Z,14.5
RW1,2024-04-20T13:55:00Z,14.5
RW1,2024-04-20T14:00:00Z,14.54
RW1,2024-04-20T14:05:00Z,14.54
RW1,2024-04-20T14:10:00Z,14.5
RW1,2024-04-20T14:15:00Z,14.5
RW1,2024-04-20T14:20:00Z,14.5
RW1,2024-04-20T14:25:00Z,14.5
RW1,2024-04-20T14:30:00Z,14.5
RW1,2024-04-20T14:35:00Z,14.5
RW1,2024-04-20T14:40:00Z,14.54
RW1,2024-04-20T14:45:00Z,14.54
RW1,2024-04-20T14:50:00Z,14.5
RW1,2024-04-20T14:55:00Z,14.58
RW1,2024-04-20T15:00:00Z,14.58
RW1,2024-04-20T15:05:00Z,14.54
RW1,2024-04-20T15:10:00Z,14.63
RW1,2024-04-20T15:15:00Z,14.58
RW1,2024-04-20T15:20:00Z,14.58
RW1,2024-04-20T15:25:00Z,14.63
RW1,2024-04-20T15:30:00Z,14.63
RW1,2024-04-20T15:35:00Z,14.67
RW1,2024-04-20T15:40:00Z,14.71
RW1,2024-04-20T15:45:00Z,14.71
RW1,2024-04-20T15:50:00Z,14.75
RW1,2024-04-20T15:55:00Z,14.71
RW1,2024-04-20T16:00:00Z,14.75
RW1,2024-04-20T16:05:00Z,14.75
RW1,2024-04-20T16:10:00Z,14.75
RW1,2024-04-20T16:15:00Z,14.93
RW1,2024-04-20T16:20:00Z,14.75
RW1,2024-04-20T16:25:00Z,14.84
RW1,2024-04-20T16:30:00Z,14.84
RW1,2024-04-20T16:35:00Z,14.88
RW1,2024-04-20T16:40:00Z,15.01
RW1,2024-04-20T16:45:00Z,15.06
RW1,2024-04-20T16:50:00Z,15.1
RW1,2024-04-20T16:55:00Z,15.27
RW1,2024-04-20T17:00:00Z,15.18
RW1,2024-04-20T17:05:00Z,15.06
RW1,2024-04-20T17:10:00Z,15.18
RW1,2024-04-20T17:15:00Z,15.27
RW1,2024-04-20T17:20:00Z,15.23
RW1,2024-04-20T17:25:00Z,15.4
RW1,2024-04-20T17:30:00Z,15.23
RW1,2024-04-20T17:35:00Z,15.87
RW1,2024-04-20T17:40:00Z,17.07
RW1,2024-04-20T17:45:00Z,16.39
RW1,2024-04-20T17:50:00Z,16.26
RW1,2024-04-20T17:55:00Z,16.13
RW1,2024-04-20T18:00:00Z,16.56
RW1,2024-04-20T18:05:00Z,16.9
RW1,2024-04-21T00:40:00Z,15.96
RW1,2024-04-21T00:45:00Z,15.53
RW1,2024-04-21T00:50:00Z,15.74
RW1,2024-04-21T00:55:00Z,16.39
RW1,2024-04-21T01:00:00Z,16.56
RW1,2024-04-21T01:05:00Z,16.51
RW1,2024-04-21T01:10:00Z,16.47
RW1,2024-04-21T01:15:00Z,16.47
RW1,2024-04-21T01:20:00Z,16.43
RW1,2024-04-21T01:25:00Z,16.39
RW1,2024-04-21T01:30:00Z,16.34
RW1,2024-04-21T01:35:00Z,16.34
RW1,2024-04-21T01:40:00Z,16.39
RW1,2024-04-21T01:45:00Z,16.39
RW1,2024-04-21T01:50:00Z,16.3
RW1,2024-04-21T01:55:00Z,16.34
RW1,2024-04-21T02:00:00Z,16.26
RW1,2024-04-21T02:05:00Z,16.26
RW1,2024-04-21T02:10:00Z,16.26
RW1,2024-04-21T02:15:00Z,16.13
RW1,2024-04-21T02:20:00Z,16.13
RW1,2024-04-21T02:25:00Z,16.13
RW1,2024-04-21T02:30:00Z,16.13
RW1,2024-04-21T02:35:00Z,16.17
RW1,2024-04-21T02:40:00Z,16.17
RW1,2024-04-21T02:45:00Z,16.17
RW1,2024-04-21T02:50:00Z,15.96
RW1,2024-04-21T02:55:00Z,15.91
RW1,2024-04-21T03:00:00Z,15.87
RW1,2024-04-21T03:05:00Z,16.04
RW1,2024-04-21T03:10:00Z,16
RW1,2024-04-21T03:15:00Z,15.91
RW1,2024-04-21T03:20:00Z,15.87
RW1,2024-04-21T03:25:00Z,15.87
RW1,2024-04-21T03:30:00Z,15.87
RW1,2024-04-21T03:35:00Z,15.83
RW1,2024-04-21T03:40:00Z,15.7
RW1,2024-04-21T03:45:00Z,15.74
RW1,2024-04-21T03:50:00Z,15.57
RW1,2024-04-21T03:55:00Z,15.57
RW1,2024-04-21T04:00:00Z,15.66
RW1,2024-04-21T04:05:00Z,15.7
RW1,2024-04-21T04:10:00Z,15.48
RW1,2024-04-21T04:15:00Z,15.57
RW1,2024-04-21T04:20:00Z,15.31
RW1,2024-04-21T04:25:00Z,15.36
RW1,2024-04-21T04:30:00Z,15.4
RW1,2024-04-21T04:35:00Z,15.4
RW1,2024-04-21T04:40:00Z,15.36
RW1,2024-04-21T04:45:00Z,15.31
RW1,2024-04-21T04:50:00Z,15.31
RW1,2024-04-21T04:55:00Z,15.31
RW1,2024-04-21T05:00:00Z,15.36
RW1,2024-04-21T05:05:00Z,15.27
RW1,2024-04-21T05:10:00Z,15.23
RW1,2024-04-21T05:15:00Z,15.18
RW1,2024-04-21T05:20:00Z,15.23
RW1,2024-04-21T05:25:00Z,15.18
RW1,2024-04-21T05:30:00Z,15.1
RW1,2024-04-21T05:35:00Z,15.01
RW1,2024-04-21T05:40:00Z,15.06
RW1,2024-04-21T05:45:00Z,14.97
RW1,2024-04-21T05:50:00Z,15.01
RW1,2024-04-21T05:55:00Z,14.93
RW1,2024-04-21T06:00:00Z,14.88
RW1,2024-04-21T06:05:00Z,14.88
RW1,2024-04-21T06:10:00Z,14.75
RW1,2024-04-21T06:15:00Z,14.67
RW1,2024-04-21T06:20:00Z,14.58
RW1,2024-04-21T06:25:00Z,14.58
RW1,2024-04-21T06:30:00Z,14.37
RW1,2024-04-21T06:35:00Z,14.15
RW1,2024-04-21T06:40:00Z,13.68
RW1,2024-04-21T06:45:00Z,13.43
RW1,2024-04-21T06:50:00Z,13.34
RW1,2024-04-21T13:00:00Z,13.9
RW1,2024-04-21T13:05:00Z,13.94
RW1,2024-04-21T13:10:00Z,13.9
RW1,2024-04-21T13:15:00Z,13.94
RW1,2024-04-21T13:20:00Z,14.24
RW1,2024-04-21T13:25:00Z,14.28
RW1,2024-04-21T13:30:00Z,14.28
RW1,2024-04-21T13:35:00Z,14.33
RW1,2024-04-21T13:40:00Z,14.28
RW1,2024-04-21T13:45:00Z,14.28
RW1,2024-04-21T13:50:00Z,14.28
RW1,2024-04-21T13:55:00Z,14.33
RW1,2024-04-21T14:00:00Z,14.28
RW1,2024-04-21T14:05:00Z,14.33
RW1,2024-04-21T14:10:00Z,14.28
RW1,2024-04-21T14:15:00Z,14.28
RW1,2024-04-21T14:20:00Z,14.28
RW1,2024-04-21T14:25:00Z,14.37
RW1,2024-04-21T14:30:00Z,14.41
RW1,2024-04-21T14:35:00Z,14.37
RW1,2024-04-21T14:40:00Z,14.37
RW1,2024-04-21T14:45:00Z,14.41
RW1,2024-04-21T14:50:00Z,14.37
RW1,2024-04-21T14:55:00Z,14.45
RW1,2024-04-21T15:00:00Z,14.45
RW1,2024-04-21T15:05:00Z,14.5
RW1,2024-04-21T15:10:00Z,14.54
RW1,2024-04-21T15:15:00Z,14.58
RW1,2024-04-21T15:20:00Z,14.58
RW1,2024-04-21T15:25:00Z,14.58
RW1,2024-04-21T15:30:00Z,14.58
RW1,2024-04-21T15:35:00Z,14.58
RW1,2024-04-21T15:40:00Z,14.63
RW1,2024-04-21T15:45:00Z,14.67
RW1,2024-04-21T15:50:00Z,14.71
RW1,2024-04-21T15:55:00Z,14.71
RW1,2024-04-21T16:00:00Z,14.67
RW1,2024-04-21T16:05:00Z,14.67
RW1,2024-04-21T16:10:00Z,14.8
RW1,2024-04-21T16:15:00Z,14.8
RW1,2024-04-21T16:20:00Z,14.88
RW1,2024-04-21T16:25:00Z,14.84
RW1,2024-04-21T16:30:00Z,14.93
RW1,2024-04-21T16:35:00Z,14.97
RW1,2024-04-21T16:40:00Z,15.06
RW1,2024-04-21T16:45:00Z,15.27
RW1,2024-04-21T16:50:00Z,15.23
RW1,2024-04-21T16:55:00Z,15.44
RW1,2024-04-21T17:00:00Z,15.74
RW1,2024-04-21T17:05:00Z,15.83
RW1,2024-04-21T17:10:00Z,16.04
RW1,2024-04-21T17:15:00Z,16.21
RW1,2024-04-21T17:20:00Z,16.77
RW1,2024-04-21T17:25:00Z,16.13
RW1,2024-04-21T17:30:00Z,16.47
RW1,2024-04-21T17:35:00Z,16.43
RW1,2024-04-21T17:40:00Z,16.51
RW1,2024-04-21T17:45:00Z,17.03
RW1,2024-04-21T17:50:00Z,16.81
RW1,2024-04-21T17:55:00Z,17.59
RW1,2024-04-21T18:00:00Z,16.81
RW1,2024-04-21T18:05:00Z,17.97
RW1,2024-04-21T18:10:00Z,16.64
RW1,2024-04-21T18:15:00Z,17.24
RW1,2024-04-21T18:20:00Z,19.22
RW1,2024-04-21T18:25:00Z,19.9
RW1,2024-04-21T18:30:00Z,21.49
RW1,2024-04-21T18:35:00Z,22.65
RW1,2024-04-21T18:40:00Z,23.46
RW1,2024-04-22T00:40:00Z,16.47
RW1,2024-04-22T00:45:00Z,15.91
RW1,2024-04-22T00:50:00Z,15.91
RW1,2024-04-22T00:55:00Z,16.43
RW1,2024-04-22T01:00:00Z,16.51
RW1,2024-04-22T01:05:00Z,16.43
RW1,2024-04-22T01:10:00Z,16.43
RW1,2024-04-22T01:15:00Z,16.39
RW1,2024-04-22T01:20:00Z,16.39
RW1,2024-04-22T01:25:00Z,16.39
RW1,2024-04-22T01:30:00Z,16.34
RW1,2024-04-22T01:35:00Z,16.3
RW1,2024-04-22T01:40:00Z,16.3
RW1,2024-04-22T01:45:00Z,16.26
RW1,2024-04-22T01:50:00Z,16.26
RW1,2024-04-22T01:55:00Z,16.26
RW1,2024-04-22T02:00:00Z,16.21
RW1,2024-04-22T02:05:00Z,16.21
RW1,2024-04-22T02:10:00Z,16.21
RW1,2024-04-22T02:15:00Z,16.17
RW1,2024-04-22T02:20:00Z,16.08
RW1,2024-04-22T02:25:00Z,16.08
RW1,2024-04-22T02:30:00Z,16.08
RW1,2024-04-22T02:35:00Z,16
RW1,2024-04-22T02:40:00Z,15.96
RW1,2024-04-22T02:45:00Z,15.96
RW1,2024-04-22T02:50:00Z,15.87
RW1,2024-04-22T02:55:00Z,15.96
RW1,2024-04-22T03:00:00Z,15.87
RW1,2024-04-22T03:05:00Z,15.83
RW1,2024-04-22T03:10:00Z,15.83
RW1,2024-04-22T03:15:00Z,15.83
RW1,2024-04-22T03:20:00Z,15.83
RW1,2024-04-22T03:25:00Z,15.74
RW1,2024-04-22T03:30:00Z,15.78
RW1,2024-04-22T03:35:00Z,15.74
RW1,2024-04-22T03:40:00Z,15.78
RW1,2024-04-22T03:45:00Z,15.7
RW1,2024-04-22T03:50:00Z,15.7
RW1,2024-04-22T03:55:00Z,15.66
RW1,2024-04-22T04:00:00Z,15.66
RW1,2024-04-22T04:05:00Z,15.66
RW1,2024-04-22T04:10:00Z,15.53
RW1,2024-04-22T04:15:00Z,15.4
RW1,2024-04-22T04:20:00Z,15.48
RW1,2024-04-22T04:25:00Z,15.48
RW1,2024-04-22T04:30:00Z,15.44
RW1,2024-04-22T04:35:00Z,15.4
RW1,2024-04-22T04:40:00Z,15.06
RW1,2024-04-22T04:45:00Z,14.84
RW1,2024-04-22T04:50:00Z,14.93
RW1,2024-04-22T04:55:00Z,14.93
RW1,2024-04-22T05:00:00Z,14.88
RW1,2024-04-22T05:05:00Z,14.93
RW1,2024-04-22T05:10:00Z,14.88
RW1,2024-04-22T05:15:00Z,14.88
RW1,2024-04-22T05:20:00Z,14.84
RW1,2024-04-22T05:25:00Z,14.93
RW1,2024-04-22T05:30:00Z,14.84
RW1,2024-04-22T05:35:00Z,14.84
RW1,2024-04-22T05:40:00Z,14.88
RW1,2024-04-22T05:45:00Z,14.75
RW1,2024-04-22T05:50:00Z,14.75
RW1,2024-04-22T05:55:00Z,14.75
RW1,2024-04-22T06:00:00Z,14.67
RW1,2024-04-22T06:05:00Z,14.71
RW1,2024-04-22T06:10:00Z,14.71
RW1,2024-04-22T06:15:00Z,14.71
RW1,2024-04-22T06:20:00Z,14.71
RW1,2024-04-22T06:25:00Z,14.67
RW1,2024-04-22T06:30:00Z,14.63
RW1,2024-04-22T06:35:00Z,14.58
RW1,2024-04-22T06:40:00Z,14.58
RW1,2024-04-22T06:45:00Z,14.5
RW1,2024-04-22T06:50:00Z,14.45
RW1,2024-04-22T06:55:00Z,14.41
RW1,2024-04-22T07:00:00Z,14.33
RW1,2024-04-22T07:05:00Z,14.33
RW1,2024-04-22T07:10:00Z,14.2
RW1,2024-04-22T07:15:00Z,14.07
RW1,2024-04-22T13:40:00Z,14.15
RW1,2024-04-22T13:45:00Z,14.2
RW1,2024-04-22T13:50:00Z,14.24
RW1,2024-04-22T13:55:00Z,14.28
RW1,2024-04-22T14:00:00Z,14.07
RW1,2024-04-22T14:05:00Z,14.03
RW1,2024-04-22T14:10:00Z,13.9
RW1,2024-04-22T14:15:00Z,13.94
RW1,2024-04-22T14:20:00Z,13.9
RW1,2024-04-22T14:25:00Z,13.9
RW1,2024-04-22T14:30:00Z,13.9
RW1,2024-04-22T14:35:00Z,13.9
RW1,2024-04-22T14:40:00Z,13.94
RW1,2024-04-22T14:45:00Z,13.9
RW1,2024-04-22T14:50:00Z,13.94
RW1,2024-04-22T14:55:00Z,13.94
RW1,2024-04-22T15:00:00Z,14.03
RW1,2024-04-22T15:05:00Z,14.07
RW1,2024-04-22T15:10:00Z,14.07
RW1,2024-04-22T15:15:00Z,14.07
RW1,2024-04-22T15:20:00Z,14.07
RW1,2024-04-22T15:25:00Z,14.07
RW1,2024-04-22T15:30:00Z,14.07
RW1,2024-04-22T15:35:00Z,14.07
RW1,2024-04-22T15:40:00Z,14.15
RW1,2024-04-22T15:45:00Z,14.15
RW1,2024-04-22T15:50:00Z,14.24
RW1,2024-04-22T15:55:00Z,14.24
RW1,2024-04-22T16:00:00Z,14.2
RW1,2024-04-22T16:05:00Z,14.24
RW1,2024-04-22T16:10:00Z,14.37
RW1,2024-04-22T16:15:00Z,14.33
RW1,2024-04-22T16:20:00Z,14.24
RW1,2024-04-22T16:25:00Z,14.24
RW1,2024-04-22T16:30:00Z,14.24
RW1,2024-04-22T16:35:00Z,14.24
RW1,2024-04-22T16:40:00Z,14.24
RW1,2024-04-22T16:45:00Z,14.33
RW1,2024-04-22T16:50:00Z,14.5
RW1,2024-04-22T16:55:00Z,14.54
RW1,2024-04-22T17:00:00Z,14.45
RW1,2024-04-22T17:05:00Z,14.41
RW1,2024-04-22T17:10:00Z,14.5
RW1,2024-04-22T17:15:00Z,14.54
RW1,2024-04-22T17:20:00Z,14.58
RW1,2024-04-22T17:25:00Z,14.5
RW1,2024-04-22T17:30:00Z,14.5
RW1,2024-04-22T17:35:00Z,14.41
RW1,2024-04-22T17:40:00Z,14.45
RW1,2024-04-22T17:45:00Z,14.5
RW1,2024-04-22T17:50:00Z,14.54
RW1,2024-04-22T17:55:00Z,14.54
RW1,2024-04-22T18:00:00Z,14.58
RW1,2024-04-22T18:05:00Z,14.58
RW1,2024-04-22T18:10:00Z,14.58
RW1,2024-04-22T18:15:00Z,14.71
RW1,2024-04-22T18:20:00Z,14.71
RW1,2024-04-22T18:25:00Z,14.67
RW1,2024-04-22T18:30:00Z,14.71
RW1,2024-04-22T18:35:00Z,14.84
RW1,2024-04-22T18:40:00Z,14.84
RW1,2024-04-22T18:45:00Z,15.01
RW1,2024-04-22T18:50:00Z,14.84
RW1,2024-04-22T18:55:00Z,14.93
RW1,2024-04-22T19:00:00Z,15.06
RW1,2024-04-22T19:05:00Z,15.23
RW1,2024-04-22T19:10:00Z,15.4
RW1,2024-04-22T19:15:00Z,15.66
RW1,2024-04-22T19:20:00Z,15.61
RW1,2024-04-23T00:40:00Z,16.04
RW1,2024-04-23T00:45:00Z,15.96
RW1,2024-04-23T00:50:00Z,16
RW1,2024-04-23T00:55:00Z,15.66
RW1,2024-04-23T01:00:00Z,15.53
RW1,2024-04-23T01:05:00Z,15.4
RW1,2024-04-23T01:10:00Z,15.4
RW1,2024-04-23T01:15:00Z,15.27
RW1,2024-04-23T01:20:00Z,15.23
RW1,2024-04-23T01:25:00Z,15.14
RW1,2024-04-23T01:30:00Z,15.14
RW1,2024-04-23T01:35:00Z,15.18
RW1,2024-04-23T01:40:00Z,15.14
RW1,2024-04-23T01:45:00Z,15.1
RW1,2024-04-23T01:50:00Z,15.06
RW1,2024-04-23T01:55:00Z,15.06
RW1,2024-04-23T02:00:00Z,15.06
RW1,2024-04-23T02:05:00Z,15.06
RW1,2024-04-23T02:10:00Z,15.01
RW1,2024-04-23T02:15:00Z,15.06
RW1,2024-04-23T02:20:00Z,15.01
RW1,2024-04-23T02:25:00Z,15.01
RW1,2024-04-23T02:30:00Z,15.01
RW1,2024-04-23T02:35:00Z,15.01
RW1,2024-04-23T02:40:00Z,14.97
RW1,2024-04-23T02:45:00Z,15.01
RW1,2024-04-23T02:50:00Z,15.01
RW1,2024-04-23T02:55:00Z,14.97
RW1,2024-04-23T03:00:00Z,14.97
RW1,2024-04-23T03:05:00Z,14.97
RW1,2024-04-23T03:10:00Z,14.97
RW1,2024-04-23T03:15:00Z,14.93
RW1,2024-04-23T03:20:00Z,14.97
RW1,2024-04-23T03:25:00Z,14.93
RW1,2024-04-23T03:30:00Z,14.93
RW1,2024-04-23T03:35:00Z,14.93
RW1,2024-04-23T03:40:00Z,14.93
RW1,2024-04-23T03:45:00Z,14.93
RW1,2024-04-23T03:50:00Z,14.93
RW1,2024-04-23T03:55:00Z,14.88
RW1,2024-04-23T04:00:00Z,14.93
RW1,2024-04-23T04:05:00Z,14.88
RW1,2024-04-23T04:10:00Z,14.88
RW1,2024-04-23T04:15:00Z,14.88
RW1,2024-04-23T04:20:00Z,14.88
RW1,2024-04-23T04:25:00Z,14.93
RW1,2024-04-23T04:30:00Z,14.84
RW1,2024-04-23T04:35:00Z,14.84
RW1,2024-04-23T04:40:00Z,14.84
RW1,2024-04-23T04:45:00Z,14.88
RW1,2024-04-23T04:50:00Z,14.84
RW1,2024-04-23T04:55:00Z,14.88
RW1,2024-04-23T05:00:00Z,14.84
RW1,2024-04-23T05:05:00Z,14.84
RW1,2024-04-23T05:10:00Z,14.88
RW1,2024-04-23T05:15:00Z,14.88
RW1,2024-04-23T05:20:00Z,14.84
RW1,2024-04-23T05:25:00Z,14.88
RW1,2024-04-23T05:30:00Z,14.88
RW1,2024-04-23T05:35:00Z,14.84
RW1,2024-04-23T05:40:00Z,14.88
RW1,2024-04-23T05:45:00Z,14.88
RW1,2024-04-23T05:50:00Z,14.88
RW1,2024-04-23T05:55:00Z,14.84
RW1,2024-04-23T06:00:00Z,14.84
RW1,2024-04-23T06:05:00Z,14.88
RW1,2024-04-23T06:10:00Z,14.84
RW1,2024-04-23T06:15:00Z,14.88
RW1,2024-04-23T06:20:00Z,14.84
RW1,2024-04-23T06:25:00Z,14.88
RW1,2024-04-23T06:30:00Z,14.84
RW1,2024-04-23T06:35:00Z,14.88
RW1,2024-04-23T06:40:00Z,14.88
RW1,2024-04-23T06:45:00Z,14.88
RW1,2024-04-23T06:50:00Z,14.88
RW1,2024-04-23T06:55:00Z,14.84
RW1,2024-04-23T07:00:00Z,14.88
RW1,2024-04-23T07:05:00Z,14.84
RW1,2024-04-23T07:10:00Z,14.88
RW1,2024-04-23T07:15:00Z,14.84
RW1,2024-04-23T07:20:00Z,14.71
RW1,2024-04-23T07:25:00Z,14.75
RW1,2024-04-23T07:30:00Z,14.58
RW1,2024-04-23T07:35:00Z,14.5
RW1,2024-04-23T07:40:00Z,14.41
RW1,2024-04-23T14:30:00Z,15.27
RW1,2024-04-23T14:35:00Z,15.4
RW1,2024-04-23T14:40:00Z,15.31
RW1,2024-04-23T14:45:00Z,15.27
RW1,2024-04-23T14:50:00Z,15.18
RW1,2024-04-23T14:55:00Z,14.8
RW1,2024-04-23T15:00:00Z,15.36
RW1,2024-04-23T15:05:00Z,14.93
RW1,2024-04-23T15:10:00Z,15.01
RW1,2024-04-23T15:15:00Z,15.48
RW1,2024-04-23T15:20:00Z,15.36
RW1,2024-04-23T15:25:00Z,15.48
RW1,2024-04-23T15:30:00Z,15.23
RW1,2024-04-23T15:35:00Z,15.23
RW1,2024-04-23T15:40:00Z,15.23
RW1,2024-04-23T15:45:00Z,15.1
RW1,2024-04-23T15:50:00Z,15.27
RW1,2024-04-23T15:55:00Z,15.36
RW1,2024-04-23T16:00:00Z,15.36
RW1,2024-04-23T16:05:00Z,15.36
RW1,2024-04-23T16:10:00Z,15.48
RW1,2024-04-23T16:15:00Z,15.57
RW1,2024-04-23T16:20:00Z,15.27
RW1,2024-04-23T16:25:00Z,15.44
RW1,2024-04-23T16:30:00Z,15.36
RW1,2024-04-23T16:35:00Z,15.44
RW1,2024-04-23T16:40:00Z,15.48
RW1,2024-04-23T16:45:00Z,15.48
RW1,2024-04-23T16:50:00Z,15.87
RW1,2024-04-23T16:55:00Z,15.4
RW1,2024-04-23T17:00:00Z,15.48
RW1,2024-04-23T17:05:00Z,15.74
RW1,2024-04-23T17:10:00Z,15.74
RW1,2024-04-23T17:15:00Z,15.78
RW1,2024-04-23T17:20:00Z,15.78
RW1,2024-04-23T17:25:00Z,15.53
RW1,2024-04-23T17:30:00Z,16
RW1,2024-04-23T17:35:00Z,16
RW1,2024-04-23T17:40:00Z,16.26
RW1,2024-04-23T17:45:00Z,16.3
RW1,2024-04-23T17:50:00Z,16.64
RW1,2024-04-23T17:55:00Z,16.86
RW1,2024-04-23T18:00:00Z,16.64
RW1,2024-04-23T18:05:00Z,17.24
RW1,2024-04-23T18:10:00Z,16.94
RW1,2024-04-23T18:15:00Z,17.03
RW1,2024-04-23T18:20:00Z,16.99
RW1,2024-04-23T18:25:00Z,16.81
RW1,2024-04-23T18:30:00Z,18.14
RW1,2024-04-23T18:35:00Z,17.63
RW1,2024-04-23T18:40:00Z,17.89
RW1,2024-04-23T18:45:00Z,17.16
RW1,2024-04-23T18:50:00Z,17.89
RW1,2024-04-23T18:55:00Z,17.29
RW1,2024-04-23T19:00:00Z,17.97
RW1,2024-04-23T19:05:00Z,17.41
RW1,2024-04-23T19:10:00Z,17.72
RW1,2024-04-23T19:15:00Z,17.84
RW1,2024-04-23T19:20:00Z,18.14
RW1,2024-04-23T19:25:00Z,18.57
RW1,2024-04-23T19:30:00Z,18.06
RW1,2024-04-23T19:35:00Z,18.4
RW1,2024-04-24T00:55:00Z,15.36
RW1,2024-04-24T01:00:00Z,15.18
RW1,2024-04-24T01:05:00Z,15.57
RW1,2024-04-24T01:10:00Z,15.66
RW1,2024-04-24T01:15:00Z,15.83
RW1,2024-04-24T01:20:00Z,16
RW1,2024-04-24T01:25:00Z,16.04
RW1,2024-04-24T01:30:00Z,16.04
RW1,2024-04-24T01:35:00Z,16.04
RW1,2024-04-24T01:40:00Z,16.08
RW1,2024-04-24T01:45:00Z,16.08
RW1,2024-04-24T01:50:00Z,16
RW1,2024-04-24T01:55:00Z,16.04
RW1,2024-04-24T02:00:00Z,16
RW1,2024-04-24T02:05:00Z,16.04
RW1,2024-04-24T02:10:00Z,16.04
RW1,2024-04-24T02:15:00Z,15.91
RW1,2024-04-24T02:20:00Z,15.91
RW1,2024-04-24T02:25:00Z,15.87
RW1,2024-04-24T02:30:00Z,15.91
RW1,2024-04-24T02:35:00Z,15.78
RW1,2024-04-24T02:40:00Z,15.78
RW1,2024-04-24T02:45:00Z,15.7
RW1,2024-04-24T02:50:00Z,15.7
RW1,2024-04-24T02:55:00Z,15.66
RW1,2024-04-24T03:00:00Z,15.61
RW1,2024-04-24T03:05:00Z,15.57
RW1,2024-04-24T03:10:00Z,15.53
RW1,2024-04-24T03:15:00Z,15.44
RW1,2024-04-24T03:20:00Z,15.44
RW1,2024-04-24T03:25:00Z,15.4
RW1,2024-04-24T03:30:00Z,15.36
RW1,2024-04-24T03:35:00Z,15.27
RW1,2024-04-24T03:40:00Z,15.23
RW1,2024-04-24T03:45:00Z,15.18
RW1,2024-04-24T03:50:00Z,15.23
RW1,2024-04-24T03:55:00Z,15.18
RW1,2024-04-24T04:00:00Z,15.1
RW1,2024-04-24T04:05:00Z,15.14
RW1,2024-04-24T04:10:00Z,15.1
RW1,2024-04-24T04:15:00Z,15.06
RW1,2024-04-24T04:20:00Z,15.1
RW1,2024-04-24T04:25:00Z,14.93
RW1,2024-04-24T04:30:00Z,14.97
RW1,2024-04-24T04:35:00Z,15.01
RW1,2024-04-24T04:40:00Z,14.93
RW1,2024-04-24T04:45:00Z,14.84
RW1,2024-04-24T04:50:00Z,14.84
RW1,2024-04-24T04:55:00Z,14.75
RW1,2024-04-24T05:00:00Z,14.71
RW1,2024-04-24T05:05:00Z,14.8
RW1,2024-04-24T05:10:00Z,14.75
RW1,2024-04-24T05:15:00Z,14.71
RW1,2024-04-24T05:20:00Z,14.58
RW1,2024-04-24T05:25:00Z,14.63
RW1,2024-04-24T05:30:00Z,14.58
RW1,2024-04-24T05:35:00Z,14.58
RW1,2024-04-24T05:40:00Z,14.54
RW1,2024-04-24T05:45:00Z,14.58
RW1,2024-04-24T05:50:00Z,14.54
RW1,2024-04-24T05:55:00Z,14.5
RW1,2024-04-24T06:00:00Z,14.37
RW1,2024-04-24T06:05:00Z,14.45
RW1,2024-04-24T06:10:00Z,14.54
RW1,2024-04-24T06:15:00Z,14.5
RW1,2024-04-24T06:20:00Z,14.45
RW1,2024-04-24T06:25:00Z,14.41
RW1,2024-04-24T06:30:00Z,14.41
RW1,2024-04-24T06:35:00Z,14.41
RW1,2024-04-24T06:40:00Z,14.37
RW1,2024-04-24T06:45:00Z,14.37
RW1,2024-04-24T06:50:00Z,14.37
RW1,2024-04-24T06:55:00Z,14.33
RW1,2024-04-24T07:00:00Z,14.28
RW1,2024-04-24T07:05:00Z,14.28
RW1,2024-04-24T07:10:00Z,14.24
RW1,2024-04-24T07:15:00Z,14.28
RW1,2024-04-24T07:20:00Z,14.2
RW1,2024-04-24T07:25:00Z,14.24
RW1,2024-04-24T07:30:00Z,14.15
RW1,2024-04-24T07:35:00Z,14.11
RW1,2024-04-24T07:40:00Z,14.03
RW1,2024-04-24T07:45:00Z,13.55
RW1,2024-04-24T07:50:00Z,13.3
RW1,2024-04-24T07:55:00Z,13.08
RW1,2024-04-24T15:25:00Z,21.79
RW1,2024-04-24T15:30:00Z,21.79
RW1,2024-04-24T15:35:00Z,20.98
RW1,2024-04-24T15:40:00Z,21.75
RW1,2024-04-24T15:45:00Z,21.88
RW1,2024-04-24T15:50:00Z,16.47
RW1,2024-04-24T15:55:00Z,15.27
RW1,2024-04-24T16:00:00Z,15.1
RW1,2024-04-24T16:05:00Z,17.84
RW1,2024-04-24T16:10:00Z,15.14
RW1,2024-04-24T16:15:00Z,15.53
RW1,2024-04-24T16:20:00Z,15.23
RW1,2024-04-24T16:25:00Z,15.4
RW1,2024-04-24T16:30:00Z,15.74
RW1,2024-04-24T16:35:00Z,15.31
RW1,2024-04-24T16:40:00Z,15.27
RW1,2024-04-24T16:45:00Z,15.36
RW1,2024-04-24T16:50:00Z,15.61
RW1,2024-04-24T16:55:00Z,15.44
RW1,2024-04-24T17:00:00Z,15.66
RW1,2024-04-24T17:05:00Z,15.87
RW1,2024-04-24T17:10:00Z,15.44
RW1,2024-04-24T17:15:00Z,15.57
RW1,2024-04-24T17:20:00Z,16.13
RW1,2024-04-24T17:25:00Z,16.04
RW1,2024-04-24T17:30:00Z,15.31
RW1,2024-04-24T17:35:00Z,15.66
RW1,2024-04-24T17:40:00Z,15.83
RW1,2024-04-24T17:45:00Z,15.57
RW1,2024-04-24T17:50:00Z,15.91
RW1,2024-04-24T17:55:00Z,16.08
RW1,2024-04-24T18:00:00Z,16.17
RW1,2024-04-24T18:05:00Z,16.3
RW1,2024-04-24T18:10:00Z,16.13
RW1,2024-04-24T18:15:00Z,16.17
RW1,2024-04-24T18:20:00Z,15.96
RW1,2024-04-24T18:25:00Z,16.3
RW1,2024-04-24T18:30:00Z,16.04
RW1,2024-04-24T18:35:00Z,16.6
RW1,2024-04-24T18:40:00Z,16.64
RW1,2024-04-24T18:45:00Z,17.2
RW1,2024-04-24T18:50:00Z,16.69
RW1,2024-04-24T18:55:00Z,16.21
RW1,2024-04-24T19:00:00Z,16.34
RW1,2024-04-24T19:05:00Z,17.24
RW1,2024-04-24T19:10:00Z,20.37
RW1,2024-04-24T19:15:00Z,21.32
RW1,2024-04-24T19:20:00Z,22.18
RW1,2024-04-24T19:25:00Z,19.99
RW1,2024-04-24T19:30:00Z,23.94
RW1,2024-04-24T19:35:00Z,25.82
RW1,2024-04-24T19:40:00Z,19
RW1,2024-04-24T19:45:00Z,17.63
RW1,2024-04-24T19:50:00Z,17.72
RW1,2024-04-24T19:55:00Z,17.93
RW1,2024-04-24T20:00:00Z,18.14
RW1,2024-04-24T20:05:00Z,18.19
RW1,2024-04-25T01:10:00Z,14.93
RW1,2024-04-25T01:15:00Z,14.5
RW1,2024-04-25T01:20:00Z,14.63
RW1,2024-04-25T01:25:00Z,14.97
RW1,2024-04-25T01:30:00Z,15.06
RW1,2024-04-25T01:35:00Z,15.27
RW1,2024-04-25T01:40:00Z,15.36
RW1,2024-04-25T01:45:00Z,15.44
RW1,2024-04-25T01:50:00Z,15.36
RW1,2024-04-25T01:55:00Z,15.36
RW1,2024-04-25T02:00:00Z,15.36
RW1,2024-04-25T02:05:00Z,15.36
RW1,2024-04-25T02:10:00Z,15.31
RW1,2024-04-25T02:15:00Z,15.31
RW1,2024-04-25T02:20:00Z,15.27
RW1,2024-04-25T02:25:00Z,15.27
RW1,2024-04-25T02:30:00Z,15.23
RW1,2024-04-25T02:35:00Z,15.27
RW1,2024-04-25T02:40:00Z,15.23
RW1,2024-04-25T02:45:00Z,15.27
RW1,2024-04-25T02:50:00Z,15.23
RW1,2024-04-25T02:55:00Z,15.18
RW1,2024-04-25T03:00:00Z,15.18
RW1,2024-04-25T03:05:00Z,15.1
RW1,2024-04-25T03:10:00Z,15.1
RW1,2024-04-25T03:15:00Z,15.06
RW1,2024-04-25T03:20:00Z,14.97
RW1,2024-04-25T03:25:00Z,15.01
RW1,2024-04-25T03:30:00Z,14.93
RW1,2024-04-25T03:35:00Z,14.93
RW1,2024-04-25T03:40:00Z,14.84
RW1,2024-04-25T03:45:00Z,14.84
RW1,2024-04-25T03:50:00Z,14.8
RW1,2024-04-25T03:55:00Z,14.8
RW1,2024-04-25T04:00:00Z,14.75
RW1,2024-04-25T04:05:00Z,14.71
RW1,2024-04-25T04:10:00Z,14.71
RW1,2024-04-25T04:15:00Z,14.63
RW1,2024-04-25T04:20:00Z,14.58
RW1,2024-04-25T04:25:00Z,14.58
RW1,2024-04-25T04:30:00Z,14.58
RW1,2024-04-25T04:35:00Z,14.5
RW1,2024-04-25T04:40:00Z,14.5
RW1,2024-04-25T04:45:00Z,14.5
RW1,2024-04-25T04:50:00Z,14.45
RW1,2024-04-25T04:55:00Z,14.37
RW1,2024-04-25T05:00:00Z,14.37
RW1,2024-04-25T05:05:00Z,14.33
RW1,2024-04-25T05:10:00Z,14.37
RW1,2024-04-25T05:15:00Z,14.28
RW1,2024-04-25T05:20:00Z,14.28
RW1,2024-04-25T05:25:00Z,14.24
RW1,2024-04-25T05:30:00Z,14.2
RW1,2024-04-25T05:35:00Z,14.2
RW1,2024-04-25T05:40:00Z,14.15
RW1,2024-04-25T05:45:00Z,14.15
RW1,2024-04-25T05:50:00Z,14.15
RW1,2024-04-25T05:55:00Z,14.15
RW1,2024-04-25T06:00:00Z,14.11
RW1,2024-04-25T06:05:00Z,14.2
RW1,2024-04-25T06:10:00Z,14.15
RW1,2024-04-25T06:15:00Z,14.15
RW1,2024-04-25T06:20:00Z,14.07
RW1,2024-04-25T06:25:00Z,14.11
RW1,2024-04-25T06:30:00Z,14.11
RW1,2024-04-25T06:35:00Z,14.07
RW1,2024-04-25T06:40:00Z,14.11
RW1,2024-04-25T06:45:00Z,14.07
RW1,2024-04-25T06:50:00Z,14.11
RW1,2024-04-25T06:55:00Z,14.03
RW1,2024-04-25T07:00:00Z,14.07
RW1,2024-04-25T07:05:00Z,14.07
RW1,2024-04-25T07:10:00Z,14.07
RW1,2024-04-25T07:15:00Z,14.07
RW1,2024-04-25T07:20:00Z,14.07
RW1,2024-04-25T07:25:00Z,14.03
RW1,2024-04-25T07:30:00Z,14.07
RW1,2024-04-25T07:35:00Z,14.03
RW1,2024-04-25T07:40:00Z,14.03
RW1,2024-04-25T07:45:00Z,14.03
RW1,2024-04-25T07:50:00Z,13.94
RW1,2024-04-25T07:55:00Z,13.85
RW1,2024-04-25T08:00:00Z,13.81
RW1,2024-04-25T08:05:00Z,13.6
RW1,2024-04-25T08:10:00Z,13.73
RW1,2024-04-25T08:15:00Z,13.51
RW1,2024-04-25T08:20:00Z,13.51
RW1,2024-04-25T16:20:00Z,14.97
RW1,2024-04-25T16:25:00Z,14.84
RW1,2024-04-25T16:30:00Z,14.88
RW1,2024-04-25T16:35:00Z,14.88
RW1,2024-04-25T16:40:00Z,14.88
RW1,2024-04-25T16:45:00Z,14.15
RW1,2024-04-25T16:50:00Z,14.15
RW1,2024-04-25T16:55:00Z,13.98
RW1,2024-04-25T17:00:00Z,13.77
RW1,2024-04-25T17:05:00Z,13.9
RW1,2024-04-25T17:10:00Z,13.81
RW1,2024-04-25T17:15:00Z,13.9
RW1,2024-04-25T17:20:00Z,13.6
RW1,2024-04-25T17:25:00Z,13.6
RW1,2024-04-25T17:30:00Z,13.73
RW1,2024-04-25T17:35:00Z,13.85
RW1,2024-04-25T17:40:00Z,14.15
RW1,2024-04-25T17:45:00Z,14.54
RW1,2024-04-25T17:50:00Z,14.33
RW1,2024-04-25T17:55:00Z,14.41
RW1,2024-04-25T18:00:00Z,14.58
RW1,2024-04-25T18:05:00Z,14.5
RW1,2024-04-25T18:10:00Z,14.67
RW1,2024-04-25T18:15:00Z,14.45
RW1,2024-04-25T18:20:00Z,14.37
RW1,2024-04-25T18:25:00Z,15.53
RW1,2024-04-25T18:30:00Z,17.07
RW1,2024-04-25T18:35:00Z,14.75
RW1,2024-04-25T18:40:00Z,15.66
RW1,2024-04-25T18:45:00Z,15.83
RW1,2024-04-25T18:50:00Z,16.6
RW1,2024-04-25T18:55:00Z,16.81
RW1,2024-04-25T19:00:00Z,16.3
RW1,2024-04-25T19:05:00Z,16.94
RW1,2024-04-25T19:10:00Z,16
RW1,2024-04-25T19:15:00Z,17.46
RW1,2024-04-25T19:20:00Z,19.43
RW1,2024-04-25T19:25:00Z,18.06
RW1,2024-04-25T19:30:00Z,18.14
RW1,2024-04-25T19:35:00Z,20.12
RW1,2024-04-25T19:40:00Z,17.2
RW1,2024-04-25T19:45:00Z,17.84
RW1,2024-04-25T19:50:00Z,19.22
RW1,2024-04-25T19:55:00Z,18.92
RW1,2024-04-25T20:00:00Z,17.76
RW1,2024-04-25T20:05:00Z,18.02
RW1,2024-04-25T20:10:00Z,19.73
RW1,2024-04-25T20:15:00Z,22.99
RW1,2024-04-25T20:20:00Z,28.53
RW1,2024-04-25T20:25:00Z,26.77
RW1,2024-04-26T01:20:00Z,14.63
RW1,2024-04-26T01:25:00Z,14.5
RW1,2024-04-26T01:30:00Z,14.84
RW1,2024-04-26T01:35:00Z,14.88
RW1,2024-04-26T01:40:00Z,14.97
RW1,2024-04-26T01:45:00Z,15.01
RW1,2024-04-26T01:50:00Z,15.01
RW1,2024-04-26T01:55:00Z,14.97
RW1,2024-04-26T02:00:00Z,14.97
RW1,2024-04-26T02:05:00Z,14.93
RW1,2024-04-26T02:10:00Z,14.93
RW1,2024-04-26T02:15:00Z,14.88
RW1,2024-04-26T02:20:00Z,14.93
RW1,2024-04-26T02:25:00Z,14.84
RW1,2024-04-26T02:30:00Z,14.8
RW1,2024-04-26T02:35:00Z,14.75
RW1,2024-04-26T02:40:00Z,14.75
RW1,2024-04-26T02:45:00Z,14.71
RW1,2024-04-26T02:50:00Z,14.71
RW1,2024-04-26T02:55:00Z,14.67
RW1,2024-04-26T03:00:00Z,14.63
RW1,2024-04-26T03:05:00Z,14.54
RW1,2024-04-26T03:10:00Z,14.54
RW1,2024-04-26T03:15:00Z,14.54
RW1,2024-04-26T03:20:00Z,14.54
RW1,2024-04-26T03:25:00Z,14.5
RW1,2024-04-26T03:30:00Z,14.54
RW1,2024-04-26T03:35:00Z,14.5
RW1,2024-04-26T03:40:00Z,14.37
RW1,2024-04-26T03:45:00Z,14.41
RW1,2024-04-26T03:50:00Z,14.24
RW1,2024-04-26T03:55:00Z,14.45
RW1,2024-04-26T04:00:00Z,14.5
RW1,2024-04-26T04:05:00Z,14.5
RW1,2024-04-26T04:10:00Z,14.45
RW1,2024-04-26T04:15:00Z,14.15
RW1,2024-04-26T04:20:00Z,14.33
RW1,2024-04-26T04:25:00Z,14.28
RW1,2024-04-26T04:30:00Z,14.45
RW1,2024-04-26T04:35:00Z,14.41
RW1,2024-04-26T04:40:00Z,14.45
RW1,2024-04-26T04:45:00Z,14.37
RW1,2024-04-26T04:50:00Z,14.37
RW1,2024-04-26T04:55:00Z,14.07
RW1,2024-04-26T05:00:00Z,13.94
RW1,2024-04-26T05:05:00Z,14.03
RW1,2024-04-26T05:10:00Z,14.11
RW1,2024-04-26T05:15:00Z,14.28
RW1,2024-04-26T05:20:00Z,14.33
RW1,2024-04-26T05:25:00Z,14.2
RW1,2024-04-26T05:30:00Z,14.07
RW1,2024-04-26T05:35:00Z,14.15
RW1,2024-04-26T05:40:00Z,14.11
RW1,2024-04-26T05:45:00Z,13.9
RW1,2024-04-26T05:50:00Z,13.94
RW1,2024-04-26T05:55:00Z,13.98
RW1,2024-04-26T06:00:00Z,13.9
RW1,2024-04-26T06:05:00Z,13.94
RW1,2024-04-26T06:10:00Z,13.9
RW1,2024-04-26T06:15:00Z,13.98
RW1,2024-04-26T06:20:00Z,13.94
RW1,2024-04-26T06:25:00Z,13.98
RW1,2024-04-26T06:30:00Z,13.9
RW1,2024-04-26T06:35:00Z,13.9
RW1,2024-04-26T06:40:00Z,13.94
RW1,2024-04-26T06:45:00Z,13.9
RW1,2024-04-26T06:50:00Z,13.9
RW1,2024-04-26T06:55:00Z,13.85
RW1,2024-04-26T07:00:00Z,13.9
RW1,2024-04-26T07:05:00Z,13.9
RW1,2024-04-26T07:10:00Z,13.9
RW1,2024-04-26T07:15:00Z,13.98
RW1,2024-04-26T07:20:00Z,13.98
RW1,2024-04-26T07:25:00Z,13.98
RW1,2024-04-26T07:30:00Z,13.98
RW1,2024-04-26T07:35:00Z,13.98
RW1,2024-04-26T07:40:00Z,13.94
RW1,2024-04-26T07:45:00Z,13.9
RW1,2024-04-26T07:50:00Z,13.94
RW1,2024-04-26T07:55:00Z,13.9
RW1,2024-04-26T08:00:00Z,13.94
RW1,2024-04-26T08:05:00Z,13.9
RW1,2024-04-26T08:10:00Z,13.9
RW1,2024-04-26T08:15:00Z,13.9
RW1,2024-04-26T08:20:00Z,13.94
RW1,2024-04-26T08:25:00Z,13.85
RW1,2024-04-26T08:30:00Z,13.81
RW1,2024-04-26T08:35:00Z,13.81
RW1,2024-04-26T08:40:00Z,13.68
RW1,2024-04-26T08:45:00Z,13.73
RW1,2024-04-26T08:50:00Z,13.6
RW1,2024-04-26T08:55:00Z,13.43
