Plot,#,Date-Time (PDT),Ch:1 - Temperature   (Â°C),Ch:2 - Light   (lux),Button Down,Button Up,Host Connected,End of File
B4,1,4/1/2024 12:55,26.77,89415.68,,,,
B4,2,4/1/2024 13:00,28.4,89006.08,,,,
B4,3,4/1/2024 13:05,28.95,88883.2,,,,
B4,4,4/1/2024 13:10,29.3,88719.36,,,,
B4,5,4/1/2024 13:15,29.56,88391.68,,,,
B4,6,4/1/2024 13:20,29.56,88104.96,,,,
B4,7,4/1/2024 13:25,29.73,87408.64,,,,
B4,8,4/1/2024 13:30,30.07,87244.8,,,,
B4,9,4/1/2024 13:35,30.11,86753.28,,,,
B4,10,4/1/2024 13:40,29.64,86179.84,,,,
B4,11,4/1/2024 13:45,27.2,82862.08,,,,
B4,12,4/1/2024 13:50,27.45,85442.56,,,,
B4,13,4/1/2024 13:55,26.25,84869.12,,,,
B4,14,4/1/2024 14:00,25.61,84131.84,,,,
B4,15,4/1/2024 14:05,24.41,83517.44,,,,
B4,16,4/1/2024 14:10,24.45,83005.44,,,,
B4,17,4/1/2024 14:15,24.02,72355.84,,,,
B4,18,4/1/2024 14:20,23.55,82247.68,,,,
B4,19,4/1/2024 14:25,23.34,82063.36,,,,
B4,20,4/1/2024 14:30,23.38,81694.72,,,,
B4,21,4/1/2024 14:35,23.38,81305.6,,,,
B4,22,4/1/2024 14:40,22.18,85155.84,,,,
B4,23,4/1/2024 14:45,22.91,80117.76,,,,
B4,24,4/1/2024 14:50,21.75,79237.12,,,,
B4,25,4/1/2024 14:55,22.61,76922.88,,,,
B4,26,4/1/2024 15:00,22.61,76226.56,,,,
B4,27,4/1/2024 15:05,22.31,75632.64,,,,
B4,28,4/1/2024 15:10,21.75,62464,,,,
B4,29,4/1/2024 15:15,20.68,64122.88,,,,
B4,30,4/1/2024 15:20,20.93,54722.56,,,,
B4,31,4/1/2024 15:25,20.93,76513.28,,,,
B4,32,4/1/2024 15:30,21.02,75489.28,,,,
B4,33,4/1/2024 15:35,19.9,33290.24,,,,
B4,34,4/1/2024 15:40,19.77,54128.64,,,,
B4,35,4/1/2024 15:45,19.52,41461.76,,,,
B4,36,4/1/2024 15:50,20.07,79093.76,,,,
B4,37,4/1/2024 15:55,19.86,77496.32,,,,
B4,38,4/1/2024 16:00,19.22,37406.72,,,,
B4,39,4/1/2024 16:05,19.39,34897.92,,,,
B4,40,4/1/2024 16:10,18.62,38133.76,,,,
B4,41,4/1/2024 16:15,19.09,70717.44,,,,
B4,42,4/1/2024 16:20,18.83,30218.24,,,,
B4,43,4/1/2024 16:25,18.83,39843.84,,,,
B4,44,4/1/2024 16:30,18.4,27238.4,,,,
B4,45,4/1/2024 16:35,18.7,58941.44,,,,
B4,46,4/1/2024 16:40,18.79,55828.48,,,,
B4,47,4/1/2024 16:45,17.89,30597.12,,,,
B4,48,4/1/2024 16:50,17.93,23080.96,,,,
B4,49,4/1/2024 16:55,18.1,21258.24,,,,
B4,50,4/1/2024 17:00,17.84,37785.6,,,,
B4,51,4/1/2024 17:05,17.5,25763.84,,,,
B4,52,4/1/2024 17:10,17.24,19450.88,,,,
B4,53,4/1/2024 17:15,17.41,17408,,,,
B4,54,4/1/2024 17:20,17.07,9203.2,,,,
B4,55,4/1/2024 17:25,17.2,14192.64,,,,
B4,56,4/1/2024 17:30,17.16,45916.16,,,,
B4,57,4/1/2024 17:35,16.99,16993.28,,,,
B4,58,4/1/2024 17:40,16.81,17495.04,,,,
B4,59,4/1/2024 17:45,16.94,32430.08,,,,
B4,60,4/1/2024 17:50,16.43,16742.4,,,,
B4,61,4/1/2024 17:55,16.21,11878.4,,,,
B4,62,4/1/2024 18:00,15.74,3472.64,,,,
B4,63,4/1/2024 18:05,15.66,3040,,,,
B4,64,4/1/2024 18:10,15.53,2958.08,,,,
B4,65,4/1/2024 18:15,15.48,1941.76,,,,
B4,66,4/1/2024 18:20,15.53,2945.28,,,,
B4,67,4/1/2024 18:25,15.44,4190.72,,,,
B4,68,4/1/2024 18:30,15.44,2449.28,,,,
B4,69,4/1/2024 18:35,15.4,2513.92,,,,
B4,70,4/1/2024 18:40,15.36,1524.48,,,,
B4,71,4/1/2024 18:45,15.31,1486.08,,,,
B4,72,4/1/2024 18:50,15.31,1284.48,,,,
B4,73,4/1/2024 18:55,15.23,1015.68,,,,
B4,74,4/1/2024 19:00,15.27,942.08,,,,
B4,75,4/1/2024 19:05,15.23,625.76,,,,
B4,76,4/1/2024 19:10,15.18,603.84,,,,
B4,77,4/1/2024 19:15,15.14,258.8,,,,
B4,78,4/1/2024 19:20,15.14,89.88,,,,
B4,79,4/1/2024 19:25,15.1,63.36,,,,
B4,80,4/1/2024 19:30,15.1,21.1,,,,
B4,81,4/1/2024 19:35,15.06,5.8,,,,
B4,82,4/1/2024 19:40,15.01,2.45,,,,
B4,83,4/1/2024 19:45,15.01,0,,,,
B4,84,4/1/2024 19:50,14.97,0,,,,
B4,85,4/1/2024 19:55,14.93,0,,,,
B4,86,4/1/2024 20:00,14.97,0,,,,
B4,87,4/1/2024 20:05,14.93,0,,,,
B4,88,4/1/2024 20:10,14.93,0,,,,
B4,89,4/1/2024 20:15,14.93,0,,,,
B4,90,4/1/2024 20:20,14.88,0,,,,
B4,91,4/1/2024 20:25,14.93,0,,,,
B4,92,4/1/2024 20:30,14.88,0,,,,
B4,93,4/1/2024 20:35,14.88,0,,,,
B4,94,4/1/2024 20:40,14.88,0,,,,
B4,95,4/1/2024 20:45,14.88,0,,,,
B4,96,4/1/2024 20:50,14.88,0,,,,
B4,97,4/1/2024 20:55,14.88,0,,,,
B4,98,4/1/2024 21:00,14.84,0,,,,
B4,99,4/1/2024 21:05,14.84,0,,,,
B4,100,4/1/2024 21:10,14.88,0,,,,
B4,101,4/1/2024 21:15,14.8,0,,,,
B4,102,4/1/2024 21:20,14.84,0,,,,
B4,103,4/1/2024 21:25,14.8,0,,,,
B4,104,4/1/2024 21:30,14.75,0,,,,
B4,105,4/1/2024 21:35,14.75,0,,,,
B4,106,4/1/2024 21:40,14.75,0,,,,
B4,107,4/1/2024 21:45,14.71,0,,,,
B4,108,4/1/2024 21:50,14.75,0,,,,
B4,109,4/1/2024 21:55,14.71,0,,,,
B4,110,4/1/2024 22:00,14.75,0,,,,
B4,111,4/1/2024 22:05,14.67,0,,,,
B4,112,4/1/2024 22:10,14.71,0,,,,
B4,113,4/1/2024 22:15,14.67,0,,,,
B4,114,4/1/2024 22:20,14.63,0,,,,
B4,115,4/1/2024 22:25,14.67,0,,,,
B4,116,4/1/2024 22:30,14.63,0,,,,
B4,117,4/1/2024 22:35,14.67,0,,,,
B4,118,4/1/2024 22:40,14.63,0,,,,
B4,119,4/1/2024 22:45,14.67,0,,,,
B4,120,4/1/2024 22:50,14.63,0,,,,
B4,121,4/1/2024 22:55,14.58,0,,,,
B4,122,4/1/2024 23:00,14.58,0,,,,
B4,123,4/1/2024 23:05,14.58,0,,,,
B4,124,4/1/2024 23:10,14.58,0,,,,
B4,125,4/1/2024 23:15,14.58,0,,,,
B4,126,4/1/2024 23:20,14.58,0,,,,
B4,127,4/1/2024 23:25,14.54,0,,,,
B4,128,4/1/2024 23:30,14.58,0,,,,
B4,129,4/1/2024 23:35,14.54,0,,,,
B4,130,4/1/2024 23:40,14.54,0,,,,
B4,131,4/1/2024 23:45,14.5,0,,,,
B4,132,4/1/2024 23:50,14.45,0,,,,
B4,133,4/1/2024 23:55,14.45,0,,,,
B4,134,4/2/2024 0:00,14.5,0,,,,
B4,135,4/2/2024 0:05,14.5,0,,,,
B4,136,4/2/2024 0:10,14.41,0,,,,
B4,137,4/2/2024 0:15,14.41,0,,,,
B4,138,4/2/2024 0:20,14.41,0,,,,
B4,139,4/2/2024 0:25,14.41,0,,,,
B4,140,4/2/2024 0:30,14.41,0,,,,
B4,141,4/2/2024 0:35,14.41,0,,,,
B4,142,4/2/2024 0:40,14.37,0,,,,
B4,143,4/2/2024 0:45,14.33,0,,,,
B4,144,4/2/2024 0:50,14.33,0,,,,
B4,145,4/2/2024 0:55,14.33,0,,,,
B4,146,4/2/2024 1:00,14.28,0,,,,
B4,147,4/2/2024 1:05,14.33,0,,,,
B4,148,4/2/2024 1:10,14.2,0,,,,
B4,149,4/2/2024 1:15,14.24,0,,,,
B4,150,4/2/2024 1:20,14.2,0,,,,
B4,151,4/2/2024 1:25,14.28,0,,,,
B4,152,4/2/2024 1:30,14.2,0,,,,
B4,153,4/2/2024 1:35,14.2,0,,,,
B4,154,4/2/2024 1:40,14.2,0,,,,
B4,155,4/2/2024 1:45,14.15,0,,,,
B4,156,4/2/2024 1:50,14.2,0,,,,
B4,157,4/2/2024 1:55,14.15,0,,,,
B4,158,4/2/2024 2:00,14.2,0,,,,
B4,159,4/2/2024 2:05,14.2,0,,,,
B4,160,4/2/2024 2:10,14.24,0,,,,
B4,161,4/2/2024 2:15,14.2,0,,,,
B4,162,4/2/2024 2:20,14.24,0,,,,
B4,163,4/2/2024 2:25,14.2,0,,,,
B4,164,4/2/2024 2:30,14.24,0,,,,
B4,165,4/2/2024 2:35,14.24,0,,,,
B4,166,4/2/2024 2:40,14.24,0,,,,
B4,167,4/2/2024 2:45,14.2,0,,,,
B4,168,4/2/2024 2:50,14.24,0,,,,
B4,169,4/2/2024 2:55,14.15,0,,,,
B4,170,4/2/2024 3:00,14.2,0,,,,
B4,171,4/2/2024 3:05,14.15,0,,,,
B4,172,4/2/2024 3:10,14.2,0,,,,
B4,173,4/2/2024 3:15,14.2,0,,,,
B4,174,4/2/2024 3:20,14.15,0,,,,
B4,175,4/2/2024 3:25,14.2,0,,,,
B4,176,4/2/2024 3:30,14.2,0,,,,
B4,177,4/2/2024 3:35,14.2,0,,,,
B4,178,4/2/2024 3:40,14.11,0,,,,
B4,179,4/2/2024 3:45,14.11,0,,,,
B4,180,4/2/2024 3:50,14.11,0,,,,
B4,181,4/2/2024 3:55,14.2,0,,,,
B4,182,4/2/2024 4:00,14.15,0,,,,
B4,183,4/2/2024 4:05,14.15,0,,,,
B4,184,4/2/2024 4:10,14.15,0,,,,
B4,185,4/2/2024 4:15,14.11,0,,,,
B4,186,4/2/2024 4:20,14.15,0,,,,
B4,187,4/2/2024 4:25,14.15,0,,,,
B4,188,4/2/2024 4:30,14.15,0,,,,
B4,189,4/2/2024 4:35,14.11,0,,,,
B4,190,4/2/2024 4:40,14.11,0,,,,
B4,191,4/2/2024 4:45,14.11,0,,,,
B4,192,4/2/2024 4:50,14.11,0,,,,
B4,193,4/2/2024 4:55,14.07,0,,,,
B4,194,4/2/2024 5:00,14.11,0,,,,
B4,195,4/2/2024 5:05,14.11,0,,,,
B4,196,4/2/2024 5:10,14.11,0,,,,
B4,197,4/2/2024 5:15,14.11,0,,,,
B4,198,4/2/2024 5:20,14.11,0,,,,
B4,199,4/2/2024 5:25,14.11,0,,,,
B4,200,4/2/2024 5:30,14.07,0,,,,
B4,201,4/2/2024 5:35,14.07,0,,,,
B4,202,4/2/2024 5:40,14.07,0,,,,
B4,203,4/2/2024 5:45,14.07,0,,,,
B4,204,4/2/2024 5:50,14.07,0,,,,
B4,205,4/2/2024 5:55,14.07,0,,,,
B4,206,4/2/2024 6:00,14.11,0,,,,
B4,207,4/2/2024 6:05,14.07,0,,,,
B4,208,4/2/2024 6:10,14.07,0.22,,,,
B4,209,4/2/2024 6:15,14.07,3.12,,,,
B4,210,4/2/2024 6:20,14.07,9.15,,,,
B4,211,4/2/2024 6:25,14.07,19.45,,,,
B4,212,4/2/2024 6:30,14.03,70.02,,,,
B4,213,4/2/2024 6:35,14.03,184,,,,
B4,214,4/2/2024 6:40,14.03,385.44,,,,
B4,215,4/2/2024 6:45,14.03,391.52,,,,
B4,216,4/2/2024 6:50,14.07,881.28,,,,
B4,217,4/2/2024 6:55,14.07,1017.28,,,,
B4,218,4/2/2024 7:00,14.2,4134.4,,,,
B4,219,4/2/2024 7:05,14.15,3344.64,,,,
B4,220,4/2/2024 7:10,14.24,9497.6,,,,
B4,221,4/2/2024 7:15,14.5,6302.72,,,,
B4,222,4/2/2024 7:20,14.67,3877.12,,,,
B4,223,4/2/2024 7:25,14.75,15001.6,,,,
B4,224,4/2/2024 7:30,15.06,7695.36,,,,
B4,225,4/2/2024 7:35,15.31,7252.48,,,,
B4,226,4/2/2024 7:40,15.53,21606.4,,,,
B4,227,4/2/2024 7:45,16,24504.32,,,,
B4,228,4/2/2024 7:50,16.13,27156.48,,,,
B4,229,4/2/2024 7:55,16.64,30146.56,,,,
B4,230,4/2/2024 8:00,16.94,31559.68,,,,
B4,231,4/2/2024 8:05,15.57,13562.88,,,,
B4,232,4/2/2024 8:10,15.53,19829.76,,,,
B4,233,4/2/2024 8:15,16.04,24381.44,,,,
B4,234,4/2/2024 8:20,17.54,35420.16,,,,
B4,235,4/2/2024 8:25,17.11,26869.76,,,,
B4,236,4/2/2024 8:30,18.7,30945.28,,,,
B4,237,4/2/2024 8:35,19.6,45056,,,,
B4,238,4/2/2024 8:40,21.53,44154.88,,,,
B4,239,4/2/2024 8:45,22.43,46080,,,,
B4,240,4/2/2024 8:50,23.03,48107.52,,,,
B4,241,4/2/2024 8:55,24.45,49172.48,,,,
B4,242,4/2/2024 9:00,25.57,51240.96,,,,
B4,243,4/2/2024 9:05,26.25,52981.76,,,,
B4,244,4/2/2024 9:10,26.42,54927.36,,,,
B4,245,4/2/2024 9:15,26.51,56401.92,,,,
B4,246,4/2/2024 9:20,27.24,57876.48,,,,
B4,247,4/2/2024 9:25,27.97,59371.52,,,,
B4,248,4/2/2024 9:30,28.1,60846.08,,,,
B4,249,4/2/2024 9:35,28.4,62423.04,,,,
B4,250,4/2/2024 9:40,28.31,63877.12,,,,
B4,251,4/2/2024 9:45,28.4,65105.92,,,,
B4,252,4/2/2024 9:50,28.74,66191.36,,,,
B4,253,4/2/2024 9:55,29.38,67112.96,,,,
B4,254,4/2/2024 10:00,30.03,68751.36,,,,
B4,255,4/2/2024 10:05,30.59,70062.08,,,,
B4,256,4/2/2024 10:10,30.71,71516.16,,,,
B4,257,4/2/2024 10:15,31.57,72806.4,,,,
B4,258,4/2/2024 10:20,32.47,73953.28,,,,
B4,259,4/2/2024 10:25,33.5,75182.08,,,,
B4,260,4/2/2024 10:30,34.06,76288,,,,
B4,261,4/2/2024 10:35,34.15,77332.48,,,,
B4,262,4/2/2024 10:40,34.27,78438.4,,,,
B4,263,4/2/2024 10:45,34.19,79503.36,,,,
B4,264,4/2/2024 10:50,33.76,80343.04,,,,
B4,265,4/2/2024 10:55,32.86,81326.08,,,,
B4,266,4/2/2024 11:00,32.69,82124.8,,,,
B4,267,4/2/2024 11:05,32.9,83066.88,,,,
B4,268,4/2/2024 11:10,32.94,83783.68,,,,
B4,269,4/2/2024 11:15,32.86,84623.36,,,,
B4,270,4/2/2024 11:20,32.64,85319.68,,,,
B4,271,4/2/2024 11:25,32.86,85934.08,,,,
B4,272,4/2/2024 11:30,32.82,86671.36,,,,
B4,273,4/2/2024 11:35,32.86,87121.92,,,,
B4,274,4/2/2024 11:40,33.16,87695.36,,,,
B4,275,4/2/2024 11:45,33.07,88104.96,,,,
B4,276,4/2/2024 11:50,32.73,88391.68,,,,
B4,277,4/2/2024 11:55,33.2,88801.28,,,,
B4,278,4/2/2024 12:00,33.07,89210.88,,,,
B4,279,4/2/2024 12:05,33.2,89374.72,,,,
B4,280,4/2/2024 12:10,33.46,89743.36,,,,
B4,281,4/2/2024 12:15,33.25,90071.04,,,,
B4,282,4/2/2024 12:20,33.55,90275.84,,,,
B4,283,4/2/2024 12:25,33.5,90439.68,,,,
B4,284,4/2/2024 12:30,33.37,90562.56,,,,
B4,285,4/2/2024 12:35,33.37,90644.48,,,,
B4,286,4/2/2024 12:40,33.55,90562.56,,,,
B4,287,4/2/2024 12:45,33.63,90603.52,,,,
B4,288,4/2/2024 12:50,33.59,90685.44,,,,
B4,289,4/2/2024 12:55,33.59,90521.6,,,,
B4,290,4/2/2024 13:00,33.37,90275.84,,,,
B4,291,4/2/2024 13:05,33.07,90275.84,,,,
B4,292,4/2/2024 13:10,32.94,90030.08,,,,
B4,293,4/2/2024 13:15,33.29,89661.44,,,,
B4,294,4/2/2024 13:20,33.25,89374.72,,,,
B4,295,4/2/2024 13:25,32.77,88965.12,,,,
B4,296,4/2/2024 13:30,32.56,88678.4,,,,
B4,297,4/2/2024 13:35,32.26,88350.72,,,,
B4,298,4/2/2024 13:40,32.26,87818.24,,,,
B4,299,4/2/2024 13:45,32.39,87326.72,,,,
B4,300,4/2/2024 13:50,32.43,86794.24,,,,
B4,301,4/2/2024 13:55,32.47,86302.72,,,,
B4,302,4/2/2024 14:00,32.09,85647.36,,,,
B4,303,4/2/2024 14:05,32.09,85073.92,,,,
B4,304,4/2/2024 14:10,32.17,84500.48,,,,
B4,305,4/2/2024 14:15,32.17,83845.12,,,,
B4,306,4/2/2024 14:20,32.34,83005.44,,,,
B4,307,4/2/2024 14:25,32.22,82288.64,,,,
B4,308,4/2/2024 14:30,32.43,81776.64,,,,
B4,309,4/2/2024 14:35,32.52,81121.28,,,,
B4,310,4/2/2024 14:40,32.47,80261.12,,,,
B4,311,4/2/2024 14:45,32.43,79462.4,,,,
B4,312,4/2/2024 14:50,32.3,78417.92,,,,
B4,313,4/2/2024 14:55,32.17,77332.48,,,,
B4,314,4/2/2024 15:00,32.09,76431.36,,,,
B4,315,4/2/2024 15:05,32.17,75345.92,,,,
B4,316,4/2/2024 15:10,32.04,74260.48,,,,
B4,317,4/2/2024 15:15,31.83,73379.84,,,,
B4,318,4/2/2024 15:20,31.44,72581.12,,,,
B4,319,4/2/2024 15:25,30.46,71659.52,,,,
B4,320,4/2/2024 15:30,27.11,78090.24,,,,
B4,321,4/2/2024 15:35,25.61,75816.96,,,,
B4,322,4/2/2024 15:40,25.05,74301.44,,,,
B4,323,4/2/2024 15:45,24.49,77066.24,,,,
B4,324,4/2/2024 15:50,23.64,77926.4,,,,
B4,325,4/2/2024 15:55,23.76,79380.48,,,,
B4,326,4/2/2024 16:00,23.08,41850.88,,,,
B4,327,4/2/2024 16:05,23.12,89251.84,,,,
B4,328,4/2/2024 16:10,22.86,87531.52,,,,
B4,329,4/2/2024 16:15,22.56,47759.36,,,,
B4,330,4/2/2024 16:20,21.96,69795.84,,,,
B4,331,4/2/2024 16:25,21.53,64962.56,,,,
B4,332,4/2/2024 16:30,21.32,48824.32,,,,
B4,333,4/2/2024 16:35,20.55,36618.24,,,,
B4,334,4/2/2024 16:40,20.63,56565.76,,,,
B4,335,4/2/2024 16:45,20.29,26767.36,,,,
B4,336,4/2/2024 16:50,19.82,20741.12,,,,
B4,337,4/2/2024 16:55,19.39,27678.72,,,,
B4,338,4/2/2024 17:00,19.35,26378.24,,,,
B4,339,4/2/2024 17:05,19.17,21964.8,,,,
B4,340,4/2/2024 17:10,19.09,13767.68,,,,
B4,341,4/2/2024 17:15,19,11427.84,,,,
B4,342,4/2/2024 17:20,18.49,22814.72,,,,
B4,343,4/2/2024 17:25,18.32,18421.76,,,,
B4,344,4/2/2024 17:30,18.23,14822.4,,,,
B4,345,4/2/2024 17:35,18.02,14315.52,,,,
B4,346,4/2/2024 17:40,17.97,14351.36,,,,
B4,347,4/2/2024 17:45,17.76,10716.16,,,,
B4,348,4/2/2024 17:50,17.63,14489.6,,,,
B4,349,4/2/2024 17:55,17.5,14049.28,,,,
B4,350,4/2/2024 18:00,16.99,3592.96,,,,
B4,351,4/2/2024 18:05,16.94,2904.32,,,,
B4,352,4/2/2024 18:10,16.81,2620.16,,,,
B4,353,4/2/2024 18:15,16.77,3013.12,,,,
B4,354,4/2/2024 18:20,16.56,4563.2,,,,
B4,355,4/2/2024 18:25,16.6,3336.96,,,,
B4,356,4/2/2024 18:30,16.43,2474.24,,,,
B4,357,4/2/2024 18:35,16.51,2263.68,,,,
B4,358,4/2/2024 18:40,16.51,1870.72,,,,
B4,359,4/2/2024 18:45,16.51,1900.8,,,,
B4,360,4/2/2024 18:50,16.34,1720.96,,,,
B4,361,4/2/2024 18:55,16.26,1528.96,,,,
B4,362,4/2/2024 19:00,16.34,1120.32,,,,
B4,363,4/2/2024 19:05,16.26,942.72,,,,
B4,364,4/2/2024 19:10,16.39,495.68,,,,
B4,365,4/2/2024 19:15,16.13,305.52,,,,
B4,366,4/2/2024 19:20,16.13,165.2,,,,
B4,367,4/2/2024 19:25,16.26,61.46,,,,
B4,368,4/2/2024 19:30,16.13,25.96,,,,
B4,369,4/2/2024 19:35,16.08,7.59,,,,
B4,370,4/2/2024 19:40,16.04,1.34,,,,
B4,371,4/2/2024 19:45,16,0.22,,,,
B4,372,4/2/2024 19:50,15.91,0,,,,
B4,373,4/2/2024 19:55,16,0,,,,
B4,374,4/2/2024 20:00,15.91,0,,,,
B4,375,4/2/2024 20:05,15.96,0,,,,
B4,376,4/2/2024 20:10,15.91,0,,,,
B4,377,4/2/2024 20:15,15.91,0,,,,
B4,378,4/2/2024 20:20,16,0,,,,
B4,379,4/2/2024 20:25,15.96,0,,,,
B4,380,4/2/2024 20:30,15.87,0,,,,
B4,381,4/2/2024 20:35,15.87,0,,,,
B4,382,4/2/2024 20:40,15.78,0,,,,
B4,383,4/2/2024 20:45,15.74,0,,,,
B4,384,4/2/2024 20:50,15.78,0,,,,
B4,385,4/2/2024 20:55,15.74,0,,,,
B4,386,4/2/2024 21:00,15.78,0,,,,
B4,387,4/2/2024 21:05,15.78,0,,,,
B4,388,4/2/2024 21:10,15.74,0,,,,
B4,389,4/2/2024 21:15,15.74,0,,,,
B4,390,4/2/2024 21:20,15.61,0,,,,
B4,391,4/2/2024 21:25,15.57,0,,,,
B4,392,4/2/2024 21:30,15.61,0,,,,
B4,393,4/2/2024 21:35,15.57,0,,,,
B4,394,4/2/2024 21:40,15.44,0,,,,
B4,395,4/2/2024 21:45,15.4,0,,,,
B4,396,4/2/2024 21:50,15.44,0,,,,
B4,397,4/2/2024 21:55,15.31,0,,,,
B4,398,4/2/2024 22:00,15.31,0,,,,
B4,399,4/2/2024 22:05,15.18,0,,,,
B4,400,4/2/2024 22:10,15.14,0,,,,
B4,401,4/2/2024 22:15,15.23,0,,,,
B4,402,4/2/2024 22:20,15.14,0,,,,
B4,403,4/2/2024 22:25,15.18,0,,,,
B4,404,4/2/2024 22:30,15.18,0,,,,
B4,405,4/2/2024 22:35,15.23,0,,,,
B4,406,4/2/2024 22:40,15.06,0,,,,
B4,407,4/2/2024 22:45,15.01,0,,,,
B4,408,4/2/2024 22:50,15.1,0,,,,
B4,409,4/2/2024 22:55,15.1,0,,,,
B4,410,4/2/2024 23:00,15.06,0,,,,
B4,411,4/2/2024 23:05,14.97,0,,,,
B4,412,4/2/2024 23:10,15.01,0,,,,
B4,413,4/2/2024 23:15,14.97,0,,,,
B4,414,4/2/2024 23:20,14.93,0,,,,
B4,415,4/2/2024 23:25,14.97,0,,,,
B4,416,4/2/2024 23:30,14.97,0,,,,
B4,417,4/2/2024 23:35,14.84,0,,,,
B4,418,4/2/2024 23:40,14.8,0,,,,
B4,419,4/2/2024 23:45,14.88,0,,,,
B4,420,4/2/2024 23:50,14.84,0,,,,
B4,421,4/2/2024 23:55,14.84,0,,,,
B4,422,4/3/2024 0:00,14.84,0,,,,
B4,423,4/3/2024 0:05,14.71,0,,,,
B4,424,4/3/2024 0:10,14.8,0,,,,
B4,425,4/3/2024 0:15,14.71,0,,,,
B4,426,4/3/2024 0:20,14.71,0,,,,
B4,427,4/3/2024 0:25,14.67,0,,,,
B4,428,4/3/2024 0:30,14.63,0,,,,
B4,429,4/3/2024 0:35,14.58,0,,,,
B4,430,4/3/2024 0:40,14.63,0,,,,
B4,431,4/3/2024 0:45,14.58,0,,,,
B4,432,4/3/2024 0:50,14.63,0,,,,
B4,433,4/3/2024 0:55,14.63,0,,,,
B4,434,4/3/2024 1:00,14.58,0,,,,
B4,435,4/3/2024 1:05,14.58,0,,,,
B4,436,4/3/2024 1:10,14.58,0,,,,
B4,437,4/3/2024 1:15,14.58,0,,,,
B4,438,4/3/2024 1:20,14.54,0,,,,
B4,439,4/3/2024 1:25,14.54,0,,,,
B4,440,4/3/2024 1:30,14.54,0,,,,
B4,441,4/3/2024 1:35,14.5,0,,,,
B4,442,4/3/2024 1:40,14.41,0,,,,
B4,443,4/3/2024 1:45,14.5,0,,,,
B4,444,4/3/2024 1:50,14.5,0,,,,
B4,445,4/3/2024 1:55,14.45,0,,,,
B4,446,4/3/2024 2:00,14.45,0,,,,
B4,447,4/3/2024 2:05,14.45,0,,,,
B4,448,4/3/2024 2:10,14.41,0,,,,
B4,449,4/3/2024 2:15,14.41,0,,,,
B4,450,4/3/2024 2:20,14.33,0,,,,
B4,451,4/3/2024 2:25,14.37,0,,,,
B4,452,4/3/2024 2:30,14.37,0,,,,
B4,453,4/3/2024 2:35,14.33,0,,,,
B4,454,4/3/2024 2:40,14.37,0,,,,
B4,455,4/3/2024 2:45,14.33,0,,,,
B4,456,4/3/2024 2:50,14.33,0,,,,
B4,457,4/3/2024 2:55,14.28,0,,,,
B4,458,4/3/2024 3:00,14.28,0,,,,
B4,459,4/3/2024 3:05,14.24,0,,,,
B4,460,4/3/2024 3:10,14.24,0,,,,
B4,461,4/3/2024 3:15,14.24,0,,,,
B4,462,4/3/2024 3:20,14.2,0,,,,
B4,463,4/3/2024 3:25,14.2,0,,,,
B4,464,4/3/2024 3:30,14.2,0,,,,
B4,465,4/3/2024 3:35,14.2,0,,,,
B4,466,4/3/2024 3:40,14.15,0,,,,
B4,467,4/3/2024 3:45,14.2,0,,,,
B4,468,4/3/2024 3:50,14.2,0,,,,
B4,469,4/3/2024 3:55,14.2,0,,,,
B4,470,4/3/2024 4:00,14.2,0,,,,
B4,471,4/3/2024 4:05,14.2,0,,,,
B4,472,4/3/2024 4:10,14.15,0,,,,
B4,473,4/3/2024 4:15,14.15,0,,,,
B4,474,4/3/2024 4:20,14.15,0,,,,
B4,475,4/3/2024 4:25,14.15,0,,,,
B4,476,4/3/2024 4:30,14.2,0,,,,
B4,477,4/3/2024 4:35,14.11,0,,,,
B4,478,4/3/2024 4:40,14.15,0,,,,
B4,479,4/3/2024 4:45,14.11,0,,,,
B4,480,4/3/2024 4:50,14.15,0,,,,
B4,481,4/3/2024 4:55,14.11,0,,,,
B4,482,4/3/2024 5:00,14.15,0,,,,
B4,483,4/3/2024 5:05,14.15,0,,,,
B4,484,4/3/2024 5:10,14.15,0,,,,
B4,485,4/3/2024 5:15,14.15,0,,,,
B4,486,4/3/2024 5:20,14.11,0,,,,
B4,487,4/3/2024 5:25,14.15,0,,,,
B4,488,4/3/2024 5:30,14.15,0,,,,
B4,489,4/3/2024 5:35,14.15,0,,,,
B4,490,4/3/2024 5:40,14.15,0,,,,
B4,491,4/3/2024 5:45,14.11,0,,,,
B4,492,4/3/2024 5:50,14.15,0,,,,
B4,493,4/3/2024 5:55,14.11,0,,,,
B4,494,4/3/2024 6:00,14.11,0,,,,
B4,495,4/3/2024 6:05,14.11,0,,,,
B4,496,4/3/2024 6:10,14.11,0.89,,,,
B4,497,4/3/2024 6:15,14.11,4.91,,,,
B4,498,4/3/2024 6:20,14.11,18.14,,,,
B4,499,4/3/2024 6:25,14.11,44.88,,,,
B4,500,4/3/2024 6:30,14.11,133.64,,,,
B4,501,4/3/2024 6:35,14.11,260.64,,,,
B4,502,4/3/2024 6:40,14.11,417.6,,,,
B4,503,4/3/2024 6:45,14.15,800.64,,,,
B4,504,4/3/2024 6:50,14.11,1026.24,,,,
B4,505,4/3/2024 6:55,14.11,1113.92,,,,
B4,506,4/3/2024 7:00,14.11,2067.2,,,,
B4,507,4/3/2024 7:05,14.15,2149.12,,,,
B4,508,4/3/2024 7:10,14.15,2984.96,,,,
B4,509,4/3/2024 7:15,14.24,3490.56,,,,
B4,510,4/3/2024 7:20,14.24,6177.28,,,,
B4,511,4/3/2024 7:25,14.28,8225.28,,,,
B4,512,4/3/2024 7:30,14.33,6973.44,,,,
B4,513,4/3/2024 7:35,14.37,5013.76,,,,
B4,514,4/3/2024 7:40,14.45,9346.56,,,,
B4,515,4/3/2024 7:45,14.45,7902.72,,,,
B4,516,4/3/2024 7:50,14.5,8417.28,,,,
B4,517,4/3/2024 7:55,14.63,14141.44,,,,
B4,518,4/3/2024 8:00,14.67,12774.4,,,,
B4,519,4/3/2024 8:05,14.84,13998.08,,,,
B4,520,4/3/2024 8:10,14.97,21708.8,,,,
B4,521,4/3/2024 8:15,15.14,12262.4,,,,
B4,522,4/3/2024 8:20,15.44,27279.36,,,,
B4,523,4/3/2024 8:25,15.7,35399.68,,,,
B4,524,4/3/2024 8:30,16.04,20633.6,,,,
B4,525,4/3/2024 8:35,16.43,20782.08,,,,
B4,526,4/3/2024 8:40,16.77,45568,,,,
B4,527,4/3/2024 8:45,17.03,46940.16,,,,
B4,528,4/3/2024 8:50,17.41,43950.08,,,,
B4,529,4/3/2024 8:55,17.76,45137.92,,,,
B4,530,4/3/2024 9:00,18.53,52203.52,,,,
B4,531,4/3/2024 9:05,19,54374.4,,,,
B4,532,4/3/2024 9:10,19.35,55889.92,,,,
B4,533,4/3/2024 9:15,20.33,57446.4,,,,
B4,534,4/3/2024 9:20,20.76,58777.6,,,,
B4,535,4/3/2024 9:25,22.09,60252.16,,,,
B4,536,4/3/2024 9:30,22.61,61849.6,,,,
B4,537,4/3/2024 9:35,23.03,63262.72,,,,
B4,538,4/3/2024 9:40,23.46,64552.96,,,,
B4,539,4/3/2024 9:45,23.81,65679.36,,,,
B4,540,4/3/2024 9:50,24.24,67317.76,,,,
B4,541,4/3/2024 9:55,24.71,68485.12,,,,
B4,542,4/3/2024 10:00,21.36,69365.76,,,,
B4,543,4/3/2024 10:05,24.75,70492.16,,,,
B4,544,4/3/2024 10:10,25.74,71884.8,,,,
B4,545,4/3/2024 10:15,26.34,73093.12,,,,
B4,546,4/3/2024 10:20,26.68,74485.76,,,,
B4,547,4/3/2024 10:25,26.9,75694.08,,,,
B4,548,4/3/2024 10:30,27.28,77066.24,,,,
B4,549,4/3/2024 10:35,27.37,78028.8,,,,
B4,550,4/3/2024 10:40,27.54,79073.28,,,,
B4,551,4/3/2024 10:45,27.8,80097.28,,,,
B4,552,4/3/2024 10:50,28.14,80957.44,,,,
B4,553,4/3/2024 10:55,28.4,81899.52,,,,
B4,554,4/3/2024 11:00,28.35,82821.12,,,,
B4,555,4/3/2024 11:05,28.48,83517.44,,,,
B4,556,4/3/2024 11:10,28.57,84418.56,,,,
B4,557,4/3/2024 11:15,28.65,85278.72,,,,
B4,558,4/3/2024 11:20,28.87,85893.12,,,,
B4,559,4/3/2024 11:25,28.83,86589.44,,,,
B4,560,4/3/2024 11:30,28.74,87162.88,,,,
B4,561,4/3/2024 11:35,28.95,87900.16,,,,
B4,562,4/3/2024 11:40,29.21,88391.68,,,,
B4,563,4/3/2024 11:45,28.61,88801.28,,,,
B4,564,4/3/2024 11:50,29.51,89333.76,,,,
B4,565,4/3/2024 11:55,29.47,89702.4,,,,
B4,566,4/3/2024 12:00,29.3,89784.32,,,,
B4,567,4/3/2024 12:05,29.38,90193.92,,,,
B4,568,4/3/2024 12:10,29.26,90439.68,,,,
B4,569,4/3/2024 12:15,29.68,90808.32,,,,
B4,570,4/3/2024 12:20,29.94,90972.16,,,,
B4,571,4/3/2024 12:25,29.98,91013.12,,,,
B4,572,4/3/2024 12:30,30.03,90972.16,,,,
B4,573,4/3/2024 12:35,30.33,91013.12,,,,
B4,574,4/3/2024 12:40,30.46,91054.08,,,,
B4,575,4/3/2024 12:45,30.71,91176.96,,,,
B4,576,4/3/2024 12:50,30.89,91054.08,,,,
B4,577,4/3/2024 12:55,31.01,90890.24,,,,
B4,578,4/3/2024 13:00,31.53,90849.28,,,,
B4,579,4/3/2024 13:05,31.49,90644.48,,,,
B4,580,4/3/2024 13:10,31.53,90480.64,,,,
B4,581,4/3/2024 13:15,31.7,90030.08,,,,
B4,582,4/3/2024 13:20,31.92,89743.36,,,,
B4,583,4/3/2024 13:25,31.87,89251.84,,,,
B4,584,4/3/2024 13:30,31.96,89128.96,,,,
B4,585,4/3/2024 13:35,32.26,88391.68,,,,
B4,586,4/3/2024 13:40,32.43,87736.32,,,,
B4,587,4/3/2024 13:45,32.34,87367.68,,,,
B4,588,4/3/2024 13:50,32.34,86835.2,,,,
B4,589,4/3/2024 13:55,32.43,86220.8,,,,
B4,590,4/3/2024 14:00,32.52,85729.28,,,,
B4,591,4/3/2024 14:05,32.69,85114.88,,,,
B4,592,4/3/2024 14:10,32.56,84705.28,,,,
B4,593,4/3/2024 14:15,32.73,83845.12,,,,
B4,594,4/3/2024 14:20,32.77,83333.12,,,,
B4,595,4/3/2024 14:25,32.94,82493.44,,,,
B4,596,4/3/2024 14:30,33.03,81838.08,,,,
B4,597,4/3/2024 14:35,32.82,81121.28,,,,
B4,598,4/3/2024 14:40,32.43,80384,,,,
B4,599,4/3/2024 14:45,32.82,78888.96,,,,
B4,600,4/3/2024 14:50,32.77,81858.56,,,,
B4,601,4/3/2024 14:55,32.73,78090.24,,,,
B4,602,4/3/2024 15:00,32.73,77004.8,,,,
B4,603,4/3/2024 15:05,32.77,75980.8,,,,
B4,604,4/3/2024 15:10,32.47,74915.84,,,,
B4,605,4/3/2024 15:15,32.3,74096.64,,,,
B4,606,4/3/2024 15:20,32.3,73482.24,,,,
B4,607,4/3/2024 15:25,32.13,73379.84,,,,
B4,608,4/3/2024 15:30,31.66,72212.48,,,,
B4,609,4/3/2024 15:35,31.4,71802.88,,,,
B4,610,4/3/2024 15:40,31.14,72232.96,,,,
B4,611,4/3/2024 15:45,31.1,73072.64,,,,
B4,612,4/3/2024 15:50,30.76,73768.96,,,,
B4,613,4/3/2024 15:55,30.33,77434.88,,,,
B4,614,4/3/2024 16:00,29.56,76902.4,,,,
B4,615,4/3/2024 16:05,28.91,79544.32,,,,
B4,616,4/3/2024 16:10,25.57,88883.2,,,,
B4,617,4/3/2024 16:15,24.32,77742.08,,,,
B4,618,4/3/2024 16:20,23.76,71208.96,,,,
B4,619,4/3/2024 16:25,23.16,62545.92,,,,
B4,620,4/3/2024 16:30,22.91,59596.8,,,,
B4,621,4/3/2024 16:35,22.39,52162.56,,,,
B4,622,4/3/2024 16:40,22.01,54886.4,,,,
B4,623,4/3/2024 16:45,21.23,54128.64,,,,
B4,624,4/3/2024 16:50,20.63,51855.36,,,,
B4,625,4/3/2024 16:55,20.12,26961.92,,,,
B4,626,4/3/2024 17:00,20.07,22149.12,,,,
B4,627,4/3/2024 17:05,19.99,48680.96,,,,
B4,628,4/3/2024 17:10,19.13,29102.08,,,,
B4,629,4/3/2024 17:15,18.96,25569.28,,,,
B4,630,4/3/2024 17:20,18.83,44830.72,,,,
B4,631,4/3/2024 17:25,18.53,23377.92,,,,
B4,632,4/3/2024 17:30,18.02,6323.2,,,,
B4,633,4/3/2024 17:35,18.06,20003.84,,,,
B4,634,4/3/2024 17:40,17.93,10608.64,,,,
B4,635,4/3/2024 17:45,17.89,12876.8,,,,
B4,636,4/3/2024 17:50,17.72,10618.88,,,,
B4,637,4/3/2024 17:55,17.59,14786.56,,,,
B4,638,4/3/2024 18:00,16.99,4270.08,,,,
B4,639,4/3/2024 18:05,17.03,3673.6,,,,
B4,640,4/3/2024 18:10,16.99,3728.64,,,,
B4,641,4/3/2024 18:15,17.03,3937.28,,,,
B4,642,4/3/2024 18:20,17.03,3183.36,,,,
B4,643,4/3/2024 18:25,16.94,3056.64,,,,
B4,644,4/3/2024 18:30,16.9,2390.4,,,,
B4,645,4/3/2024 18:35,16.69,1986.56,,,,
B4,646,4/3/2024 18:40,16.6,2363.52,,,,
B4,647,4/3/2024 18:45,16.51,1857.92,,,,
B4,648,4/3/2024 18:50,16.56,1356.16,,,,
B4,649,4/3/2024 18:55,16.47,1458.56,,,,
B4,650,4/3/2024 19:00,16.3,1190.72,,,,
B4,651,4/3/2024 19:05,16.21,660.48,,,,
B4,652,4/3/2024 19:10,16.51,582.88,,,,
B4,653,4/3/2024 19:15,16.26,283.84,,,,
B4,654,4/3/2024 19:20,16,69.5,,,,
B4,655,4/3/2024 19:25,15.91,72.7,,,,
B4,656,4/3/2024 19:30,16.04,21.94,,,,
B4,657,4/3/2024 19:35,16.13,6.25,,,,
B4,658,4/3/2024 19:40,15.96,1.56,,,,
B4,659,4/3/2024 19:45,16.08,0.22,,,,
B4,660,4/3/2024 19:50,16,0,,,,
B4,661,4/3/2024 19:55,16,0,,,,
B4,662,4/3/2024 20:00,16.04,0,,,,
B4,663,4/3/2024 20:05,16,0,,,,
B4,664,4/3/2024 20:10,16.13,0,,,,
B4,665,4/3/2024 20:15,15.87,0,,,,
B4,666,4/3/2024 20:20,15.96,0,,,,
B4,667,4/3/2024 20:25,15.96,0,,,,
B4,668,4/3/2024 20:30,16.04,0,,,,
B4,669,4/3/2024 20:35,15.83,0,,,,
B4,670,4/3/2024 20:40,15.83,0,,,,
B4,671,4/3/2024 20:45,15.83,0,,,,
B4,672,4/3/2024 20:50,15.83,0,,,,
B4,673,4/3/2024 20:55,15.83,0,,,,
B4,674,4/3/2024 21:00,15.83,0,,,,
B4,675,4/3/2024 21:05,15.78,0,,,,
B4,676,4/3/2024 21:10,15.7,0,,,,
B4,677,4/3/2024 21:15,15.78,0,,,,
B4,678,4/3/2024 21:20,15.78,0,,,,
B4,679,4/3/2024 21:25,15.7,0,,,,
B4,680,4/3/2024 21:30,15.74,0,,,,
B4,681,4/3/2024 21:35,15.61,0,,,,
B4,682,4/3/2024 21:40,15.66,0,,,,
B4,683,4/3/2024 21:45,15.61,0,,,,
B4,684,4/3/2024 21:50,15.61,0,,,,
B4,685,4/3/2024 21:55,15.66,0,,,,
B4,686,4/3/2024 22:00,15.57,0,,,,
B4,687,4/3/2024 22:05,15.53,0,,,,
B4,688,4/3/2024 22:10,15.53,0,,,,
B4,689,4/3/2024 22:15,15.48,0,,,,
B4,690,4/3/2024 22:20,15.48,0,,,,
B4,691,4/3/2024 22:25,15.48,0,,,,
B4,692,4/3/2024 22:30,15.44,0,,,,
B4,693,4/3/2024 22:35,15.4,0,,,,
B4,694,4/3/2024 22:40,15.44,0,,,,
B4,695,4/3/2024 22:45,15.4,0,,,,
B4,696,4/3/2024 22:50,15.36,0,,,,
B4,697,4/3/2024 22:55,15.36,0,,,,
B4,698,4/3/2024 23:00,15.27,0,,,,
B4,699,4/3/2024 23:05,15.27,0,,,,
B4,700,4/3/2024 23:10,15.27,0,,,,
B4,701,4/3/2024 23:15,15.23,0,,,,
B4,702,4/3/2024 23:20,15.27,0,,,,
B4,703,4/3/2024 23:25,15.23,0,,,,
B4,704,4/3/2024 23:30,15.18,0,,,,
B4,705,4/3/2024 23:35,15.14,0,,,,
B4,706,4/3/2024 23:40,15.1,0,,,,
B4,707,4/3/2024 23:45,15.1,0,,,,
B4,708,4/3/2024 23:50,15.1,0,,,,
B4,709,4/3/2024 23:55,15.06,0,,,,
B4,710,4/4/2024 0:00,15.01,0,,,,
B4,711,4/4/2024 0:05,15.06,0,,,,
B4,712,4/4/2024 0:10,15.01,0,,,,
B4,713,4/4/2024 0:15,14.97,0,,,,
B4,714,4/4/2024 0:20,14.97,0,,,,
B4,715,4/4/2024 0:25,14.93,0,,,,
B4,716,4/4/2024 0:30,14.93,0,,,,
B4,717,4/4/2024 0:35,14.97,0,,,,
B4,718,4/4/2024 0:40,14.88,0,,,,
B4,719,4/4/2024 0:45,14.88,0,,,,
B4,720,4/4/2024 0:50,14.88,0,,,,
B4,721,4/4/2024 0:55,14.88,0,,,,
B4,722,4/4/2024 1:00,14.88,0,,,,
B4,723,4/4/2024 1:05,14.84,0,,,,
B4,724,4/4/2024 1:10,14.8,0,,,,
B4,725,4/4/2024 1:15,14.88,0,,,,
B4,726,4/4/2024 1:20,14.84,0,,,,
B4,727,4/4/2024 1:25,14.8,0,,,,
B4,728,4/4/2024 1:30,14.84,0,,,,
B4,729,4/4/2024 1:35,14.84,0,,,,
B4,730,4/4/2024 1:40,14.8,0,,,,
B4,731,4/4/2024 1:45,14.75,0,,,,
B4,732,4/4/2024 1:50,14.8,0,,,,
B4,733,4/4/2024 1:55,14.8,0,,,,
B4,734,4/4/2024 2:00,14.8,0,,,,
B4,735,4/4/2024 2:05,14.75,0,,,,
B4,736,4/4/2024 2:10,14.75,0,,,,
B4,737,4/4/2024 2:15,14.75,0,,,,
B4,738,4/4/2024 2:20,14.75,0,,,,
B4,739,4/4/2024 2:25,14.75,0,,,,
B4,740,4/4/2024 2:30,14.71,0,,,,
B4,741,4/4/2024 2:35,14.71,0,,,,
B4,742,4/4/2024 2:40,14.71,0,,,,
B4,743,4/4/2024 2:45,14.71,0,,,,
B4,744,4/4/2024 2:50,14.75,0,,,,
B4,745,4/4/2024 2:55,14.71,0,,,,
B4,746,4/4/2024 3:00,14.67,0,,,,
B4,747,4/4/2024 3:05,14.71,0,,,,
B4,748,4/4/2024 3:10,14.71,0,,,,
B4,749,4/4/2024 3:15,14.71,0,,,,
B4,750,4/4/2024 3:20,14.67,0,,,,
B4,751,4/4/2024 3:25,14.67,0,,,,
B4,752,4/4/2024 3:30,14.67,0,,,,
B4,753,4/4/2024 3:35,14.63,0,,,,
B4,754,4/4/2024 3:40,14.63,0,,,,
B4,755,4/4/2024 3:45,14.67,0,,,,
B4,756,4/4/2024 3:50,14.63,0,,,,
B4,757,4/4/2024 3:55,14.63,0,,,,
B4,758,4/4/2024 4:00,14.58,0,,,,
B4,759,4/4/2024 4:05,14.58,0,,,,
B4,760,4/4/2024 4:10,14.63,0,,,,
B4,761,4/4/2024 4:15,14.58,0,,,,
B4,762,4/4/2024 4:20,14.58,0,,,,
B4,763,4/4/2024 4:25,14.58,0,,,,
B4,764,4/4/2024 4:30,14.58,0,,,,
B4,765,4/4/2024 4:35,14.54,0,,,,
B4,766,4/4/2024 4:40,14.5,0,,,,
B4,767,4/4/2024 4:45,14.54,0,,,,
B4,768,4/4/2024 4:50,14.54,0,,,,
B4,769,4/4/2024 4:55,14.54,0,,,,
B4,770,4/4/2024 5:00,14.5,0,,,,
B4,771,4/4/2024 5:05,14.5,0,,,,
B4,772,4/4/2024 5:10,14.54,0,,,,
B4,773,4/4/2024 5:15,14.54,0,,,,
B4,774,4/4/2024 5:20,14.54,0,,,,
B4,775,4/4/2024 5:25,14.54,0,,,,
B4,776,4/4/2024 5:30,14.5,0,,,,
B4,777,4/4/2024 5:35,14.45,0,,,,
B4,778,4/4/2024 5:40,14.5,0,,,,
B4,779,4/4/2024 5:45,14.5,0,,,,
B4,780,4/4/2024 5:50,14.5,0,,,,
B4,781,4/4/2024 5:55,14.45,0,,,,
B4,782,4/4/2024 6:00,14.5,0,,,,
B4,783,4/4/2024 6:05,14.54,0,,,,
B4,784,4/4/2024 6:10,14.5,0.44,,,,
B4,785,4/4/2024 6:15,14.5,2.23,,,,
B4,786,4/4/2024 6:20,14.5,9.15,,,,
B4,787,4/4/2024 6:25,14.54,30.43,,,,
B4,788,4/4/2024 6:30,14.5,68.62,,,,
B4,789,4/4/2024 6:35,14.5,107.76,,,,
B4,790,4/4/2024 6:40,14.54,142.6,,,,
B4,791,4/4/2024 6:45,14.45,242.48,,,,
B4,792,4/4/2024 6:50,14.54,349.92,,,,
B4,793,4/4/2024 6:55,14.58,416.64,,,,
B4,794,4/4/2024 7:00,14.5,694.08,,,,
B4,795,4/4/2024 7:05,14.54,1089.92,,,,
B4,796,4/4/2024 7:10,14.58,797.12,,,,
B4,797,4/4/2024 7:15,14.54,1022.72,,,,
B4,798,4/4/2024 7:20,14.54,2433.28,,,,
B4,799,4/4/2024 7:25,14.58,4098.56,,,,
B4,800,4/4/2024 7:30,14.63,5134.08,,,,
B4,801,4/4/2024 7:35,14.63,5708.8,,,,
B4,802,4/4/2024 7:40,14.67,6684.16,,,,
B4,803,4/4/2024 7:45,14.71,8768,,,,
B4,804,4/4/2024 7:50,14.71,7989.76,,,,
B4,805,4/4/2024 7:55,14.75,8926.72,,,,
B4,806,4/4/2024 8:00,14.71,8911.36,,,,
B4,807,4/4/2024 8:05,14.71,7388.16,,,,
B4,808,4/4/2024 8:10,14.75,8117.76,,,,
B4,809,4/4/2024 8:15,14.71,6709.76,,,,
B4,810,4/4/2024 8:20,14.75,9832.96,,,,
B4,811,4/4/2024 8:25,14.84,9290.24,,,,
B4,812,4/4/2024 8:30,14.8,9925.12,,,,
B4,813,4/4/2024 8:35,14.84,10447.36,,,,
B4,814,4/4/2024 8:40,14.8,9111.04,,,,
B4,815,4/4/2024 8:45,14.88,13020.16,,,,
B4,816,4/4/2024 8:50,14.97,11084.8,,,,
B4,817,4/4/2024 8:55,14.88,9784.32,,,,
B4,818,4/4/2024 9:00,14.88,11581.44,,,,
B4,819,4/4/2024 9:05,14.97,11417.6,,,,
B4,820,4/4/2024 9:10,15.1,19814.4,,,,
B4,821,4/4/2024 9:15,15.14,16230.4,,,,
B4,822,4/4/2024 9:20,15.14,18304,,,,
B4,823,4/4/2024 9:25,15.01,9861.12,,,,
B4,824,4/4/2024 9:30,14.97,8296.96,,,,
B4,825,4/4/2024 9:35,14.93,5888,,,,
B4,826,4/4/2024 9:40,14.93,8468.48,,,,
B4,827,4/4/2024 9:45,15.06,11683.84,,,,
B4,828,4/4/2024 9:50,15.23,17423.36,,,,
B4,829,4/4/2024 9:55,15.48,22005.76,,,,
B4,830,4/4/2024 10:00,16,28405.76,,,,
B4,831,4/4/2024 10:05,16.08,25958.4,,,,
B4,832,4/4/2024 10:10,15.96,23797.76,,,,
B4,833,4/4/2024 10:15,15.61,18329.6,,,,
B4,834,4/4/2024 10:20,15.44,19696.64,,,,
B4,835,4/4/2024 10:25,15.23,16865.28,,,,
B4,836,4/4/2024 10:30,15.23,17771.52,,,,
B4,837,4/4/2024 10:35,16.13,26992.64,,,,
B4,838,4/4/2024 10:40,16.39,19788.8,,,,
B4,839,4/4/2024 10:45,20.2,69468.16,,,,
B4,840,4/4/2024 10:47,,,Logged,,,
B4,841,4/4/2024 10:47,,,,Logged,,
B4,842,4/4/2024 10:47,,,,,Logged,Logged
