#,Date-Time (PDT),Ch:1 - Temperature   (Â°C),Ch:2 - Light   (lux),Button Down,Button Up,Host Connected,End of File
1,04/27/2024 07:40:00,16.08,2194.56,,,,
2,04/27/2024 07:45:00,15.06,5588.48,,,,
3,04/27/2024 07:50:00,14.50,6796.80,,,,
4,04/27/2024 07:55:00,14.33,5834.24,,,,
5,04/27/2024 08:00:00,13.85,5944.32,,,,
6,04/27/2024 08:05:00,13.77,5706.24,,,,
7,04/27/2024 08:10:00,13.34,4613.12,,,,
8,04/27/2024 08:15:00,13.17,5034.24,,,,
9,04/27/2024 08:20:00,13.00,4430.08,,,,
10,04/27/2024 08:25:00,12.82,4692.48,,,,
11,04/27/2024 08:30:00,12.74,4789.76,,,,
12,04/27/2024 08:35:00,12.74,4816.64,,,,
13,04/27/2024 08:40:00,12.65,4930.56,,,,
14,04/27/2024 08:45:00,12.48,5017.60,,,,
15,04/27/2024 08:50:00,12.48,4395.52,,,,
16,04/27/2024 08:55:00,12.52,4285.44,,,,
17,04/27/2024 09:00:00,12.57,5227.52,,,,
18,04/27/2024 09:05:00,12.57,4133.12,,,,
19,04/27/2024 09:10:00,12.57,3829.76,,,,
20,04/27/2024 09:15:00,12.65,6159.36,,,,
21,04/27/2024 09:20:00,12.70,4643.84,,,,
22,04/27/2024 09:25:00,12.74,9274.88,,,,
23,04/27/2024 09:30:00,12.87,10019.84,,,,
24,04/27/2024 09:35:00,12.91,8253.44,,,,
25,04/27/2024 09:40:00,13.04,7680.00,,,,
26,04/27/2024 09:45:00,13.00,22364.16,,,,
27,04/27/2024 09:50:00,13.12,16440.32,,,,
28,04/27/2024 09:55:00,13.08,8081.92,,,,
29,04/27/2024 10:00:00,13.12,10014.72,,,,
30,04/27/2024 10:05:00,13.21,3098.88,,,,
31,04/27/2024 10:10:00,13.30,24893.44,,,,
32,04/27/2024 10:15:00,13.38,14003.20,,,,
33,04/27/2024 10:20:00,13.43,13491.20,,,,
34,04/27/2024 10:25:00,13.47,5064.96,,,,
35,04/27/2024 10:30:00,13.47,17459.20,,,,
36,04/27/2024 10:35:00,13.47,3575.04,,,,
37,04/27/2024 10:40:00,13.51,1657.60,,,,
38,04/27/2024 10:45:00,13.64,13271.04,,,,
39,04/27/2024 10:50:00,13.64,29235.20,,,,
40,04/27/2024 10:55:00,13.73,4951.04,,,,
41,04/27/2024 11:00:00,13.73,24719.36,,,,
42,04/27/2024 11:05:00,13.81,10711.04,,,,
43,04/27/2024 11:10:00,13.90,6341.12,,,,
44,04/27/2024 11:15:00,13.90,13747.20,,,,
45,04/27/2024 11:20:00,13.90,12738.56,,,,
46,04/27/2024 11:25:00,13.98,21739.52,,,,
47,04/27/2024 11:30:00,13.98,17126.40,,,,
48,04/27/2024 11:35:00,13.94,6720.00,,,,
49,04/27/2024 11:40:00,13.98,10462.72,,,,
50,04/27/2024 11:45:00,14.07,13731.84,,,,
51,04/27/2024 11:50:00,14.03,25169.92,,,,
52,04/27/2024 11:55:00,13.90,29173.76,,,,
53,04/27/2024 12:00:00,13.94,12426.24,,,,
54,04/27/2024 12:05:00,13.94,15498.24,,,,
55,04/27/2024 12:10:00,13.94,25702.40,,,,
56,04/27/2024 12:15:00,13.98,7024.64,,,,
57,04/27/2024 12:20:00,13.90,20787.20,,,,
58,04/27/2024 12:25:00,13.98,10357.76,,,,
59,04/27/2024 12:30:00,14.07,24320.00,,,,
60,04/27/2024 12:35:00,14.07,7224.32,,,,
61,04/27/2024 12:40:00,13.94,2526.08,,,,
62,04/27/2024 12:45:00,14.07,17602.56,,,,
63,04/27/2024 12:50:00,14.07,15656.96,,,,
64,04/27/2024 12:55:00,14.15,7329.28,,,,
65,04/27/2024 13:00:00,14.28,8737.28,,,,
66,04/27/2024 13:05:00,14.24,17423.36,,,,
67,04/27/2024 13:10:00,14.28,11412.48,,,,
68,04/27/2024 13:15:00,14.28,12835.84,,,,
69,04/27/2024 13:20:00,14.33,22855.68,,,,
70,04/27/2024 13:25:00,14.33,12564.48,,,,
71,04/27/2024 13:30:00,14.41,9108.48,,,,
72,04/27/2024 13:35:00,14.45,10967.04,,,,
73,04/27/2024 13:40:00,14.58,22548.48,,,,
74,04/27/2024 13:45:00,14.58,30187.52,,,,
75,04/27/2024 13:50:00,14.58,26265.60,,,,
76,04/27/2024 13:55:00,14.63,30044.16,,,,
77,04/27/2024 14:00:00,14.50,5767.68,,,,
78,04/27/2024 14:05:00,14.54,15354.88,,,,
79,04/27/2024 14:10:00,14.67,21299.20,,,,
80,04/27/2024 14:15:00,14.71,18647.04,,,,
81,04/27/2024 14:20:00,14.71,6579.20,,,,
82,04/27/2024 14:25:00,14.88,6853.12,,,,
83,04/27/2024 14:30:00,14.75,19031.04,,,,
84,04/27/2024 14:35:00,14.93,33280.00,,,,
85,04/27/2024 14:40:00,14.88,9812.48,,,,
86,04/27/2024 14:45:00,14.93,21524.48,,,,
87,04/27/2024 14:50:00,14.88,4924.16,,,,
88,04/27/2024 14:55:00,14.93,4972.80,,,,
89,04/27/2024 15:00:00,14.88,6120.96,,,,
90,04/27/2024 15:05:00,14.84,24893.44,,,,
91,04/27/2024 15:10:00,15.06,15441.92,,,,
92,04/27/2024 15:15:00,15.06,32245.76,,,,
93,04/27/2024 15:20:00,14.97,13388.80,,,,
94,04/27/2024 15:25:00,15.06,4537.60,,,,
95,04/27/2024 15:30:00,15.10,11171.84,,,,
96,04/27/2024 15:35:00,15.14,12503.04,,,,
97,04/27/2024 15:40:00,15.14,15508.48,,,,
98,04/27/2024 15:45:00,15.18,25180.16,,,,
99,04/27/2024 15:50:00,15.23,5706.24,,,,
100,04/27/2024 15:55:00,15.23,17832.96,,,,
101,04/27/2024 16:00:00,15.14,4092.16,,,,
102,04/27/2024 16:05:00,15.14,4712.96,,,,
103,04/27/2024 16:10:00,15.18,10475.52,,,,
104,04/27/2024 16:15:00,15.18,11079.68,,,,
105,04/27/2024 16:20:00,15.27,11095.04,,,,
106,04/27/2024 16:25:00,15.14,5034.24,,,,
107,04/27/2024 16:30:00,15.27,7569.92,,,,
108,04/27/2024 16:35:00,15.23,7569.92,,,,
109,04/27/2024 16:40:00,15.10,4204.80,,,,
110,04/27/2024 16:45:00,15.18,1594.24,,,,
111,04/27/2024 16:50:00,15.31,16143.36,,,,
112,04/27/2024 16:55:00,15.27,1218.88,,,,
113,04/27/2024 17:00:00,15.18,5913.60,,,,
114,04/27/2024 17:05:00,15.27,11233.28,,,,
115,04/27/2024 17:10:00,15.23,5386.24,,,,
116,04/27/2024 17:15:00,15.18,2752.00,,,,
117,04/27/2024 17:20:00,15.18,2412.16,,,,
118,04/27/2024 17:25:00,15.10,3362.56,,,,
119,04/27/2024 17:30:00,15.14,3984.64,,,,
120,04/27/2024 17:35:00,15.14,8867.84,,,,
121,04/27/2024 17:40:00,15.10,3165.44,,,,
122,04/27/2024 17:45:00,15.10,6551.04,,,,
123,04/27/2024 17:50:00,15.01,1018.88,,,,
124,04/27/2024 17:55:00,14.93,1279.36,,,,
125,04/27/2024 18:00:00,14.88,798.72,,,,
126,04/27/2024 18:05:00,14.84,1657.60,,,,
127,04/27/2024 18:10:00,14.84,1304.32,,,,
128,04/27/2024 18:15:00,14.88,1075.84,,,,
129,04/27/2024 18:20:00,14.80,597.44,,,,
130,04/27/2024 18:25:00,14.84,684.80,,,,
131,04/27/2024 18:30:00,14.80,407.52,,,,
132,04/27/2024 18:35:00,14.75,373.76,,,,
133,04/27/2024 18:40:00,14.71,839.68,,,,
134,04/27/2024 18:45:00,14.75,1090.24,,,,
135,04/27/2024 18:50:00,14.71,717.76,,,,
136,04/27/2024 18:55:00,14.71,334.72,,,,
137,04/27/2024 19:00:00,14.67,569.28,,,,
138,04/27/2024 19:05:00,14.67,517.60,,,,
139,04/27/2024 19:10:00,14.63,361.44,,,,
140,04/27/2024 19:15:00,14.67,294.80,,,,
141,04/27/2024 19:20:00,14.63,339.84,,,,
142,04/27/2024 19:25:00,14.58,190.88,,,,
143,04/27/2024 19:30:00,14.63,161.20,,,,
144,04/27/2024 19:35:00,14.63,5.82,,,,
145,04/27/2024 19:40:00,14.58,25.55,,,,
146,04/27/2024 19:45:00,14.58,16.85,,,,
147,04/27/2024 19:50:00,14.58,3.88,,,,
148,04/27/2024 19:55:00,14.63,1.50,,,,
149,04/27/2024 20:00:00,14.58,0.21,,,,
150,04/27/2024 20:05:00,14.58,0.00,,,,
151,04/27/2024 20:10:00,14.58,0.00,,,,
152,04/27/2024 20:15:00,14.58,0.00,,,,
153,04/27/2024 20:20:00,14.58,0.21,,,,
154,04/27/2024 20:25:00,14.54,0.00,,,,
155,04/27/2024 20:30:00,14.58,0.00,,,,
156,04/27/2024 20:35:00,14.58,0.00,,,,
157,04/27/2024 20:40:00,14.58,0.00,,,,
158,04/27/2024 20:45:00,14.58,0.00,,,,
159,04/27/2024 20:50:00,14.54,0.00,,,,
160,04/27/2024 20:55:00,14.58,0.00,,,,
161,04/27/2024 21:00:00,14.58,0.00,,,,
162,04/27/2024 21:05:00,14.58,0.00,,,,
163,04/27/2024 21:10:00,14.54,0.00,,,,
164,04/27/2024 21:15:00,14.58,0.00,,,,
165,04/27/2024 21:20:00,14.58,0.00,,,,
166,04/27/2024 21:25:00,14.54,0.00,,,,
167,04/27/2024 21:30:00,14.63,0.00,,,,
168,04/27/2024 21:35:00,14.58,0.00,,,,
169,04/27/2024 21:40:00,14.58,0.00,,,,
170,04/27/2024 21:45:00,14.58,0.00,,,,
171,04/27/2024 21:50:00,14.54,0.00,,,,
172,04/27/2024 21:55:00,14.58,0.00,,,,
173,04/27/2024 22:00:00,14.54,0.00,,,,
174,04/27/2024 22:05:00,14.54,0.00,,,,
175,04/27/2024 22:10:00,14.50,0.00,,,,
176,04/27/2024 22:15:00,14.54,0.00,,,,
177,04/27/2024 22:20:00,14.58,0.00,,,,
178,04/27/2024 22:25:00,14.54,0.00,,,,
179,04/27/2024 22:30:00,14.54,0.00,,,,
180,04/27/2024 22:35:00,14.58,0.00,,,,
181,04/27/2024 22:40:00,14.54,0.00,,,,
182,04/27/2024 22:45:00,14.54,0.00,,,,
183,04/27/2024 22:50:00,14.54,0.00,,,,
184,04/27/2024 22:55:00,14.58,0.00,,,,
185,04/27/2024 23:00:00,14.58,0.00,,,,
186,04/27/2024 23:05:00,14.54,0.00,,,,
187,04/27/2024 23:10:00,14.58,0.00,,,,
188,04/27/2024 23:15:00,14.54,0.00,,,,
189,04/27/2024 23:20:00,14.54,0.00,,,,
190,04/27/2024 23:25:00,14.54,0.00,,,,
191,04/27/2024 23:30:00,14.50,0.21,,,,
192,04/27/2024 23:35:00,14.54,0.00,,,,
193,04/27/2024 23:40:00,14.54,0.00,,,,
194,04/27/2024 23:45:00,14.50,0.00,,,,
195,04/27/2024 23:50:00,14.54,0.00,,,,
196,04/27/2024 23:55:00,14.50,0.00,,,,
197,04/28/2024 00:00:00,14.54,0.00,,,,
198,04/28/2024 00:05:00,14.54,0.00,,,,
199,04/28/2024 00:10:00,14.50,0.00,,,,
200,04/28/2024 00:15:00,14.50,0.00,,,,
201,04/28/2024 00:20:00,14.54,0.00,,,,
202,04/28/2024 00:25:00,14.45,0.00,,,,
203,04/28/2024 00:30:00,14.45,0.00,,,,
204,04/28/2024 00:35:00,14.45,0.00,,,,
205,04/28/2024 00:40:00,14.45,0.00,,,,
206,04/28/2024 00:45:00,14.41,0.00,,,,
207,04/28/2024 00:50:00,14.37,0.00,,,,
208,04/28/2024 00:55:00,14.37,0.00,,,,
209,04/28/2024 01:00:00,14.37,0.00,,,,
210,04/28/2024 01:05:00,14.33,0.00,,,,
211,04/28/2024 01:10:00,14.33,0.00,,,,
212,04/28/2024 01:15:00,14.33,0.00,,,,
213,04/28/2024 01:20:00,14.28,0.00,,,,
214,04/28/2024 01:25:00,14.20,0.00,,,,
215,04/28/2024 01:30:00,14.15,0.00,,,,
216,04/28/2024 01:35:00,14.15,0.00,,,,
217,04/28/2024 01:40:00,14.15,0.00,,,,
218,04/28/2024 01:45:00,14.11,0.00,,,,
219,04/28/2024 01:50:00,14.11,0.00,,,,
220,04/28/2024 01:55:00,14.03,0.00,,,,
221,04/28/2024 02:00:00,13.98,0.00,,,,
222,04/28/2024 02:05:00,13.94,0.00,,,,
223,04/28/2024 02:10:00,13.81,0.00,,,,
224,04/28/2024 02:15:00,13.81,0.00,,,,
225,04/28/2024 02:20:00,13.81,0.00,,,,
226,04/28/2024 02:25:00,13.73,0.00,,,,
227,04/28/2024 02:30:00,13.55,0.00,,,,
228,04/28/2024 02:35:00,13.55,0.00,,,,
229,04/28/2024 02:40:00,13.51,0.21,,,,
230,04/28/2024 02:45:00,13.47,0.00,,,,
231,04/28/2024 02:50:00,13.43,0.00,,,,
232,04/28/2024 02:55:00,13.43,0.00,,,,
233,04/28/2024 03:00:00,13.43,0.00,,,,
234,04/28/2024 03:05:00,13.43,0.00,,,,
235,04/28/2024 03:10:00,13.34,0.00,,,,
236,04/28/2024 03:15:00,13.38,0.00,,,,
237,04/28/2024 03:20:00,13.34,0.00,,,,
238,04/28/2024 03:25:00,13.30,0.00,,,,
239,04/28/2024 03:30:00,13.30,0.00,,,,
240,04/28/2024 03:35:00,13.25,0.00,,,,
241,04/28/2024 03:40:00,13.25,0.00,,,,
242,04/28/2024 03:45:00,13.21,0.00,,,,
243,04/28/2024 03:50:00,13.25,0.00,,,,
244,04/28/2024 03:55:00,13.17,0.00,,,,
245,04/28/2024 04:00:00,13.17,0.00,,,,
246,04/28/2024 04:05:00,13.17,0.00,,,,
247,04/28/2024 04:10:00,13.17,0.00,,,,
248,04/28/2024 04:15:00,13.12,0.00,,,,
249,04/28/2024 04:20:00,13.08,0.00,,,,
250,04/28/2024 04:25:00,13.08,0.00,,,,
251,04/28/2024 04:30:00,13.08,0.00,,,,
252,04/28/2024 04:35:00,13.04,0.00,,,,
253,04/28/2024 04:40:00,13.00,0.00,,,,
254,04/28/2024 04:45:00,13.04,0.00,,,,
255,04/28/2024 04:50:00,13.04,0.00,,,,
256,04/28/2024 04:55:00,13.00,0.00,,,,
257,04/28/2024 05:00:00,12.95,0.00,,,,
258,04/28/2024 05:05:00,12.95,0.00,,,,
259,04/28/2024 05:10:00,12.91,0.00,,,,
260,04/28/2024 05:15:00,12.65,0.00,,,,
261,04/28/2024 05:20:00,12.40,0.00,,,,
262,04/28/2024 05:25:00,12.14,0.00,,,,
263,04/28/2024 05:30:00,11.88,0.00,,,,
264,04/28/2024 05:35:00,11.62,0.21,,,,
265,04/28/2024 05:40:00,11.54,1.07,,,,
266,04/28/2024 05:45:00,11.58,3.88,,,,
267,04/28/2024 05:50:00,11.58,12.56,,,,
268,04/28/2024 05:55:00,11.54,37.25,,,,
269,04/28/2024 06:00:00,11.41,91.12,,,,
270,04/28/2024 06:05:00,11.45,193.68,,,,
271,04/28/2024 06:10:00,11.41,359.20,,,,
272,04/28/2024 06:15:00,11.41,570.24,,,,
273,04/28/2024 06:20:00,11.41,829.44,,,,
274,04/28/2024 06:25:00,11.41,1094.72,,,,
275,04/28/2024 06:30:00,11.67,1406.08,,,,
276,04/28/2024 06:35:00,11.75,1640.32,,,,
277,04/28/2024 06:40:00,11.79,1890.56,,,,
278,04/28/2024 06:45:00,11.88,2120.32,,,,
279,04/28/2024 06:50:00,12.10,2503.68,,,,
280,04/28/2024 06:55:00,12.18,2513.92,,,,
281,04/28/2024 07:00:00,12.27,2680.32,,,,
282,04/28/2024 07:05:00,12.31,2851.84,,,,
283,04/28/2024 07:10:00,12.35,2990.08,,,,
284,04/28/2024 07:15:00,12.48,3129.60,,,,
285,04/28/2024 07:20:00,12.61,3312.64,,,,
286,04/28/2024 07:25:00,12.65,3416.32,,,,
287,04/28/2024 07:30:00,12.78,3609.60,,,,
288,04/28/2024 07:35:00,12.91,3622.40,,,,
289,04/28/2024 07:40:00,13.04,3733.76,,,,
290,04/28/2024 07:45:00,13.12,3799.04,,,,
291,04/28/2024 07:50:00,13.25,3874.56,,,,
292,04/28/2024 07:55:00,13.30,3939.84,,,,
293,04/28/2024 08:00:00,13.43,4043.52,,,,
294,04/28/2024 08:05:00,13.55,4154.88,,,,
295,04/28/2024 08:10:00,13.68,4234.24,,,,
296,04/28/2024 08:15:00,13.77,4285.44,,,,
297,04/28/2024 08:20:00,13.90,4354.56,,,,
298,04/28/2024 08:25:00,13.94,4440.32,,,,
299,04/28/2024 08:30:00,13.98,4519.68,,,,
300,04/28/2024 08:35:00,14.03,4609.28,,,,
301,04/28/2024 08:40:00,14.07,4665.60,,,,
302,04/28/2024 08:45:00,14.15,4720.64,,,,
303,04/28/2024 08:50:00,14.28,4792.32,,,,
304,04/28/2024 08:55:00,14.41,4865.28,,,,
305,04/28/2024 09:00:00,14.45,5062.40,,,,
306,04/28/2024 09:05:00,14.45,5207.04,,,,
307,04/28/2024 09:10:00,14.54,5345.28,,,,
308,04/28/2024 09:15:00,14.58,5652.48,,,,
309,04/28/2024 09:20:00,14.58,5821.44,,,,
310,04/28/2024 09:25:00,14.63,6000.64,,,,
311,04/28/2024 09:30:00,14.75,5982.72,,,,
312,04/28/2024 09:35:00,14.93,6438.40,,,,
313,04/28/2024 09:40:00,15.10,6901.76,,,,
314,04/28/2024 09:45:00,15.40,7431.68,,,,
315,04/28/2024 09:50:00,15.83,9144.32,,,,
316,04/28/2024 09:55:00,16.26,14264.32,,,,
317,04/28/2024 10:00:00,16.60,41256.96,,,,
318,04/28/2024 10:05:00,16.81,14028.80,,,,
319,04/28/2024 10:10:00,16.77,38205.44,,,,
320,04/28/2024 10:15:00,17.03,17341.44,,,,
321,04/28/2024 10:20:00,16.73,24535.04,,,,
322,04/28/2024 10:25:00,16.51,53166.08,,,,
323,04/28/2024 10:30:00,16.39,21934.08,,,,
324,04/28/2024 10:35:00,16.34,42598.40,,,,
325,04/28/2024 10:40:00,16.34,19742.72,,,,
326,04/28/2024 10:45:00,16.39,25036.80,,,,
327,04/28/2024 10:50:00,16.26,62320.64,,,,
328,04/28/2024 10:55:00,16.30,24064.00,,,,
329,04/28/2024 11:00:00,16.34,24463.36,,,,
330,04/28/2024 11:05:00,16.39,22364.16,,,,
331,04/28/2024 11:10:00,16.39,29122.56,,,,
332,04/28/2024 11:15:00,16.39,10227.20,,,,
333,04/28/2024 11:20:00,16.39,20531.20,,,,
334,04/28/2024 11:25:00,16.64,12953.60,,,,
335,04/28/2024 11:30:00,16.60,19123.20,,,,
336,04/28/2024 11:35:00,16.69,12006.40,,,,
337,04/28/2024 11:40:00,16.64,8591.36,,,,
338,04/28/2024 11:45:00,16.69,38277.12,,,,
339,04/28/2024 11:50:00,16.73,10137.60,,,,
340,04/28/2024 11:55:00,16.64,12584.96,,,,
341,04/28/2024 12:00:00,16.86,10833.92,,,,
342,04/28/2024 12:05:00,16.73,11924.48,,,,
343,04/28/2024 12:10:00,16.77,27340.80,,,,
344,04/28/2024 12:15:00,16.81,20935.68,,,,
345,04/28/2024 12:20:00,16.90,8588.80,,,,
346,04/28/2024 12:25:00,16.94,13020.16,,,,
347,04/28/2024 12:30:00,16.94,22312.96,,,,
348,04/28/2024 12:35:00,16.99,8847.36,,,,
349,04/28/2024 12:40:00,16.94,3258.88,,,,
350,04/28/2024 12:45:00,17.07,26798.08,,,,
351,04/28/2024 12:50:00,17.03,22497.28,,,,
352,04/28/2024 12:55:00,17.03,3336.96,,,,
353,04/28/2024 13:00:00,17.20,33976.32,,,,
354,04/28/2024 13:05:00,17.11,11212.80,,,,
355,04/28/2024 13:10:00,17.20,5167.36,,,,
356,04/28/2024 13:15:00,17.29,2030.72,,,,
357,04/28/2024 13:20:00,17.16,6686.72,,,,
358,04/28/2024 13:25:00,17.24,14894.08,,,,
359,04/28/2024 13:30:00,17.16,17464.32,,,,
360,04/28/2024 13:35:00,17.20,24043.52,,,,
361,04/28/2024 13:40:00,17.29,38082.56,,,,
362,04/28/2024 13:45:00,17.11,7403.52,,,,
363,04/28/2024 13:50:00,17.20,33556.48,,,,
364,04/28/2024 13:55:00,17.24,2677.76,,,,
365,04/28/2024 14:00:00,17.24,4509.44,,,,
366,04/28/2024 14:05:00,17.33,2145.92,,,,
367,04/28/2024 14:10:00,17.41,4537.60,,,,
368,04/28/2024 14:15:00,17.24,30013.44,,,,
369,04/28/2024 14:20:00,17.24,9274.88,,,,
370,04/28/2024 14:25:00,17.24,26910.72,,,,
371,04/28/2024 14:30:00,17.37,5949.44,,,,
372,04/28/2024 14:35:00,17.33,28897.28,,,,
373,04/28/2024 14:40:00,17.16,8970.24,,,,
374,04/28/2024 14:45:00,17.20,4147.20,,,,
375,04/28/2024 14:50:00,17.33,590.08,,,,
376,04/28/2024 14:55:00,17.41,26296.32,,,,
377,04/28/2024 15:00:00,17.37,36474.88,,,,
378,04/28/2024 15:05:00,17.37,7976.96,,,,
379,04/28/2024 15:10:00,17.50,30013.44,,,,
380,04/28/2024 15:15:00,17.29,8916.48,,,,
381,04/28/2024 15:20:00,17.33,13296.64,,,,
382,04/28/2024 15:25:00,17.37,17182.72,,,,
383,04/28/2024 15:30:00,17.59,22988.80,,,,
384,04/28/2024 15:35:00,17.29,7562.24,,,,
385,04/28/2024 15:40:00,17.50,25159.68,,,,
386,04/28/2024 15:45:00,17.37,11960.32,,,,
387,04/28/2024 15:50:00,17.41,19573.76,,,,
388,04/28/2024 15:55:00,17.24,788.48,,,,
389,04/28/2024 16:00:00,17.24,4495.36,,,,
390,04/28/2024 16:05:00,17.33,6776.32,,,,
391,04/28/2024 16:10:00,17.16,4299.52,,,,
392,04/28/2024 16:15:00,17.41,11197.44,,,,
393,04/28/2024 16:20:00,17.24,12206.08,,,,
394,04/28/2024 16:25:00,17.16,9950.72,,,,
395,04/28/2024 16:30:00,17.20,10199.04,,,,
396,04/28/2024 16:35:00,17.16,995.52,,,,
397,04/28/2024 16:40:00,17.16,6976.00,,,,
398,04/28/2024 16:45:00,17.24,4499.20,,,,
399,04/28/2024 16:50:00,17.20,10206.72,,,,
400,04/28/2024 16:55:00,17.24,5632.00,,,,
401,04/28/2024 17:00:00,17.20,8826.88,,,,
402,04/28/2024 17:05:00,17.11,5189.12,,,,
403,04/28/2024 17:10:00,17.20,16896.00,,,,
404,04/28/2024 17:15:00,17.03,3559.68,,,,
405,04/28/2024 17:20:00,17.07,2648.32,,,,
406,04/28/2024 17:25:00,17.16,6812.16,,,,
407,04/28/2024 17:30:00,17.03,7508.48,,,,
408,04/28/2024 17:35:00,16.86,4389.12,,,,
409,04/28/2024 17:40:00,16.77,2826.24,,,,
410,04/28/2024 17:45:00,16.77,1952.64,,,,
411,04/28/2024 17:50:00,16.73,2327.68,,,,
412,04/28/2024 17:55:00,16.64,474.88,,,,
413,04/28/2024 18:00:00,16.56,1020.48,,,,
414,04/28/2024 18:05:00,16.56,623.20,,,,
415,04/28/2024 18:10:00,16.51,947.20,,,,
416,04/28/2024 18:15:00,16.51,1408.64,,,,
417,04/28/2024 18:20:00,16.43,624.96,,,,
418,04/28/2024 18:25:00,16.43,725.44,,,,
419,04/28/2024 18:30:00,16.39,1295.68,,,,
420,04/28/2024 18:35:00,16.39,240.88,,,,
421,04/28/2024 18:40:00,16.39,793.92,,,,
422,04/28/2024 18:45:00,16.34,352.00,,,,
423,04/28/2024 18:50:00,16.34,166.48,,,,
424,04/28/2024 18:55:00,16.30,858.56,,,,
425,04/28/2024 19:00:00,16.26,655.04,,,,
426,04/28/2024 19:05:00,16.26,634.40,,,,
427,04/28/2024 19:10:00,16.21,704.00,,,,
428,04/28/2024 19:15:00,16.21,334.72,,,,
429,04/28/2024 19:20:00,16.17,363.36,,,,
430,04/28/2024 19:25:00,16.17,87.44,,,,
431,04/28/2024 19:30:00,16.17,27.23,,,,
432,04/28/2024 19:35:00,16.17,71.86,,,,
433,04/28/2024 19:40:00,16.08,12.72,,,,
434,04/28/2024 19:45:00,16.08,3.66,,,,
435,04/28/2024 19:50:00,16.13,1.07,,,,
436,04/28/2024 19:55:00,16.13,0.43,,,,
437,04/28/2024 20:00:00,16.08,0.43,,,,
438,04/28/2024 20:05:00,16.04,0.00,,,,
439,04/28/2024 20:10:00,16.04,0.00,,,,
440,04/28/2024 20:15:00,16.04,0.00,,,,
441,04/28/2024 20:20:00,16.04,0.00,,,,
442,04/28/2024 20:25:00,16.08,0.00,,,,
443,04/28/2024 20:30:00,16.00,0.00,,,,
444,04/28/2024 20:35:00,16.04,0.00,,,,
445,04/28/2024 20:40:00,16.04,0.00,,,,
446,04/28/2024 20:45:00,16.00,0.00,,,,
447,04/28/2024 20:50:00,15.96,0.00,,,,
448,04/28/2024 20:55:00,16.00,0.00,,,,
449,04/28/2024 21:00:00,15.96,0.00,,,,
450,04/28/2024 21:05:00,15.96,0.00,,,,
451,04/28/2024 21:10:00,15.96,0.00,,,,
452,04/28/2024 21:15:00,15.96,0.00,,,,
453,04/28/2024 21:20:00,15.87,0.00,,,,
454,04/28/2024 21:25:00,15.91,0.00,,,,
455,04/28/2024 21:30:00,15.91,0.00,,,,
456,04/28/2024 21:35:00,15.83,0.00,,,,
457,04/28/2024 21:40:00,15.87,0.00,,,,
458,04/28/2024 21:45:00,15.83,0.00,,,,
459,04/28/2024 21:50:00,15.87,0.00,,,,
460,04/28/2024 21:55:00,15.83,0.00,,,,
461,04/28/2024 22:00:00,15.83,0.00,,,,
462,04/28/2024 22:05:00,15.78,0.00,,,,
463,04/28/2024 22:10:00,15.83,0.00,,,,
464,04/28/2024 22:15:00,15.74,0.00,,,,
465,04/28/2024 22:20:00,15.74,0.00,,,,
466,04/28/2024 22:25:00,15.74,0.00,,,,
467,04/28/2024 22:30:00,15.70,0.00,,,,
468,04/28/2024 22:35:00,15.66,0.00,,,,
469,04/28/2024 22:40:00,15.66,0.00,,,,
470,04/28/2024 22:45:00,15.66,0.00,,,,
471,04/28/2024 22:50:00,15.66,0.00,,,,
472,04/28/2024 22:55:00,15.61,0.00,,,,
473,04/28/2024 23:00:00,15.57,0.00,,,,
474,04/28/2024 23:05:00,15.57,0.00,,,,
475,04/28/2024 23:10:00,15.57,0.00,,,,
476,04/28/2024 23:15:00,15.57,0.00,,,,
477,04/28/2024 23:20:00,15.57,0.00,,,,
478,04/28/2024 23:25:00,15.53,0.00,,,,
479,04/28/2024 23:30:00,15.53,0.00,,,,
480,04/28/2024 23:35:00,15.48,0.00,,,,
481,04/28/2024 23:40:00,15.48,0.00,,,,
482,04/28/2024 23:45:00,15.44,0.00,,,,
483,04/28/2024 23:50:00,15.48,0.00,,,,
484,04/28/2024 23:55:00,15.44,0.00,,,,
485,04/29/2024 00:00:00,15.36,0.00,,,,
486,04/29/2024 00:05:00,15.36,0.00,,,,
487,04/29/2024 00:10:00,15.31,0.00,,,,
488,04/29/2024 00:15:00,15.31,0.00,,,,
489,04/29/2024 00:20:00,15.27,0.00,,,,
490,04/29/2024 00:25:00,15.23,0.00,,,,
491,04/29/2024 00:30:00,15.23,0.00,,,,
492,04/29/2024 00:35:00,15.23,0.00,,,,
493,04/29/2024 00:40:00,15.23,0.00,,,,
494,04/29/2024 00:45:00,15.14,0.00,,,,
495,04/29/2024 00:50:00,15.10,0.00,,,,
496,04/29/2024 00:55:00,15.01,0.00,,,,
497,04/29/2024 01:00:00,14.97,0.00,,,,
498,04/29/2024 01:05:00,14.97,0.00,,,,
499,04/29/2024 01:10:00,14.97,0.00,,,,
500,04/29/2024 01:15:00,14.93,0.00,,,,
501,04/29/2024 01:20:00,14.93,0.00,,,,
502,04/29/2024 01:25:00,14.93,0.00,,,,
503,04/29/2024 01:30:00,14.93,0.00,,,,
504,04/29/2024 01:35:00,14.88,0.00,,,,
505,04/29/2024 01:40:00,14.80,0.00,,,,
506,04/29/2024 01:45:00,14.84,0.00,,,,
507,04/29/2024 01:50:00,14.80,0.00,,,,
508,04/29/2024 01:55:00,14.84,0.00,,,,
509,04/29/2024 02:00:00,14.75,0.00,,,,
510,04/29/2024 02:05:00,14.67,0.00,,,,
511,04/29/2024 02:10:00,14.63,0.00,,,,
512,04/29/2024 02:15:00,14.71,0.00,,,,
513,04/29/2024 02:20:00,14.67,0.00,,,,
514,04/29/2024 02:25:00,14.63,0.00,,,,
515,04/29/2024 02:30:00,14.58,0.00,,,,
516,04/29/2024 02:35:00,14.54,0.00,,,,
517,04/29/2024 02:40:00,14.54,0.00,,,,
518,04/29/2024 02:45:00,14.54,0.00,,,,
519,04/29/2024 02:50:00,14.45,0.00,,,,
520,04/29/2024 02:55:00,14.45,0.00,,,,
521,04/29/2024 03:00:00,14.41,0.00,,,,
522,04/29/2024 03:05:00,14.33,0.00,,,,
523,04/29/2024 03:10:00,14.33,0.00,,,,
524,04/29/2024 03:15:00,14.28,0.00,,,,
525,04/29/2024 03:20:00,14.24,0.00,,,,
526,04/29/2024 03:25:00,14.15,0.00,,,,
527,04/29/2024 03:30:00,14.07,0.00,,,,
528,04/29/2024 03:35:00,14.03,0.00,,,,
529,04/29/2024 03:40:00,14.03,0.00,,,,
530,04/29/2024 03:45:00,13.98,0.21,,,,
531,04/29/2024 03:50:00,13.90,0.00,,,,
532,04/29/2024 03:55:00,13.90,0.00,,,,
533,04/29/2024 04:00:00,13.77,0.00,,,,
534,04/29/2024 04:05:00,13.77,0.00,,,,
535,04/29/2024 04:10:00,13.77,0.00,,,,
536,04/29/2024 04:15:00,13.68,0.00,,,,
537,04/29/2024 04:20:00,13.68,0.00,,,,
538,04/29/2024 04:25:00,13.64,0.00,,,,
539,04/29/2024 04:30:00,13.64,0.00,,,,
540,04/29/2024 04:35:00,13.64,0.00,,,,
541,04/29/2024 04:40:00,13.60,0.00,,,,
542,04/29/2024 04:45:00,13.64,0.00,,,,
543,04/29/2024 04:50:00,13.64,0.00,,,,
544,04/29/2024 04:55:00,13.60,0.00,,,,
545,04/29/2024 05:00:00,13.60,0.00,,,,
546,04/29/2024 05:05:00,13.60,0.00,,,,
547,04/29/2024 05:10:00,13.60,0.00,,,,
548,04/29/2024 05:15:00,13.60,0.00,,,,
549,04/29/2024 05:20:00,13.60,0.00,,,,
550,04/29/2024 05:25:00,13.55,0.00,,,,
551,04/29/2024 05:30:00,13.55,0.00,,,,
552,04/29/2024 05:35:00,13.64,0.00,,,,
553,04/29/2024 05:40:00,13.60,0.86,,,,
554,04/29/2024 05:45:00,13.55,1.07,,,,
555,04/29/2024 05:50:00,13.60,8.84,,,,
556,04/29/2024 05:55:00,13.68,23.21,,,,
557,04/29/2024 06:00:00,13.64,52.46,,,,
558,04/29/2024 06:05:00,13.68,98.88,,,,
559,04/29/2024 06:10:00,13.73,200.56,,,,
560,04/29/2024 06:15:00,13.64,346.24,,,,
561,04/29/2024 06:20:00,13.68,615.52,,,,
562,04/29/2024 06:25:00,13.73,844.48,,,,
563,04/29/2024 06:30:00,13.77,1073.92,,,,
564,04/29/2024 06:35:00,13.77,1279.36,,,,
565,04/29/2024 06:40:00,13.77,1520.00,,,,
566,04/29/2024 06:45:00,13.90,2013.44,,,,
567,04/29/2024 06:50:00,14.11,2261.76,,,,
568,04/29/2024 06:55:00,14.11,2321.92,,,,
569,04/29/2024 07:00:00,14.20,3220.48,,,,
570,04/29/2024 07:05:00,14.24,2891.52,,,,
571,04/29/2024 07:10:00,14.37,3770.88,,,,
572,04/29/2024 07:15:00,14.63,4858.88,,,,
573,04/29/2024 07:20:00,14.71,4983.04,,,,
574,04/29/2024 07:25:00,15.01,5068.80,,,,
575,04/29/2024 07:30:00,15.18,5103.36,,,,
576,04/29/2024 07:35:00,15.36,5772.80,,,,
577,04/29/2024 07:40:00,15.40,6794.24,,,,
578,04/29/2024 07:45:00,15.57,7695.36,,,,
579,04/29/2024 07:50:00,15.66,7749.12,,,,
580,04/29/2024 07:55:00,16.08,8811.52,,,,
581,04/29/2024 08:00:00,16.30,7687.68,,,,
582,04/29/2024 08:05:00,16.43,8281.60,,,,
583,04/29/2024 08:10:00,16.51,10583.04,,,,
584,04/29/2024 08:15:00,16.86,8965.12,,,,
585,04/29/2024 08:20:00,17.11,10818.56,,,,
586,04/29/2024 08:25:00,17.67,10442.24,,,,
587,04/29/2024 08:30:00,17.67,12277.76,,,,
588,04/29/2024 08:35:00,17.93,14151.68,,,,
589,04/29/2024 08:40:00,18.32,14330.88,,,,
590,04/29/2024 08:45:00,18.83,15201.28,,,,
591,04/29/2024 08:50:00,19.13,15201.28,,,,
592,04/29/2024 08:55:00,18.66,10255.36,,,,
593,04/29/2024 09:00:00,18.32,12779.52,,,,
594,04/29/2024 09:05:00,18.74,16460.80,,,,
595,04/29/2024 09:10:00,19.60,18462.72,,,,
596,04/29/2024 09:15:00,19.65,15518.72,,,,
597,04/29/2024 09:20:00,20.07,21473.28,,,,
598,04/29/2024 09:25:00,20.37,20592.64,,,,
599,04/29/2024 09:30:00,20.72,22773.76,,,,
600,04/29/2024 09:35:00,21.45,23377.92,,,,
601,04/29/2024 09:40:00,21.53,23982.08,,,,
602,04/29/2024 09:45:00,21.62,25047.04,,,,
603,04/29/2024 09:50:00,21.75,26931.20,,,,
604,04/29/2024 09:55:00,22.43,27289.60,,,,
605,04/29/2024 10:00:00,22.56,27740.16,,,,
606,04/29/2024 10:05:00,22.86,31866.88,,,,
607,04/29/2024 10:10:00,23.08,31836.16,,,,
608,04/29/2024 10:15:00,23.29,34109.44,,,,
609,04/29/2024 10:20:00,24.11,39833.60,,,,
610,04/29/2024 10:25:00,24.24,33167.36,,,,
611,04/29/2024 10:30:00,24.19,34785.28,,,,
612,04/29/2024 10:35:00,23.64,28528.64,,,,
613,04/29/2024 10:40:00,21.02,34273.28,,,,
614,04/29/2024 10:45:00,19.30,35481.60,,,,
615,04/29/2024 10:50:00,19.05,41390.08,,,,
616,04/29/2024 10:55:00,19.35,46141.44,,,,
617,04/29/2024 11:00:00,18.74,15528.96,,,,
618,04/29/2024 11:05:00,18.40,49991.68,,,,
619,04/29/2024 11:10:00,18.96,11494.40,,,,
620,04/29/2024 11:15:00,18.53,47534.08,,,,
621,04/29/2024 11:20:00,18.27,34160.64,,,,
622,04/29/2024 11:25:00,18.36,59822.08,,,,
623,04/29/2024 11:30:00,17.93,67768.32,,,,
624,04/29/2024 11:35:00,17.76,59842.56,,,,
625,04/29/2024 11:40:00,17.76,19379.20,,,,
626,04/29/2024 11:45:00,17.76,63979.52,,,,
627,04/29/2024 11:50:00,17.54,29747.20,,,,
628,04/29/2024 11:55:00,17.59,19543.04,,,,
629,04/29/2024 12:00:00,17.59,31057.92,,,,
630,04/29/2024 12:05:00,17.41,35706.88,,,,
631,04/29/2024 12:10:00,17.33,20331.52,,,,
632,04/29/2024 12:15:00,17.20,20413.44,,,,
633,04/29/2024 12:20:00,17.29,10467.84,,,,
634,04/29/2024 12:25:00,17.33,34078.72,,,,
635,04/29/2024 12:30:00,17.20,8053.76,,,,
636,04/29/2024 12:35:00,17.24,3502.08,,,,
637,04/29/2024 12:40:00,17.24,30382.08,,,,
638,04/29/2024 12:45:00,17.20,8432.64,,,,
639,04/29/2024 12:50:00,17.37,15754.24,,,,
640,04/29/2024 12:55:00,17.29,6996.48,,,,
641,04/29/2024 13:00:00,17.24,19640.32,,,,
642,04/29/2024 13:05:00,17.33,14878.72,,,,
643,04/29/2024 13:10:00,17.33,10531.84,,,,
644,04/29/2024 13:15:00,17.33,16112.64,,,,
645,04/29/2024 13:20:00,17.33,6110.72,,,,
646,04/29/2024 13:25:00,17.46,4102.40,,,,
647,04/29/2024 13:30:00,17.54,3307.52,,,,
648,04/29/2024 13:35:00,17.46,12912.64,,,,
649,04/29/2024 13:40:00,17.37,3672.32,,,,
650,04/29/2024 13:45:00,17.33,5024.00,,,,
651,04/29/2024 13:50:00,17.29,4558.08,,,,
652,04/29/2024 13:55:00,17.59,23818.24,,,,
653,04/29/2024 14:00:00,17.54,21708.80,,,,
654,04/29/2024 14:05:00,17.63,26890.24,,,,
655,04/29/2024 14:10:00,17.54,14172.16,,,,
656,04/29/2024 14:15:00,17.54,13557.76,,,,
657,04/29/2024 14:20:00,17.41,17530.88,,,,
658,04/29/2024 14:25:00,17.41,7191.04,,,,
659,04/29/2024 14:30:00,17.54,7687.68,,,,
660,04/29/2024 14:35:00,17.63,35665.92,,,,
661,04/29/2024 14:40:00,17.59,27709.44,,,,
662,04/29/2024 14:45:00,17.54,35911.68,,,,
663,04/29/2024 14:50:00,17.59,10199.04,,,,
664,04/29/2024 14:55:00,17.76,31354.88,,,,
665,04/29/2024 15:00:00,17.59,11392.00,,,,
666,04/29/2024 15:05:00,17.50,2634.24,,,,
667,04/29/2024 15:10:00,17.59,5744.64,,,,
668,04/29/2024 15:15:00,17.67,8481.28,,,,
669,04/29/2024 15:20:00,17.76,4143.36,,,,
670,04/29/2024 15:25:00,17.72,18672.64,,,,
671,04/29/2024 15:30:00,17.54,25600.00,,,,
672,04/29/2024 15:35:00,17.67,33740.80,,,,
673,04/29/2024 15:40:00,17.41,2529.28,,,,
674,04/29/2024 15:45:00,17.41,9564.16,,,,
675,04/29/2024 15:50:00,17.46,15815.68,,,,
676,04/29/2024 15:55:00,17.46,7651.84,,,,
677,04/29/2024 16:00:00,17.54,26449.92,,,,
678,04/29/2024 16:05:00,17.50,19875.84,,,,
679,04/29/2024 16:10:00,17.54,24821.76,,,,
680,04/29/2024 16:15:00,17.46,9454.08,,,,
681,04/29/2024 16:20:00,17.41,9108.48,,,,
682,04/29/2024 16:25:00,17.41,8985.60,,,,
683,04/29/2024 16:30:00,17.37,7349.76,,,,
684,04/29/2024 16:35:00,17.37,5672.96,,,,
685,04/29/2024 16:40:00,17.33,12646.40,,,,
686,04/29/2024 16:45:00,17.29,4723.20,,,,
687,04/29/2024 16:50:00,17.37,4006.40,,,,
688,04/29/2024 16:55:00,17.33,13035.52,,,,
689,04/29/2024 17:00:00,17.24,2603.52,,,,
690,04/29/2024 17:05:00,17.29,3694.08,,,,
691,04/29/2024 17:10:00,17.20,10849.28,,,,
692,04/29/2024 17:15:00,17.24,13864.96,,,,
693,04/29/2024 17:20:00,17.07,600.80,,,,
694,04/29/2024 17:25:00,17.16,2053.12,,,,
695,04/29/2024 17:30:00,16.99,1569.28,,,,
696,04/29/2024 17:35:00,17.07,1752.96,,,,
697,04/29/2024 17:40:00,17.03,7500.80,,,,
698,04/29/2024 17:45:00,16.94,4419.84,,,,
699,04/29/2024 17:50:00,16.86,3077.12,,,,
700,04/29/2024 17:55:00,16.73,724.48,,,,
701,04/29/2024 18:00:00,16.64,1754.24,,,,
702,04/29/2024 18:05:00,16.60,645.76,,,,
703,04/29/2024 18:10:00,16.60,1195.52,,,,
704,04/29/2024 18:15:00,16.56,823.36,,,,
705,04/29/2024 18:20:00,16.51,868.48,,,,
706,04/29/2024 18:25:00,16.43,550.40,,,,
707,04/29/2024 18:30:00,16.39,1480.32,,,,
708,04/29/2024 18:35:00,16.39,735.04,,,,
709,04/29/2024 18:40:00,16.34,654.24,,,,
710,04/29/2024 18:45:00,16.34,608.64,,,,
711,04/29/2024 18:50:00,16.30,717.76,,,,
712,04/29/2024 18:55:00,16.26,225.36,,,,
713,04/29/2024 19:00:00,16.17,954.88,,,,
714,04/29/2024 19:05:00,16.17,124.76,,,,
715,04/29/2024 19:10:00,16.13,421.44,,,,
716,04/29/2024 19:15:00,16.08,187.20,,,,
717,04/29/2024 19:20:00,16.00,53.64,,,,
718,04/29/2024 19:25:00,15.96,283.36,,,,
719,04/29/2024 19:30:00,15.87,134.24,,,,
720,04/29/2024 19:35:00,15.87,94.36,,,,
721,04/29/2024 19:40:00,15.87,15.74,,,,
722,04/29/2024 19:45:00,15.87,11.43,,,,
723,04/29/2024 19:50:00,15.78,2.58,,,,
724,04/29/2024 19:55:00,15.78,2.80,,,,
725,04/29/2024 20:00:00,15.78,0.64,,,,
726,04/29/2024 20:05:00,15.74,0.00,,,,
727,04/29/2024 20:10:00,15.70,0.00,,,,
728,04/29/2024 20:15:00,15.66,0.00,,,,
729,04/29/2024 20:20:00,15.70,0.00,,,,
730,04/29/2024 20:25:00,15.61,0.00,,,,
731,04/29/2024 20:30:00,15.61,0.00,,,,
732,04/29/2024 20:35:00,15.61,0.00,,,,
733,04/29/2024 20:40:00,15.61,0.00,,,,
734,04/29/2024 20:45:00,15.66,0.00,,,,
735,04/29/2024 20:50:00,15.57,0.00,,,,
736,04/29/2024 20:55:00,15.57,0.00,,,,
737,04/29/2024 21:00:00,15.57,0.00,,,,
738,04/29/2024 21:05:00,15.48,0.00,,,,
739,04/29/2024 21:10:00,15.53,0.00,,,,
740,04/29/2024 21:15:00,15.53,0.00,,,,
741,04/29/2024 21:20:00,15.53,0.00,,,,
742,04/29/2024 21:25:00,15.48,0.00,,,,
743,04/29/2024 21:30:00,15.53,0.00,,,,
744,04/29/2024 21:35:00,15.48,0.00,,,,
745,04/29/2024 21:40:00,15.48,0.00,,,,
746,04/29/2024 21:45:00,15.48,0.00,,,,
747,04/29/2024 21:50:00,15.44,0.00,,,,
748,04/29/2024 21:55:00,15.44,0.00,,,,
749,04/29/2024 22:00:00,15.44,0.00,,,,
750,04/29/2024 22:05:00,15.48,0.00,,,,
751,04/29/2024 22:10:00,15.40,0.00,,,,
752,04/29/2024 22:15:00,15.40,0.00,,,,
753,04/29/2024 22:20:00,15.31,0.00,,,,
754,04/29/2024 22:25:00,15.31,0.00,,,,
755,04/29/2024 22:30:00,15.31,0.00,,,,
756,04/29/2024 22:35:00,15.31,0.00,,,,
757,04/29/2024 22:40:00,15.23,0.00,,,,
758,04/29/2024 22:45:00,15.23,0.00,,,,
759,04/29/2024 22:50:00,15.18,0.00,,,,
760,04/29/2024 22:55:00,15.23,0.00,,,,
761,04/29/2024 23:00:00,15.18,0.00,,,,
762,04/29/2024 23:05:00,15.14,0.00,,,,
763,04/29/2024 23:10:00,15.10,0.00,,,,
764,04/29/2024 23:15:00,15.14,0.00,,,,
765,04/29/2024 23:20:00,15.14,0.00,,,,
766,04/29/2024 23:25:00,15.10,0.00,,,,
767,04/29/2024 23:30:00,15.14,0.00,,,,
768,04/29/2024 23:35:00,15.14,0.00,,,,
769,04/29/2024 23:40:00,15.10,0.00,,,,
770,04/29/2024 23:45:00,15.10,0.00,,,,
771,04/29/2024 23:50:00,15.10,0.00,,,,
772,04/29/2024 23:55:00,15.06,0.00,,,,
773,04/30/2024 00:00:00,15.10,0.00,,,,
774,04/30/2024 00:05:00,15.06,0.00,,,,
775,04/30/2024 00:10:00,15.06,0.00,,,,
776,04/30/2024 00:15:00,15.06,0.00,,,,
777,04/30/2024 00:20:00,15.06,0.00,,,,
778,04/30/2024 00:25:00,15.06,0.00,,,,
779,04/30/2024 00:30:00,14.97,0.00,,,,
780,04/30/2024 00:35:00,14.97,0.00,,,,
781,04/30/2024 00:40:00,14.97,0.00,,,,
782,04/30/2024 00:45:00,15.01,0.00,,,,
783,04/30/2024 00:50:00,14.97,0.00,,,,
784,04/30/2024 00:55:00,14.97,0.00,,,,
785,04/30/2024 01:00:00,14.93,0.00,,,,
786,04/30/2024 01:05:00,14.93,0.00,,,,
787,04/30/2024 01:10:00,14.93,0.00,,,,
788,04/30/2024 01:15:00,14.93,0.00,,,,
789,04/30/2024 01:20:00,14.88,0.00,,,,
790,04/30/2024 01:25:00,14.84,0.00,,,,
791,04/30/2024 01:30:00,14.88,0.00,,,,
792,04/30/2024 01:35:00,14.88,0.00,,,,
793,04/30/2024 01:40:00,14.84,0.00,,,,
794,04/30/2024 01:45:00,14.80,0.00,,,,
795,04/30/2024 01:50:00,14.75,0.00,,,,
796,04/30/2024 01:55:00,14.80,0.00,,,,
797,04/30/2024 02:00:00,14.75,0.00,,,,
798,04/30/2024 02:05:00,14.80,0.00,,,,
799,04/30/2024 02:10:00,14.71,0.00,,,,
800,04/30/2024 02:15:00,14.71,0.00,,,,
801,04/30/2024 02:20:00,14.75,0.00,,,,
802,04/30/2024 02:25:00,14.71,0.00,,,,
803,04/30/2024 02:30:00,14.63,0.00,,,,
804,04/30/2024 02:35:00,14.67,0.00,,,,
805,04/30/2024 02:40:00,14.63,0.00,,,,
806,04/30/2024 02:45:00,14.63,0.00,,,,
807,04/30/2024 02:50:00,14.58,0.00,,,,
808,04/30/2024 02:55:00,14.58,0.00,,,,
809,04/30/2024 03:00:00,14.54,0.00,,,,
810,04/30/2024 03:05:00,14.54,0.00,,,,
811,04/30/2024 03:10:00,14.54,0.00,,,,
812,04/30/2024 03:15:00,14.50,0.00,,,,
813,04/30/2024 03:20:00,14.50,0.00,,,,
814,04/30/2024 03:25:00,14.45,0.00,,,,
815,04/30/2024 03:30:00,14.50,0.00,,,,
816,04/30/2024 03:35:00,14.41,0.00,,,,
817,04/30/2024 03:40:00,14.45,0.00,,,,
818,04/30/2024 03:45:00,14.45,0.00,,,,
819,04/30/2024 03:50:00,14.41,0.00,,,,
820,04/30/2024 03:55:00,14.41,0.00,,,,
821,04/30/2024 04:00:00,14.37,0.00,,,,
822,04/30/2024 04:05:00,14.37,0.00,,,,
823,04/30/2024 04:10:00,14.41,0.00,,,,
824,04/30/2024 04:15:00,14.33,0.00,,,,
825,04/30/2024 04:20:00,14.37,0.00,,,,
826,04/30/2024 04:25:00,14.33,0.00,,,,
827,04/30/2024 04:30:00,14.33,0.00,,,,
828,04/30/2024 04:35:00,14.28,0.00,,,,
829,04/30/2024 04:40:00,14.28,0.00,,,,
830,04/30/2024 04:45:00,14.24,0.00,,,,
831,04/30/2024 04:50:00,14.24,0.00,,,,
832,04/30/2024 04:55:00,14.20,0.00,,,,
833,04/30/2024 05:00:00,14.24,0.00,,,,
834,04/30/2024 05:05:00,14.15,0.00,,,,
835,04/30/2024 05:10:00,14.20,0.00,,,,
836,04/30/2024 05:15:00,14.15,0.00,,,,
837,04/30/2024 05:20:00,14.15,0.00,,,,
838,04/30/2024 05:25:00,14.15,0.00,,,,
839,04/30/2024 05:30:00,14.15,0.00,,,,
840,04/30/2024 05:35:00,14.15,0.00,,,,
841,04/30/2024 05:40:00,14.11,0.21,,,,
842,04/30/2024 05:45:00,14.20,0.21,,,,
843,04/30/2024 05:50:00,14.20,4.52,,,,
844,04/30/2024 05:55:00,14.11,1.72,,,,
845,04/30/2024 06:00:00,14.15,17.28,,,,
846,04/30/2024 06:05:00,14.15,44.58,,,,
847,04/30/2024 06:10:00,14.15,70.68,,,,
848,04/30/2024 06:15:00,14.15,72.40,,,,
849,04/30/2024 06:20:00,14.15,103.08,,,,
850,04/30/2024 06:25:00,14.20,196.88,,,,
851,04/30/2024 06:30:00,14.20,106.64,,,,
852,04/30/2024 06:35:00,14.20,499.04,,,,
853,04/30/2024 06:40:00,14.20,163.04,,,,
854,04/30/2024 06:45:00,14.20,695.68,,,,
855,04/30/2024 06:50:00,14.24,543.84,,,,
856,04/30/2024 06:55:00,14.24,665.60,,,,
857,04/30/2024 07:00:00,14.28,1259.52,,,,
858,04/30/2024 07:05:00,14.28,2128.64,,,,
859,04/30/2024 07:10:00,14.33,3141.12,,,,
860,04/30/2024 07:15:00,14.37,3098.88,,,,
861,04/30/2024 07:20:00,14.33,2763.52,,,,
862,04/30/2024 07:25:00,14.33,3141.12,,,,
863,04/30/2024 07:30:00,14.41,3129.60,,,,
864,04/30/2024 07:35:00,14.37,2741.76,,,,
865,04/30/2024 07:40:00,14.37,3095.04,,,,
866,04/30/2024 07:45:00,14.58,4616.96,,,,
867,04/30/2024 07:50:00,14.67,7715.84,,,,
868,04/30/2024 07:55:00,14.93,8550.40,,,,
869,04/30/2024 08:00:00,15.14,8314.88,,,,
870,04/30/2024 08:05:00,15.27,7075.84,,,,
871,04/30/2024 08:10:00,15.31,8025.60,,,,
872,04/30/2024 08:15:00,15.44,11207.68,,,,
873,04/30/2024 08:20:00,15.87,12871.68,,,,
874,04/30/2024 08:25:00,16.26,12508.16,,,,
875,04/30/2024 08:30:00,16.34,12861.44,,,,
876,04/30/2024 08:35:00,16.51,12579.84,,,,
877,04/30/2024 08:40:00,16.94,15073.28,,,,
878,04/30/2024 08:45:00,17.33,14100.48,,,,
879,04/30/2024 08:50:00,17.54,14448.64,,,,
880,04/30/2024 08:55:00,17.80,13829.12,,,,
881,04/30/2024 09:00:00,18.32,16783.36,,,,
882,04/30/2024 09:05:00,18.74,16394.24,,,,
883,04/30/2024 09:10:00,19.13,17024.00,,,,
884,04/30/2024 09:15:00,19.69,19046.40,,,,
885,04/30/2024 09:20:00,20.16,20367.36,,,,
886,04/30/2024 09:25:00,20.63,21575.68,,,,
887,04/30/2024 09:30:00,21.10,20628.48,,,,
888,04/30/2024 09:35:00,21.62,22906.88,,,,
889,04/30/2024 09:40:00,21.92,24012.80,,,,
890,04/30/2024 09:45:00,22.39,24012.80,,,,
891,04/30/2024 09:50:00,22.43,26030.08,,,,
892,04/30/2024 09:55:00,22.31,24422.40,,,,
893,04/30/2024 10:00:00,22.99,36608.00,,,,
894,04/30/2024 10:05:00,23.46,31016.96,,,,
895,04/30/2024 10:10:00,24.41,62484.48,,,,
896,04/30/2024 10:15:00,25.31,35420.16,,,,
897,04/30/2024 10:20:00,25.57,44072.96,,,,
898,04/30/2024 10:25:00,28.91,78888.96,,,,
899,04/30/2024 10:30:00,32.04,77516.80,,,,
900,04/30/2024 10:35:00,33.29,72314.88,,,,
901,04/30/2024 10:40:00,31.06,51322.88,,,,
902,04/30/2024 10:45:00,31.44,77475.84,,,,
903,04/30/2024 10:50:00,30.54,47308.80,,,,
904,04/30/2024 10:55:00,30.84,60723.20,,,,
905,04/30/2024 11:00:00,31.70,84172.80,,,,
906,04/30/2024 11:05:00,33.46,64983.04,,,,
907,04/30/2024 11:10:00,33.42,81121.28,,,,
908,04/30/2024 11:15:00,33.46,81571.84,,,,
909,04/30/2024 11:20:00,33.89,81899.52,,,,
910,04/30/2024 11:25:00,34.23,82595.84,,,,
911,04/30/2024 11:30:00,30.28,71270.40,,,,
912,04/30/2024 11:35:00,29.77,66682.88,,,,
913,04/30/2024 11:40:00,26.68,62033.92,,,,
914,04/30/2024 11:45:00,23.21,76410.88,,,,
915,04/30/2024 11:50:00,22.69,86548.48,,,,
916,04/30/2024 11:55:00,23.29,85155.84,,,,
917,04/30/2024 12:00:00,21.66,82370.56,,,,
918,04/30/2024 12:05:00,21.36,52838.40,,,,
919,04/30/2024 12:10:00,21.75,56606.72,,,,
920,04/30/2024 12:15:00,20.80,87531.52,,,,
921,04/30/2024 12:20:00,20.12,73461.76,,,,
922,04/30/2024 12:25:00,19.52,32890.88,,,,
923,04/30/2024 12:30:00,19.22,71188.48,,,,
924,04/30/2024 12:35:00,19.26,65576.96,,,,
925,04/30/2024 12:40:00,19.13,65658.88,,,,
926,04/30/2024 12:45:00,19.13,29521.92,,,,
927,04/30/2024 12:50:00,19.09,62402.56,,,,
928,04/30/2024 12:55:00,19.09,59781.12,,,,
929,04/30/2024 13:00:00,19.00,82370.56,,,,
930,04/30/2024 13:05:00,18.62,71680.00,,,,
931,04/30/2024 13:10:00,18.57,82227.20,,,,
932,04/30/2024 13:15:00,18.49,68403.20,,,,
933,04/30/2024 13:20:00,18.32,10048.00,,,,
934,04/30/2024 13:25:00,18.53,12800.00,,,,
935,04/30/2024 13:30:00,18.53,51568.64,,,,
936,04/30/2024 13:35:00,18.44,24156.16,,,,
937,04/30/2024 13:40:00,18.44,21585.92,,,,
938,04/30/2024 13:45:00,18.32,14955.52,,,,
939,04/30/2024 13:50:00,18.40,42885.12,,,,
940,04/30/2024 13:55:00,18.10,8355.84,,,,
941,04/30/2024 14:00:00,18.27,6164.48,,,,
942,04/30/2024 14:05:00,18.44,6914.56,,,,
943,04/30/2024 14:10:00,18.32,3386.88,,,,
944,04/30/2024 14:15:00,18.44,18984.96,,,,
945,04/30/2024 14:20:00,18.23,12636.16,,,,
946,04/30/2024 14:25:00,18.40,9420.80,,,,
947,04/30/2024 14:30:00,18.32,12974.08,,,,
948,04/30/2024 14:35:00,18.27,21524.48,,,,
949,04/30/2024 14:40:00,18.32,9372.16,,,,
950,04/30/2024 14:45:00,18.40,17858.56,,,,
951,04/30/2024 14:50:00,18.40,21749.76,,,,
952,04/30/2024 14:55:00,18.62,15022.08,,,,
953,04/30/2024 15:00:00,18.62,6666.24,,,,
954,04/30/2024 15:05:00,18.53,14540.80,,,,
955,04/30/2024 15:10:00,18.57,21995.52,,,,
956,04/30/2024 15:15:00,18.36,26060.80,,,,
957,04/30/2024 15:20:00,18.32,9653.76,,,,
958,04/30/2024 15:25:00,18.32,30668.80,,,,
959,04/30/2024 15:30:00,18.27,15769.60,,,,
960,04/30/2024 15:35:00,18.19,5306.88,,,,
961,04/30/2024 15:40:00,18.14,18012.16,,,,
962,04/30/2024 15:45:00,18.06,9950.72,,,,
963,04/30/2024 15:50:00,18.23,14238.72,,,,
964,04/30/2024 15:55:00,18.14,26675.20,,,,
965,04/30/2024 16:00:00,18.27,26163.20,,,,
966,04/30/2024 16:05:00,18.19,36464.64,,,,
967,04/30/2024 16:10:00,18.06,3508.48,,,,
968,04/30/2024 16:15:00,18.02,5419.52,,,,
969,04/30/2024 16:20:00,18.10,24135.68,,,,
970,04/30/2024 16:25:00,18.02,2392.96,,,,
971,04/30/2024 16:30:00,18.02,17812.48,,,,
972,04/30/2024 16:35:00,18.02,5803.52,,,,
973,04/30/2024 16:40:00,17.97,3463.68,,,,
974,04/30/2024 16:45:00,17.97,12277.76,,,,
975,04/30/2024 16:50:00,17.93,16087.04,,,,
976,04/30/2024 16:55:00,17.80,10490.88,,,,
977,04/30/2024 17:00:00,17.76,897.92,,,,
978,04/30/2024 17:05:00,17.63,3546.88,,,,
979,04/30/2024 17:10:00,17.54,5020.16,,,,
980,04/30/2024 17:15:00,17.50,3616.00,,,,
981,04/30/2024 17:20:00,17.59,5148.16,,,,
982,04/30/2024 17:25:00,17.46,6238.72,,,,
983,04/30/2024 17:30:00,17.54,7528.96,,,,
984,04/30/2024 17:35:00,17.46,2365.44,,,,
985,04/30/2024 17:40:00,17.37,630.56,,,,
986,04/30/2024 17:45:00,17.41,2144.64,,,,
987,04/30/2024 17:50:00,17.24,1087.04,,,,
988,04/30/2024 17:55:00,17.20,685.44,,,,
989,04/30/2024 18:00:00,17.07,108.24,,,,
990,04/30/2024 18:05:00,17.03,167.20,,,,
991,04/30/2024 18:10:00,17.03,1696.00,,,,
992,04/30/2024 18:15:00,16.99,477.60,,,,
993,04/30/2024 18:20:00,16.94,924.80,,,,
994,04/30/2024 18:25:00,16.90,325.84,,,,
995,04/30/2024 18:30:00,16.81,924.80,,,,
996,04/30/2024 18:35:00,16.81,1093.76,,,,
997,04/30/2024 18:40:00,16.81,480.00,,,,
998,04/30/2024 18:45:00,16.77,590.40,,,,
999,04/30/2024 18:50:00,16.69,1275.84,,,,
1000,04/30/2024 18:55:00,16.64,716.80,,,,
1001,04/30/2024 19:00:00,16.60,581.44,,,,
1002,04/30/2024 19:05:00,16.51,52.78,,,,
1003,04/30/2024 19:10:00,16.47,562.40,,,,
1004,04/30/2024 19:15:00,16.51,556.32,,,,
1005,04/30/2024 19:20:00,16.43,176.80,,,,
1006,04/30/2024 19:25:00,16.39,121.32,,,,
1007,04/30/2024 19:30:00,16.43,123.80,,,,
1008,04/30/2024 19:35:00,16.39,66.64,,,,
1009,04/30/2024 19:40:00,16.34,39.36,,,,
1010,04/30/2024 19:45:00,16.30,18.36,,,,
1011,04/30/2024 19:50:00,16.26,7.33,,,,
1012,04/30/2024 19:55:00,16.26,3.23,,,,
1013,04/30/2024 20:00:00,16.17,0.00,,,,
1014,04/30/2024 20:05:00,16.21,0.00,,,,
1015,04/30/2024 20:10:00,16.17,0.21,,,,
1016,04/30/2024 20:15:00,16.13,0.00,,,,
1017,04/30/2024 20:20:00,16.08,0.00,,,,
1018,04/30/2024 20:25:00,16.08,0.00,,,,
1019,04/30/2024 20:30:00,16.04,0.00,,,,
1020,04/30/2024 20:35:00,16.04,0.00,,,,
1021,04/30/2024 20:40:00,16.04,0.00,,,,
1022,04/30/2024 20:45:00,15.96,0.00,,,,
1023,04/30/2024 20:50:00,15.96,0.00,,,,
1024,04/30/2024 20:55:00,15.96,0.00,,,,
1025,04/30/2024 21:00:00,15.96,0.00,,,,
1026,04/30/2024 21:05:00,16.00,0.00,,,,
1027,04/30/2024 21:10:00,15.91,0.00,,,,
1028,04/30/2024 21:15:00,15.87,0.00,,,,
1029,04/30/2024 21:20:00,15.91,0.00,,,,
1030,04/30/2024 21:25:00,15.87,0.00,,,,
1031,04/30/2024 21:30:00,15.87,0.00,,,,
1032,04/30/2024 21:35:00,15.87,0.00,,,,
1033,04/30/2024 21:40:00,15.83,0.00,,,,
1034,04/30/2024 21:45:00,15.83,0.00,,,,
1035,04/30/2024 21:50:00,15.83,0.00,,,,
1036,04/30/2024 21:55:00,15.83,0.00,,,,
1037,04/30/2024 22:00:00,15.78,0.00,,,,
1038,04/30/2024 22:05:00,15.78,0.00,,,,
1039,04/30/2024 22:10:00,15.78,0.00,,,,
1040,04/30/2024 22:15:00,15.78,0.00,,,,
1041,04/30/2024 22:20:00,15.74,0.00,,,,
1042,04/30/2024 22:25:00,15.74,0.00,,,,
1043,04/30/2024 22:30:00,15.78,0.00,,,,
1044,04/30/2024 22:35:00,15.78,0.00,,,,
1045,04/30/2024 22:40:00,15.70,0.00,,,,
1046,04/30/2024 22:45:00,15.70,0.00,,,,
1047,04/30/2024 22:50:00,15.74,0.00,,,,
1048,04/30/2024 22:55:00,15.70,0.00,,,,
1049,04/30/2024 23:00:00,15.70,0.00,,,,
1050,04/30/2024 23:05:00,15.70,0.00,,,,
1051,04/30/2024 23:10:00,15.70,0.00,,,,
1052,04/30/2024 23:15:00,15.70,0.00,,,,
1053,04/30/2024 23:20:00,15.66,0.00,,,,
1054,04/30/2024 23:25:00,15.70,0.00,,,,
1055,04/30/2024 23:30:00,15.66,0.00,,,,
1056,04/30/2024 23:35:00,15.66,0.00,,,,
1057,04/30/2024 23:40:00,15.61,0.00,,,,
1058,04/30/2024 23:45:00,15.66,0.00,,,,
1059,04/30/2024 23:50:00,15.61,0.00,,,,
1060,04/30/2024 23:55:00,15.66,0.00,,,,
1061,05/01/2024 00:00:00,15.66,0.00,,,,
1062,05/01/2024 00:05:00,15.61,0.00,,,,
1063,05/01/2024 00:10:00,15.61,0.00,,,,
1064,05/01/2024 00:15:00,15.61,0.00,,,,
1065,05/01/2024 00:20:00,15.57,0.00,,,,
1066,05/01/2024 00:25:00,15.61,0.00,,,,
1067,05/01/2024 00:30:00,15.57,0.00,,,,
1068,05/01/2024 00:35:00,15.57,0.00,,,,
1069,05/01/2024 00:40:00,15.57,0.00,,,,
1070,05/01/2024 00:45:00,15.53,0.00,,,,
1071,05/01/2024 00:50:00,15.53,0.00,,,,
1072,05/01/2024 00:55:00,15.57,0.00,,,,
1073,05/01/2024 01:00:00,15.53,0.00,,,,
1074,05/01/2024 01:05:00,15.53,0.00,,,,
1075,05/01/2024 01:10:00,15.53,0.00,,,,
1076,05/01/2024 01:15:00,15.48,0.00,,,,
1077,05/01/2024 01:20:00,15.44,0.00,,,,
1078,05/01/2024 01:25:00,15.40,0.00,,,,
1079,05/01/2024 01:30:00,15.40,0.00,,,,
1080,05/01/2024 01:35:00,15.36,0.00,,,,
1081,05/01/2024 01:40:00,15.36,0.00,,,,
1082,05/01/2024 01:45:00,15.36,0.00,,,,
1083,05/01/2024 01:50:00,15.31,0.00,,,,
1084,05/01/2024 01:55:00,15.31,0.00,,,,
1085,05/01/2024 02:00:00,15.27,0.00,,,,
1086,05/01/2024 02:05:00,15.18,0.00,,,,
1087,05/01/2024 02:10:00,15.23,0.00,,,,
1088,05/01/2024 02:15:00,15.18,0.00,,,,
1089,05/01/2024 02:20:00,15.18,0.00,,,,
1090,05/01/2024 02:25:00,15.23,0.00,,,,
1091,05/01/2024 02:30:00,15.14,0.00,,,,
1092,05/01/2024 02:35:00,15.10,0.00,,,,
1093,05/01/2024 02:40:00,15.10,0.00,,,,
1094,05/01/2024 02:45:00,15.10,0.00,,,,
1095,05/01/2024 02:50:00,15.01,0.00,,,,
1096,05/01/2024 02:55:00,15.06,0.00,,,,
1097,05/01/2024 03:00:00,15.06,0.00,,,,
1098,05/01/2024 03:05:00,14.97,0.00,,,,
1099,05/01/2024 03:10:00,14.97,0.00,,,,
1100,05/01/2024 03:15:00,14.93,0.00,,,,
1101,05/01/2024 03:20:00,14.97,0.00,,,,
1102,05/01/2024 03:25:00,14.93,0.00,,,,
1103,05/01/2024 03:30:00,14.93,0.00,,,,
1104,05/01/2024 03:35:00,14.93,0.00,,,,
1105,05/01/2024 03:40:00,14.84,0.00,,,,
1106,05/01/2024 03:45:00,14.88,0.00,,,,
1107,05/01/2024 03:50:00,14.84,0.00,,,,
1108,05/01/2024 03:55:00,14.84,0.00,,,,
1109,05/01/2024 04:00:00,14.84,0.00,,,,
1110,05/01/2024 04:05:00,14.88,0.00,,,,
1111,05/01/2024 04:10:00,14.84,0.00,,,,
1112,05/01/2024 04:15:00,14.80,0.00,,,,
1113,05/01/2024 04:20:00,14.80,0.00,,,,
1114,05/01/2024 04:25:00,14.80,0.00,,,,
1115,05/01/2024 04:30:00,14.84,0.00,,,,
1116,05/01/2024 04:35:00,14.80,0.00,,,,
1117,05/01/2024 04:40:00,14.80,0.00,,,,
1118,05/01/2024 04:45:00,14.80,0.00,,,,
1119,05/01/2024 04:50:00,14.84,0.00,,,,
1120,05/01/2024 04:55:00,14.84,0.00,,,,
1121,05/01/2024 05:00:00,14.75,0.00,,,,
1122,05/01/2024 05:05:00,14.80,0.00,,,,
1123,05/01/2024 05:10:00,14.84,0.00,,,,
1124,05/01/2024 05:15:00,14.75,0.00,,,,
1125,05/01/2024 05:20:00,14.75,0.00,,,,
1126,05/01/2024 05:25:00,14.80,0.21,,,,
1127,05/01/2024 05:30:00,14.75,0.00,,,,
1128,05/01/2024 05:35:00,14.80,0.00,,,,
1129,05/01/2024 05:40:00,14.75,0.43,,,,
1130,05/01/2024 05:45:00,14.80,1.72,,,,
1131,05/01/2024 05:50:00,14.80,6.25,,,,
1132,05/01/2024 05:55:00,14.75,17.49,,,,
1133,05/01/2024 06:00:00,14.75,43.24,,,,
1134,05/01/2024 06:05:00,14.71,59.30,,,,
1135,05/01/2024 06:10:00,14.80,32.83,,,,
1136,05/01/2024 06:15:00,14.80,217.60,,,,
1137,05/01/2024 06:20:00,14.80,128.20,,,,
1138,05/01/2024 06:25:00,14.80,69.76,,,,
1139,05/01/2024 06:30:00,14.80,279.28,,,,
1140,05/01/2024 06:35:00,14.80,314.88,,,,
1141,05/01/2024 06:40:00,14.75,352.16,,,,
1142,05/01/2024 06:45:00,14.80,764.80,,,,
1143,05/01/2024 06:50:00,14.84,288.80,,,,
1144,05/01/2024 06:55:00,14.88,732.80,,,,
1145,05/01/2024 07:00:00,14.84,1064.32,,,,
1146,05/01/2024 07:05:00,14.84,878.08,,,,
1147,05/01/2024 07:10:00,14.88,934.08,,,,
1148,05/01/2024 07:15:00,14.97,587.04,,,,
1149,05/01/2024 07:20:00,14.93,2391.04,,,,
1150,05/01/2024 07:25:00,14.93,2088.96,,,,
1151,05/01/2024 07:30:00,15.06,1125.76,,,,
1152,05/01/2024 07:35:00,14.97,3061.76,,,,
1153,05/01/2024 07:40:00,15.06,1815.04,,,,
1154,05/01/2024 07:45:00,15.10,878.08,,,,
1155,05/01/2024 07:50:00,15.14,3688.96,,,,
1156,05/01/2024 07:55:00,15.18,1999.36,,,,
1157,05/01/2024 08:00:00,15.23,5040.64,,,,
1158,05/01/2024 08:05:00,15.27,4727.04,,,,
1159,05/01/2024 08:10:00,15.36,1897.60,,,,
1160,05/01/2024 08:15:00,15.36,5109.76,,,,
1161,05/01/2024 08:20:00,15.36,3705.60,,,,
1162,05/01/2024 08:25:00,15.44,3037.44,,,,
1163,05/01/2024 08:30:00,15.48,3426.56,,,,
1164,05/01/2024 08:35:00,15.53,3293.44,,,,
1165,05/01/2024 08:40:00,15.61,4136.96,,,,
1166,05/01/2024 08:45:00,15.74,6272.00,,,,
1167,05/01/2024 08:50:00,15.87,5954.56,,,,
1168,05/01/2024 08:55:00,15.87,6515.20,,,,
1169,05/01/2024 09:00:00,15.96,7011.84,,,,
1170,05/01/2024 09:05:00,15.96,7431.68,,,,
1171,05/01/2024 09:10:00,16.00,7700.48,,,,
1172,05/01/2024 09:15:00,16.00,7969.28,,,,
1173,05/01/2024 09:20:00,16.17,8212.48,,,,
1174,05/01/2024 09:25:00,16.26,8570.88,,,,
1175,05/01/2024 09:30:00,16.43,8880.64,,,,
1176,05/01/2024 09:35:00,16.51,9185.28,,,,
1177,05/01/2024 09:40:00,16.69,9730.56,,,,
1178,05/01/2024 09:45:00,17.11,10557.44,,,,
1179,05/01/2024 09:50:00,17.80,11801.60,,,,
1180,05/01/2024 09:55:00,18.83,16926.72,,,,
1181,05/01/2024 10:00:00,20.20,35921.92,,,,
1182,05/01/2024 10:05:00,21.75,59269.12,,,,
1183,05/01/2024 10:10:00,23.29,62996.48,,,,
1184,05/01/2024 10:15:00,25.01,65064.96,,,,
1185,05/01/2024 10:20:00,26.55,66478.08,,,,
1186,05/01/2024 10:25:00,28.10,69283.84,,,,
1187,05/01/2024 10:30:00,29.43,70717.44,,,,
1188,05/01/2024 10:35:00,30.54,71188.48,,,,
1189,05/01/2024 10:40:00,31.01,72437.76,,,,
1190,05/01/2024 10:45:00,31.40,73809.92,,,,
1191,05/01/2024 10:50:00,31.66,73154.56,,,,
1192,05/01/2024 10:55:00,31.87,75304.96,,,,
1193,05/01/2024 11:00:00,32.04,76021.76,,,,
1194,05/01/2024 11:05:00,32.09,76738.56,,,,
1195,05/01/2024 11:10:00,32.17,77434.88,,,,
1196,05/01/2024 11:15:00,32.52,76984.32,,,,
1197,05/01/2024 11:20:00,32.47,76247.04,,,,
1198,05/01/2024 11:25:00,32.47,73809.92,,,,
1199,05/01/2024 11:30:00,32.69,70369.28,,,,
1200,05/01/2024 11:35:00,32.52,65925.12,,,,
1201,05/01/2024 11:40:00,32.73,60231.68,,,,
1202,05/01/2024 11:45:00,32.86,55255.04,,,,
1203,05/01/2024 11:50:00,32.73,54149.12,,,,
1204,05/01/2024 11:55:00,33.12,56647.68,,,,
1205,05/01/2024 12:00:00,33.46,61644.80,,,,
1206,05/01/2024 12:05:00,33.59,67522.56,,,,
1207,05/01/2024 12:10:00,33.50,73011.20,,,,
1208,05/01/2024 12:15:00,33.46,78172.16,,,,
1209,05/01/2024 12:20:00,33.33,82186.24,,,,
1210,05/01/2024 12:25:00,33.29,83824.64,,,,
1211,05/01/2024 12:30:00,33.07,85442.56,,,,
1212,05/01/2024 12:35:00,33.16,85606.40,,,,
1213,05/01/2024 12:40:00,33.03,85688.32,,,,
1214,05/01/2024 12:45:00,29.21,86179.84,,,,
1215,05/01/2024 12:50:00,28.53,85770.24,,,,
1216,05/01/2024 12:55:00,25.14,77393.92,,,,
1217,05/01/2024 13:00:00,24.49,86016.00,,,,
1218,05/01/2024 13:05:00,23.76,76431.36,,,,
1219,05/01/2024 13:10:00,23.21,70451.20,,,,
1220,05/01/2024 13:15:00,22.65,53964.80,,,,
1221,05/01/2024 13:20:00,22.43,66478.08,,,,
1222,05/01/2024 13:25:00,21.19,64737.28,,,,
1223,05/01/2024 13:30:00,20.85,43479.04,,,,
1224,05/01/2024 13:35:00,20.63,67604.48,,,,
1225,05/01/2024 13:40:00,20.63,62054.40,,,,
1226,05/01/2024 13:45:00,20.33,41410.56,,,,
1227,05/01/2024 13:50:00,20.25,36433.92,,,,
1228,05/01/2024 13:55:00,19.86,45977.60,,,,
1229,05/01/2024 14:00:00,19.77,23285.76,,,,
1230,05/01/2024 14:05:00,19.65,37099.52,,,,
1231,05/01/2024 14:10:00,19.47,4944.64,,,,
1232,05/01/2024 14:15:00,19.65,14540.80,,,,
1233,05/01/2024 14:20:00,19.43,55336.96,,,,
1234,05/01/2024 14:25:00,19.35,3595.52,,,,
1235,05/01/2024 14:30:00,19.30,6366.72,,,,
1236,05/01/2024 14:35:00,19.26,11806.72,,,,
1237,05/01/2024 14:40:00,19.22,18058.24,,,,
1238,05/01/2024 14:45:00,19.26,13736.96,,,,
1239,05/01/2024 14:50:00,19.47,25169.92,,,,
1240,05/01/2024 14:55:00,19.30,13168.64,,,,
1241,05/01/2024 15:00:00,19.43,9274.88,,,,
1242,05/01/2024 15:05:00,19.43,8936.96,,,,
1243,05/01/2024 15:10:00,19.52,16481.28,,,,
1244,05/01/2024 15:15:00,19.17,4344.32,,,,
1245,05/01/2024 15:20:00,19.30,16506.88,,,,
1246,05/01/2024 15:25:00,19.17,11253.76,,,,
1247,05/01/2024 15:30:00,19.09,7219.20,,,,
1248,05/01/2024 15:35:00,19.26,8302.08,,,,
1249,05/01/2024 15:40:00,19.35,5816.32,,,,
1250,05/01/2024 15:45:00,19.22,10234.88,,,,
1251,05/01/2024 15:50:00,19.26,2968.32,,,,
1252,05/01/2024 15:55:00,19.17,2294.40,,,,
1253,05/01/2024 16:00:00,19.26,21544.96,,,,
1254,05/01/2024 16:05:00,19.26,13306.88,,,,
1255,05/01/2024 16:10:00,19.13,2117.12,,,,
1256,05/01/2024 16:15:00,18.92,12180.48,,,,
1257,05/01/2024 16:20:00,18.96,7818.24,,,,
1258,05/01/2024 16:25:00,19.00,16348.16,,,,
1259,05/01/2024 16:30:00,18.87,6976.00,,,,
1260,05/01/2024 16:35:00,18.83,3744.00,,,,
1261,05/01/2024 16:40:00,18.83,20372.48,,,,
1262,05/01/2024 16:45:00,18.66,12108.80,,,,
1263,05/01/2024 16:50:00,18.66,5826.56,,,,
1264,05/01/2024 16:55:00,18.57,12088.32,,,,
1265,05/01/2024 17:00:00,18.57,9689.60,,,,
1266,05/01/2024 17:05:00,18.53,1918.72,,,,
1267,05/01/2024 17:10:00,18.49,3230.72,,,,
1268,05/01/2024 17:15:00,18.49,6594.56,,,,
1269,05/01/2024 17:20:00,18.40,4806.40,,,,
1270,05/01/2024 17:25:00,18.40,2435.84,,,,
1271,05/01/2024 17:30:00,18.23,11264.00,,,,
1272,05/01/2024 17:35:00,18.23,6351.36,,,,
1273,05/01/2024 17:40:00,18.14,1987.20,,,,
1274,05/01/2024 17:45:00,18.10,2340.48,,,,
1275,05/01/2024 17:50:00,18.02,871.36,,,,
1276,05/01/2024 17:55:00,17.93,339.04,,,,
1277,05/01/2024 18:00:00,17.93,1080.96,,,,
1278,05/01/2024 18:05:00,17.84,1255.04,,,,
1279,05/01/2024 18:10:00,17.84,2353.28,,,,
1280,05/01/2024 18:15:00,17.80,1959.68,,,,
1281,05/01/2024 18:20:00,17.72,1537.92,,,,
1282,05/01/2024 18:25:00,17.67,595.20,,,,
1283,05/01/2024 18:30:00,17.63,577.92,,,,
1284,05/01/2024 18:35:00,17.63,740.80,,,,
1285,05/01/2024 18:40:00,17.54,783.68,,,,
1286,05/01/2024 18:45:00,17.50,748.80,,,,
1287,05/01/2024 18:50:00,17.46,766.40,,,,
1288,05/01/2024 18:55:00,17.37,699.52,,,,
1289,05/01/2024 19:00:00,17.33,285.12,,,,
1290,05/01/2024 19:05:00,17.29,429.92,,,,
1291,05/01/2024 19:10:00,17.29,552.00,,,,
1292,05/01/2024 19:15:00,17.29,160.36,,,,
1293,05/01/2024 19:20:00,17.20,339.84,,,,
1294,05/01/2024 19:25:00,17.20,282.48,,,,
1295,05/01/2024 19:30:00,17.11,108.24,,,,
1296,05/01/2024 19:35:00,17.07,105.68,,,,
1297,05/01/2024 19:40:00,17.07,61.90,,,,
1298,05/01/2024 19:45:00,17.03,2.37,,,,
1299,05/01/2024 19:50:00,16.99,11.00,,,,
1300,05/01/2024 19:55:00,16.99,3.88,,,,
1301,05/01/2024 20:00:00,16.94,0.43,,,,
1302,05/01/2024 20:05:00,16.90,0.21,,,,
1303,05/01/2024 20:10:00,16.81,0.00,,,,
1304,05/01/2024 20:15:00,16.81,0.00,,,,
1305,05/01/2024 20:20:00,16.86,0.00,,,,
1306,05/01/2024 20:25:00,16.77,0.00,,,,
1307,05/01/2024 20:30:00,16.77,0.00,,,,
1308,05/01/2024 20:35:00,16.73,0.00,,,,
1309,05/01/2024 20:40:00,16.73,0.00,,,,
1310,05/01/2024 20:45:00,16.73,0.00,,,,
1311,05/01/2024 20:50:00,16.73,0.00,,,,
1312,05/01/2024 20:55:00,16.64,0.00,,,,
1313,05/01/2024 21:00:00,16.56,0.00,,,,
1314,05/01/2024 21:05:00,16.56,0.00,,,,
1315,05/01/2024 21:10:00,16.60,0.00,,,,
1316,05/01/2024 21:15:00,16.51,0.00,,,,
1317,05/01/2024 21:20:00,16.51,0.00,,,,
1318,05/01/2024 21:25:00,16.47,0.00,,,,
1319,05/01/2024 21:30:00,16.51,0.00,,,,
1320,05/01/2024 21:35:00,16.51,0.00,,,,
1321,05/01/2024 21:40:00,16.43,0.00,,,,
1322,05/01/2024 21:45:00,16.39,0.00,,,,
1323,05/01/2024 21:50:00,16.39,0.00,,,,
1324,05/01/2024 21:55:00,16.39,0.00,,,,
1325,05/01/2024 22:00:00,16.34,0.00,,,,
1326,05/01/2024 22:05:00,16.34,0.00,,,,
1327,05/01/2024 22:10:00,16.34,0.00,,,,
1328,05/01/2024 22:15:00,16.30,0.00,,,,
1329,05/01/2024 22:20:00,16.30,0.00,,,,
1330,05/01/2024 22:25:00,16.30,0.00,,,,
1331,05/01/2024 22:30:00,16.30,0.00,,,,
1332,05/01/2024 22:35:00,16.30,0.00,,,,
1333,05/01/2024 22:40:00,16.30,0.00,,,,
1334,05/01/2024 22:45:00,16.26,0.00,,,,
1335,05/01/2024 22:50:00,16.21,0.00,,,,
1336,05/01/2024 22:55:00,16.17,0.00,,,,
1337,05/01/2024 23:00:00,16.17,0.00,,,,
1338,05/01/2024 23:05:00,16.17,0.00,,,,
1339,05/01/2024 23:10:00,16.13,0.00,,,,
1340,05/01/2024 23:15:00,16.13,0.00,,,,
1341,05/01/2024 23:20:00,16.13,0.00,,,,
1342,05/01/2024 23:25:00,16.17,0.00,,,,
1343,05/01/2024 23:30:00,16.13,0.00,,,,
1344,05/01/2024 23:35:00,16.13,0.00,,,,
1345,05/01/2024 23:40:00,16.08,0.00,,,,
1346,05/01/2024 23:45:00,16.08,0.00,,,,
1347,05/01/2024 23:50:00,16.04,0.00,,,,
1348,05/01/2024 23:55:00,16.00,0.00,,,,
1349,05/02/2024 00:00:00,15.96,0.00,,,,
1350,05/02/2024 00:05:00,16.00,0.00,,,,
1351,05/02/2024 00:10:00,16.00,0.00,,,,
1352,05/02/2024 00:15:00,16.00,0.00,,,,
1353,05/02/2024 00:20:00,15.96,0.00,,,,
1354,05/02/2024 00:25:00,15.96,0.00,,,,
1355,05/02/2024 00:30:00,15.96,0.00,,,,
1356,05/02/2024 00:35:00,15.96,0.00,,,,
1357,05/02/2024 00:40:00,15.96,0.00,,,,
1358,05/02/2024 00:45:00,15.96,0.00,,,,
1359,05/02/2024 00:50:00,15.96,0.00,,,,
1360,05/02/2024 00:55:00,15.91,0.00,,,,
1361,05/02/2024 01:00:00,15.91,0.00,,,,
1362,05/02/2024 01:05:00,15.91,0.00,,,,
1363,05/02/2024 01:10:00,15.91,0.00,,,,
1364,05/02/2024 01:15:00,15.96,0.00,,,,
1365,05/02/2024 01:20:00,15.87,0.00,,,,
1366,05/02/2024 01:25:00,15.87,0.00,,,,
1367,05/02/2024 01:30:00,15.91,0.00,,,,
1368,05/02/2024 01:35:00,15.91,0.00,,,,
1369,05/02/2024 01:40:00,15.87,0.00,,,,
1370,05/02/2024 01:45:00,15.91,0.00,,,,
1371,05/02/2024 01:50:00,15.91,0.00,,,,
1372,05/02/2024 01:55:00,15.91,0.00,,,,
1373,05/02/2024 02:00:00,15.87,0.00,,,,
1374,05/02/2024 02:05:00,15.83,0.00,,,,
1375,05/02/2024 02:10:00,15.83,0.00,,,,
1376,05/02/2024 02:15:00,15.91,0.00,,,,
1377,05/02/2024 02:20:00,15.87,0.00,,,,
1378,05/02/2024 02:25:00,15.83,0.00,,,,
1379,05/02/2024 02:30:00,15.83,0.00,,,,
1380,05/02/2024 02:35:00,15.83,0.00,,,,
1381,05/02/2024 02:40:00,15.78,0.00,,,,
1382,05/02/2024 02:45:00,15.78,0.00,,,,
1383,05/02/2024 02:50:00,15.78,0.00,,,,
1384,05/02/2024 02:55:00,15.78,0.00,,,,
1385,05/02/2024 03:00:00,15.74,0.00,,,,
1386,05/02/2024 03:05:00,15.70,0.00,,,,
1387,05/02/2024 03:10:00,15.74,0.00,,,,
1388,05/02/2024 03:15:00,15.74,0.00,,,,
1389,05/02/2024 03:20:00,15.70,0.00,,,,
1390,05/02/2024 03:25:00,15.70,0.00,,,,
1391,05/02/2024 03:30:00,15.66,0.00,,,,
1392,05/02/2024 03:35:00,15.70,0.00,,,,
1393,05/02/2024 03:40:00,15.61,0.00,,,,
1394,05/02/2024 03:45:00,15.66,0.00,,,,
1395,05/02/2024 03:50:00,15.66,0.00,,,,
1396,05/02/2024 03:55:00,15.66,0.00,,,,
1397,05/02/2024 04:00:00,15.66,0.00,,,,
1398,05/02/2024 04:05:00,15.61,0.00,,,,
1399,05/02/2024 04:10:00,15.61,0.00,,,,
1400,05/02/2024 04:15:00,15.66,0.00,,,,
1401,05/02/2024 04:20:00,15.61,0.00,,,,
1402,05/02/2024 04:25:00,15.61,0.00,,,,
1403,05/02/2024 04:30:00,15.57,0.00,,,,
1404,05/02/2024 04:35:00,15.53,0.00,,,,
1405,05/02/2024 04:40:00,15.48,0.00,,,,
1406,05/02/2024 04:45:00,15.53,0.00,,,,
1407,05/02/2024 04:50:00,15.48,0.00,,,,
1408,05/02/2024 04:55:00,15.48,0.00,,,,
1409,05/02/2024 05:00:00,15.44,0.00,,,,
1410,05/02/2024 05:05:00,15.44,0.00,,,,
1411,05/02/2024 05:10:00,15.40,0.00,,,,
1412,05/02/2024 05:15:00,15.40,0.00,,,,
1413,05/02/2024 05:20:00,15.40,0.00,,,,
1414,05/02/2024 05:25:00,15.40,0.00,,,,
1415,05/02/2024 05:30:00,15.40,0.00,,,,
1416,05/02/2024 05:35:00,15.36,0.00,,,,
1417,05/02/2024 05:40:00,15.31,0.00,,,,
1418,05/02/2024 05:45:00,15.27,0.43,,,,
1419,05/02/2024 05:50:00,15.31,0.43,,,,
1420,05/02/2024 05:55:00,15.31,6.47,,,,
1421,05/02/2024 06:00:00,15.31,8.84,,,,
1422,05/02/2024 06:05:00,15.31,9.92,,,,
1423,05/02/2024 06:10:00,15.27,30.70,,,,
1424,05/02/2024 06:15:00,15.31,58.88,,,,
1425,05/02/2024 06:20:00,15.31,40.65,,,,
1426,05/02/2024 06:25:00,15.36,69.34,,,,
1427,05/02/2024 06:30:00,15.31,143.84,,,,
1428,05/02/2024 06:35:00,15.31,46.68,,,,
1429,05/02/2024 06:40:00,15.31,198.64,,,,
1430,05/02/2024 06:45:00,15.31,229.92,,,,
1431,05/02/2024 06:50:00,15.31,163.04,,,,
1432,05/02/2024 06:55:00,15.27,305.12,,,,
1433,05/02/2024 07:00:00,15.31,379.52,,,,
1434,05/02/2024 07:05:00,15.31,229.68,,,,
1435,05/02/2024 07:10:00,15.31,489.92,,,,
1436,05/02/2024 07:15:00,15.31,290.48,,,,
1437,05/02/2024 07:20:00,15.31,290.48,,,,
1438,05/02/2024 07:25:00,15.31,157.00,,,,
1439,05/02/2024 07:30:00,15.36,404.80,,,,
1440,05/02/2024 07:35:00,15.36,307.12,,,,
1441,05/02/2024 07:40:00,15.36,683.20,,,,
1442,05/02/2024 07:45:00,15.36,1009.28,,,,
1443,05/02/2024 07:50:00,15.40,659.84,,,,
1444,05/02/2024 07:55:00,15.36,453.76,,,,
1445,05/02/2024 08:00:00,15.36,1487.36,,,,
1446,05/02/2024 08:05:00,15.36,1444.48,,,,
1447,05/02/2024 08:10:00,15.40,170.64,,,,
1448,05/02/2024 08:15:00,15.40,389.92,,,,
1449,05/02/2024 08:20:00,15.40,1149.76,,,,
1450,05/02/2024 08:25:00,15.40,1190.40,,,,
1451,05/02/2024 08:30:00,15.44,819.52,,,,
1452,05/02/2024 08:35:00,15.44,1010.24,,,,
1453,05/02/2024 08:40:00,15.44,1117.12,,,,
1454,05/02/2024 08:45:00,15.40,774.08,,,,
1455,05/02/2024 08:50:00,15.44,1221.44,,,,
1456,05/02/2024 08:55:00,15.48,1605.12,,,,
1457,05/02/2024 09:00:00,15.53,1065.28,,,,
1458,05/02/2024 09:05:00,15.57,3520.00,,,,
1459,05/02/2024 09:10:00,15.57,1614.72,,,,
1460,05/02/2024 09:15:00,15.61,4320.00,,,,
1461,05/02/2024 09:20:00,15.70,3709.44,,,,
1462,05/02/2024 09:25:00,15.66,4236.80,,,,
1463,05/02/2024 09:30:00,15.61,3201.28,,,,
1464,05/02/2024 09:35:00,15.74,4623.36,,,,
1465,05/02/2024 09:40:00,15.87,7383.04,,,,
1466,05/02/2024 09:45:00,16.04,6312.96,,,,
1467,05/02/2024 09:50:00,16.26,9274.88,,,,
1468,05/02/2024 09:55:00,16.47,8053.76,,,,
1469,05/02/2024 10:00:00,16.60,9274.88,,,,
1470,05/02/2024 10:05:00,16.77,8453.12,,,,
1471,05/02/2024 10:10:00,16.81,8716.80,,,,
1472,05/02/2024 10:15:00,16.94,9489.92,,,,
1473,05/02/2024 10:20:00,17.20,10193.92,,,,
1474,05/02/2024 10:25:00,17.46,10583.04,,,,
1475,05/02/2024 10:30:00,17.63,11013.12,,,,
1476,05/02/2024 10:35:00,17.93,11765.76,,,,
1477,05/02/2024 10:40:00,18.36,12559.36,,,,
1478,05/02/2024 10:45:00,18.79,13747.20,,,,
1479,05/02/2024 10:50:00,19.09,13911.04,,,,
1480,05/02/2024 10:55:00,19.43,14822.40,,,,
1481,05/02/2024 11:00:00,19.69,15733.76,,,,
1482,05/02/2024 11:05:00,20.07,16686.08,,,,
1483,05/02/2024 11:10:00,20.50,17495.04,,,,
1484,05/02/2024 11:15:00,20.98,18908.16,,,,
1485,05/02/2024 11:20:00,21.36,20249.60,,,,
1486,05/02/2024 11:25:00,21.88,20428.80,,,,
1487,05/02/2024 11:30:00,22.18,21258.24,,,,
1488,05/02/2024 11:35:00,22.48,21360.64,,,,
1489,05/02/2024 11:40:00,22.78,21862.40,,,,
1490,05/02/2024 11:45:00,22.82,21370.88,,,,
1491,05/02/2024 11:50:00,22.95,21360.64,,,,
1492,05/02/2024 11:55:00,23.03,21278.72,,,,
1493,05/02/2024 12:00:00,23.21,21616.64,,,,
1494,05/02/2024 12:05:00,23.51,23541.76,,,,
1495,05/02/2024 12:10:00,24.11,26593.28,,,,
1496,05/02/2024 12:15:00,25.09,29521.92,,,,
1497,05/02/2024 12:20:00,25.82,30351.36,,,,
1498,05/02/2024 12:25:00,26.51,31272.96,,,,
1499,05/02/2024 12:30:00,26.51,30320.64,,,,
1500,05/02/2024 12:35:00,26.47,31477.76,,,,
1501,05/02/2024 12:40:00,26.55,29921.28,,,,
1502,05/02/2024 12:45:00,26.68,31457.28,,,,
1503,05/02/2024 12:50:00,27.11,32256.00,,,,
1504,05/02/2024 12:55:00,27.41,34232.32,,,,
1505,05/02/2024 13:00:00,27.88,33771.52,,,,
1506,05/02/2024 13:05:00,27.88,33935.36,,,,
1507,05/02/2024 13:10:00,28.14,36904.96,,,,
1508,05/02/2024 13:15:00,28.83,39782.40,,,,
1509,05/02/2024 13:20:00,29.98,44974.08,,,,
1510,05/02/2024 13:25:00,30.84,45629.44,,,,
1511,05/02/2024 13:30:00,31.01,42557.44,,,,
1512,05/02/2024 13:35:00,30.71,42496.00,,,,
1513,05/02/2024 13:40:00,30.93,48373.76,,,,
1514,05/02/2024 13:45:00,28.78,46120.96,,,,
1515,05/02/2024 13:50:00,24.66,43438.08,,,,
1516,05/02/2024 13:55:00,22.52,41666.56,,,,
1517,05/02/2024 14:00:00,21.45,40540.16,,,,
1518,05/02/2024 14:05:00,20.80,40550.40,,,,
1519,05/02/2024 14:10:00,19.60,27607.04,,,,
1520,05/02/2024 14:15:00,18.92,29726.72,,,,
1521,05/02/2024 14:20:00,18.57,13834.24,,,,
1522,05/02/2024 14:25:00,18.57,30423.04,,,,
1523,05/02/2024 14:30:00,18.49,29317.12,,,,
1524,05/02/2024 14:35:00,18.44,32706.56,,,,
1525,05/02/2024 14:40:00,18.44,20684.80,,,,
1526,05/02/2024 14:45:00,18.53,32788.48,,,,
1527,05/02/2024 14:50:00,18.32,20628.48,,,,
1528,05/02/2024 14:55:00,18.44,31068.16,,,,
1529,05/02/2024 15:00:00,18.40,19522.56,,,,
1530,05/02/2024 15:05:00,18.32,17039.36,,,,
1531,05/02/2024 15:10:00,18.44,12497.92,,,,
1532,05/02/2024 15:15:00,18.49,29235.20,,,,
1533,05/02/2024 15:20:00,18.53,7887.36,,,,
1534,05/02/2024 15:25:00,18.62,22179.84,,,,
1535,05/02/2024 15:30:00,18.57,3664.64,,,,
1536,05/02/2024 15:35:00,18.79,18078.72,,,,
1537,05/02/2024 15:40:00,18.66,7439.36,,,,
1538,05/02/2024 15:45:00,18.70,26183.68,,,,
1539,05/02/2024 15:50:00,18.79,20736.00,,,,
1540,05/02/2024 15:55:00,18.74,6699.52,,,,
1541,05/02/2024 16:00:00,18.74,18841.60,,,,
1542,05/02/2024 16:05:00,18.57,12288.00,,,,
1543,05/02/2024 16:10:00,18.70,4053.76,,,,
1544,05/02/2024 16:15:00,18.66,24043.52,,,,
1545,05/02/2024 16:20:00,18.74,20956.16,,,,
1546,05/02/2024 16:25:00,18.66,6991.36,,,,
1547,05/02/2024 16:30:00,18.53,7797.76,,,,
1548,05/02/2024 16:35:00,18.53,4181.76,,,,
1549,05/02/2024 16:40:00,18.36,5058.56,,,,
1550,05/02/2024 16:45:00,18.27,2519.04,,,,
1551,05/02/2024 16:50:00,18.23,3996.16,,,,
1552,05/02/2024 16:55:00,18.23,5335.04,,,,
1553,05/02/2024 17:00:00,18.23,1771.52,,,,
1554,05/02/2024 17:05:00,18.19,10378.24,,,,
1555,05/02/2024 17:10:00,18.19,1921.92,,,,
1556,05/02/2024 17:15:00,18.23,1840.64,,,,
1557,05/02/2024 17:20:00,18.23,10572.80,,,,
1558,05/02/2024 17:25:00,18.19,6210.56,,,,
1559,05/02/2024 17:30:00,18.10,4316.16,,,,
1560,05/02/2024 17:35:00,18.06,2063.36,,,,
1561,05/02/2024 17:40:00,18.02,3384.32,,,,
1562,05/02/2024 17:45:00,17.89,3585.28,,,,
1563,05/02/2024 17:50:00,17.89,2218.88,,,,
1564,05/02/2024 17:55:00,17.80,2372.48,,,,
1565,05/02/2024 18:00:00,17.76,2630.40,,,,
1566,05/02/2024 18:05:00,17.76,1378.56,,,,
1567,05/02/2024 18:10:00,17.76,2140.80,,,,
1568,05/02/2024 18:15:00,17.63,814.72,,,,
1569,05/02/2024 18:20:00,17.59,1815.04,,,,
1570,05/02/2024 18:25:00,17.59,689.28,,,,
1571,05/02/2024 18:30:00,17.54,1646.08,,,,
1572,05/02/2024 18:35:00,17.50,861.44,,,,
1573,05/02/2024 18:40:00,17.54,234.00,,,,
1574,05/02/2024 18:45:00,17.54,1136.00,,,,
1575,05/02/2024 18:50:00,17.46,1280.96,,,,
1576,05/02/2024 18:55:00,17.41,916.16,,,,
1577,05/02/2024 19:00:00,17.37,367.52,,,,
1578,05/02/2024 19:05:00,17.41,713.28,,,,
1579,05/02/2024 19:10:00,17.41,634.40,,,,
1580,05/02/2024 19:15:00,17.33,102.20,,,,
1581,05/02/2024 19:20:00,17.33,260.08,,,,
1582,05/02/2024 19:25:00,17.24,166.48,,,,
1583,05/02/2024 19:30:00,17.24,50.62,,,,
1584,05/02/2024 19:35:00,17.24,58.88,,,,
1585,05/02/2024 19:40:00,17.20,31.65,,,,
1586,05/02/2024 19:45:00,17.16,15.74,,,,
1587,05/02/2024 19:50:00,17.16,14.23,,,,
1588,05/02/2024 19:55:00,17.03,3.23,,,,
1589,05/02/2024 20:00:00,17.07,1.07,,,,
1590,05/02/2024 20:05:00,17.03,0.21,,,,
1591,05/02/2024 20:10:00,16.90,0.00,,,,
1592,05/02/2024 20:15:00,16.90,0.00,,,,
1593,05/02/2024 20:20:00,16.86,0.00,,,,
1594,05/02/2024 20:25:00,16.81,0.00,,,,
1595,05/02/2024 20:30:00,16.73,0.00,,,,
1596,05/02/2024 20:35:00,16.73,0.00,,,,
1597,05/02/2024 20:40:00,16.64,0.00,,,,
1598,05/02/2024 20:45:00,16.60,0.00,,,,
1599,05/02/2024 20:50:00,16.56,0.00,,,,
1600,05/02/2024 20:55:00,16.47,0.00,,,,
1601,05/02/2024 21:00:00,16.47,0.00,,,,
1602,05/02/2024 21:05:00,16.43,0.00,,,,
1603,05/02/2024 21:10:00,16.39,0.00,,,,
1604,05/02/2024 21:15:00,16.34,0.00,,,,
1605,05/02/2024 21:20:00,16.30,0.00,,,,
1606,05/02/2024 21:25:00,16.26,0.00,,,,
1607,05/02/2024 21:30:00,16.21,0.00,,,,
1608,05/02/2024 21:35:00,16.21,0.00,,,,
1609,05/02/2024 21:40:00,16.17,0.00,,,,
1610,05/02/2024 21:45:00,16.13,0.00,,,,
1611,05/02/2024 21:50:00,16.08,0.00,,,,
1612,05/02/2024 21:55:00,16.04,0.00,,,,
1613,05/02/2024 22:00:00,16.00,0.00,,,,
1614,05/02/2024 22:05:00,15.96,0.00,,,,
1615,05/02/2024 22:10:00,15.96,0.00,,,,
1616,05/02/2024 22:15:00,16.00,0.00,,,,
1617,05/02/2024 22:20:00,15.96,0.00,,,,
1618,05/02/2024 22:25:00,15.96,0.00,,,,
1619,05/02/2024 22:30:00,15.91,0.00,,,,
1620,05/02/2024 22:35:00,15.91,0.00,,,,
1621,05/02/2024 22:40:00,15.91,0.00,,,,
1622,05/02/2024 22:45:00,15.91,0.00,,,,
1623,05/02/2024 22:50:00,15.91,0.00,,,,
1624,05/02/2024 22:55:00,15.91,0.00,,,,
1625,05/02/2024 23:00:00,15.96,0.00,,,,
1626,05/02/2024 23:05:00,15.87,0.00,,,,
1627,05/02/2024 23:10:00,15.87,0.00,,,,
1628,05/02/2024 23:15:00,15.87,0.00,,,,
1629,05/02/2024 23:20:00,15.87,0.00,,,,
1630,05/02/2024 23:25:00,15.87,0.00,,,,
1631,05/02/2024 23:30:00,15.87,0.00,,,,
1632,05/02/2024 23:35:00,15.87,0.00,,,,
1633,05/02/2024 23:40:00,15.87,0.00,,,,
1634,05/02/2024 23:45:00,15.83,0.00,,,,
1635,05/02/2024 23:50:00,15.83,0.00,,,,
1636,05/02/2024 23:55:00,15.83,0.00,,,,
1637,05/03/2024 00:00:00,15.87,0.00,,,,
1638,05/03/2024 00:05:00,15.87,0.00,,,,
1639,05/03/2024 00:10:00,15.78,0.00,,,,
1640,05/03/2024 00:15:00,15.83,0.00,,,,
1641,05/03/2024 00:20:00,15.83,0.00,,,,
1642,05/03/2024 00:25:00,15.83,0.00,,,,
1643,05/03/2024 00:30:00,15.87,0.00,,,,
1644,05/03/2024 00:35:00,15.83,0.00,,,,
1645,05/03/2024 00:40:00,15.87,0.00,,,,
1646,05/03/2024 00:45:00,15.83,0.00,,,,
1647,05/03/2024 00:50:00,15.83,0.00,,,,
1648,05/03/2024 00:55:00,15.83,0.00,,,,
1649,05/03/2024 01:00:00,15.83,0.00,,,,
1650,05/03/2024 01:05:00,15.87,0.00,,,,
1651,05/03/2024 01:10:00,15.83,0.00,,,,
1652,05/03/2024 01:15:00,15.83,0.00,,,,
1653,05/03/2024 01:20:00,15.87,0.00,,,,
1654,05/03/2024 01:25:00,15.83,0.00,,,,
1655,05/03/2024 01:30:00,15.83,0.00,,,,
1656,05/03/2024 01:35:00,15.83,0.00,,,,
1657,05/03/2024 01:40:00,15.83,0.00,,,,
1658,05/03/2024 01:45:00,15.83,0.00,,,,
1659,05/03/2024 01:50:00,15.83,0.00,,,,
1660,05/03/2024 01:55:00,15.83,0.00,,,,
1661,05/03/2024 02:00:00,15.87,0.00,,,,
1662,05/03/2024 02:05:00,15.87,0.00,,,,
1663,05/03/2024 02:10:00,15.87,0.00,,,,
1664,05/03/2024 02:15:00,15.91,0.00,,,,
1665,05/03/2024 02:20:00,15.87,0.00,,,,
1666,05/03/2024 02:25:00,15.91,0.00,,,,
1667,05/03/2024 02:30:00,15.87,0.00,,,,
1668,05/03/2024 02:35:00,15.87,0.00,,,,
1669,05/03/2024 02:40:00,15.87,0.00,,,,
1670,05/03/2024 02:45:00,15.87,0.00,,,,
1671,05/03/2024 02:50:00,15.96,0.00,,,,
1672,05/03/2024 02:55:00,15.96,0.00,,,,
1673,05/03/2024 03:00:00,15.96,0.00,,,,
1674,05/03/2024 03:05:00,15.91,0.00,,,,
1675,05/03/2024 03:10:00,15.96,0.00,,,,
1676,05/03/2024 03:15:00,15.96,0.00,,,,
1677,05/03/2024 03:20:00,15.96,0.00,,,,
1678,05/03/2024 03:25:00,15.96,0.00,,,,
1679,05/03/2024 03:30:00,15.96,0.00,,,,
1680,05/03/2024 03:35:00,15.96,0.00,,,,
1681,05/03/2024 03:40:00,15.96,0.00,,,,
1682,05/03/2024 03:45:00,16.00,0.00,,,,
1683,05/03/2024 03:50:00,16.00,0.00,,,,
1684,05/03/2024 03:55:00,15.96,0.00,,,,
1685,05/03/2024 04:00:00,16.00,0.00,,,,
1686,05/03/2024 04:05:00,16.00,0.00,,,,
1687,05/03/2024 04:10:00,15.96,0.00,,,,
1688,05/03/2024 04:15:00,16.00,0.00,,,,
1689,05/03/2024 04:20:00,16.00,0.00,,,,
1690,05/03/2024 04:25:00,16.00,0.00,,,,
1691,05/03/2024 04:30:00,15.91,0.00,,,,
1692,05/03/2024 04:35:00,16.00,0.00,,,,
1693,05/03/2024 04:40:00,16.00,0.00,,,,
1694,05/03/2024 04:45:00,16.04,0.00,,,,
1695,05/03/2024 04:50:00,15.96,0.00,,,,
1696,05/03/2024 04:55:00,16.00,0.00,,,,
1697,05/03/2024 05:00:00,16.00,0.00,,,,
1698,05/03/2024 05:05:00,16.00,0.00,,,,
1699,05/03/2024 05:10:00,16.00,0.00,,,,
1700,05/03/2024 05:15:00,16.00,0.00,,,,
1701,05/03/2024 05:20:00,16.00,0.00,,,,
1702,05/03/2024 05:25:00,15.96,0.00,,,,
1703,05/03/2024 05:30:00,15.96,0.00,,,,
1704,05/03/2024 05:35:00,15.91,0.00,,,,
1705,05/03/2024 05:40:00,15.96,0.64,,,,
1706,05/03/2024 05:45:00,15.96,1.94,,,,
1707,05/03/2024 05:50:00,15.91,3.23,,,,
1708,05/03/2024 05:55:00,15.91,9.05,,,,
1709,05/03/2024 06:00:00,15.96,18.36,,,,
1710,05/03/2024 06:05:00,15.96,14.88,,,,
1711,05/03/2024 06:10:00,15.91,25.07,,,,
1712,05/03/2024 06:15:00,15.91,82.28,,,,
1713,05/03/2024 06:20:00,15.87,121.20,,,,
1714,05/03/2024 06:25:00,15.91,121.20,,,,
1715,05/03/2024 06:30:00,15.91,52.78,,,,
1716,05/03/2024 06:35:00,15.91,218.48,,,,
1717,05/03/2024 06:40:00,15.91,180.24,,,,
1718,05/03/2024 06:45:00,15.96,150.76,,,,
1719,05/03/2024 06:50:00,15.96,632.80,,,,
1720,05/03/2024 06:55:00,15.91,377.12,,,,
1721,05/03/2024 07:00:00,15.91,278.16,,,,
1722,05/03/2024 07:05:00,15.91,398.56,,,,
1723,05/03/2024 07:10:00,15.96,781.12,,,,
1724,05/03/2024 07:15:00,15.91,520.96,,,,
1725,05/03/2024 07:20:00,15.91,586.08,,,,
1726,05/03/2024 07:25:00,15.91,707.20,,,,
1727,05/03/2024 07:30:00,15.96,1041.92,,,,
1728,05/03/2024 07:35:00,15.91,493.44,,,,
1729,05/03/2024 07:40:00,15.96,1540.48,,,,
1730,05/03/2024 07:45:00,15.96,248.88,,,,
1731,05/03/2024 07:50:00,15.91,890.24,,,,
1732,05/03/2024 07:55:00,15.96,1884.16,,,,
1733,05/03/2024 08:00:00,15.96,2070.40,,,,
1734,05/03/2024 08:05:00,16.00,1227.52,,,,
1735,05/03/2024 08:10:00,16.00,2579.20,,,,
1736,05/03/2024 08:15:00,16.04,3060.48,,,,
1737,05/03/2024 08:20:00,16.00,1766.40,,,,
1738,05/03/2024 08:25:00,16.04,662.40,,,,
1739,05/03/2024 08:30:00,16.00,2839.04,,,,
1740,05/03/2024 08:35:00,16.04,2082.56,,,,
1741,05/03/2024 08:40:00,16.04,3829.76,,,,
1742,05/03/2024 08:45:00,16.08,1754.24,,,,
1743,05/03/2024 08:50:00,16.13,4702.72,,,,
1744,05/03/2024 08:55:00,16.13,1706.24,,,,
1745,05/03/2024 09:00:00,16.17,4330.24,,,,
1746,05/03/2024 09:05:00,16.21,1690.88,,,,
1747,05/03/2024 09:10:00,16.21,3505.92,,,,
1748,05/03/2024 09:15:00,16.30,2910.72,,,,
1749,05/03/2024 09:20:00,16.34,3120.64,,,,
1750,05/03/2024 09:25:00,16.39,5301.76,,,,
1751,05/03/2024 09:30:00,16.39,4675.84,,,,
1752,05/03/2024 09:35:00,16.43,4668.16,,,,
1753,05/03/2024 09:40:00,16.47,9950.72,,,,
1754,05/03/2024 09:45:00,16.51,3998.72,,,,
1755,05/03/2024 09:50:00,16.60,9620.48,,,,
1756,05/03/2024 09:55:00,16.60,7032.32,,,,
1757,05/03/2024 10:00:00,16.60,2261.76,,,,
1758,05/03/2024 10:05:00,16.77,11924.48,,,,
1759,05/03/2024 10:10:00,16.86,10068.48,,,,
1760,05/03/2024 10:15:00,16.94,11509.76,,,,
1761,05/03/2024 10:20:00,17.16,17356.80,,,,
1762,05/03/2024 10:25:00,17.29,21934.08,,,,
1763,05/03/2024 10:30:00,17.41,13312.00,,,,
1764,05/03/2024 10:35:00,17.80,23459.84,,,,
1765,05/03/2024 10:40:00,18.27,35481.60,,,,
1766,05/03/2024 10:45:00,19.05,30197.76,,,,
1767,05/03/2024 10:50:00,19.52,31590.40,,,,
1768,05/03/2024 10:55:00,20.72,33177.60,,,,
1769,05/03/2024 11:00:00,21.40,37365.76,,,,
1770,05/03/2024 11:05:00,22.91,48394.24,,,,
1771,05/03/2024 11:10:00,24.75,52244.48,,,,
1772,05/03/2024 11:15:00,25.99,41984.00,,,,
1773,05/03/2024 11:20:00,27.58,48701.44,,,,
1774,05/03/2024 11:25:00,28.01,46325.76,,,,
1775,05/03/2024 11:30:00,28.40,57405.44,,,,
1776,05/03/2024 11:35:00,29.21,48762.88,,,,
1777,05/03/2024 11:40:00,29.81,57999.36,,,,
1778,05/03/2024 11:45:00,32.22,94904.32,,,,
1779,05/03/2024 11:50:00,32.30,70287.36,,,,
1780,05/03/2024 11:55:00,33.33,82268.16,,,,
1781,05/03/2024 12:00:00,34.57,86958.08,,,,
1782,05/03/2024 12:05:00,35.09,92160.00,,,,
1783,05/03/2024 12:10:00,34.79,54784.00,,,,
1784,05/03/2024 12:15:00,35.48,75878.40,,,,
1785,05/03/2024 12:20:00,35.35,57671.68,,,,
1786,05/03/2024 12:25:00,34.40,53207.04,,,,
1787,05/03/2024 12:30:00,33.07,53391.36,,,,
1788,05/03/2024 12:35:00,33.89,48353.28,,,,
1789,05/03/2024 12:40:00,32.64,45608.96,,,,
1790,05/03/2024 12:45:00,35.65,60252.16,,,,
1791,05/03/2024 12:50:00,36.51,62484.48,,,,
1792,05/03/2024 12:55:00,36.85,67461.12,,,,
1793,05/03/2024 13:00:00,36.03,60661.76,,,,
1794,05/03/2024 13:05:00,34.19,59658.24,,,,
1795,05/03/2024 13:10:00,34.66,54743.04,,,,
1796,05/03/2024 13:15:00,35.05,66662.40,,,,
1797,05/03/2024 13:20:00,36.38,82534.40,,,,
1798,05/03/2024 13:25:00,36.42,89415.68,,,,
1799,05/03/2024 13:30:00,36.72,87040.00,,,,
1800,05/03/2024 13:35:00,37.11,84418.56,,,,
1801,05/03/2024 13:40:00,37.02,69263.36,,,,
1802,05/03/2024 13:45:00,37.15,82042.88,,,,
1803,05/03/2024 13:50:00,37.32,85483.52,,,,
1804,05/03/2024 13:55:00,37.23,83415.04,,,,
1805,05/03/2024 14:00:00,37.11,82595.84,,,,
1806,05/03/2024 14:05:00,36.72,83148.80,,,,
1807,05/03/2024 14:10:00,36.25,79564.80,,,,
1808,05/03/2024 14:15:00,31.27,82042.88,,,,
1809,05/03/2024 14:20:00,27.75,79011.84,,,,
1810,05/03/2024 14:25:00,26.30,72519.68,,,,
1811,05/03/2024 14:30:00,24.32,71004.16,,,,
1812,05/03/2024 14:35:00,22.69,67297.28,,,,
1813,05/03/2024 14:40:00,22.56,62955.52,,,,
1814,05/03/2024 14:45:00,21.58,26900.48,,,,
1815,05/03/2024 14:50:00,21.02,51712.00,,,,
1816,05/03/2024 14:55:00,20.89,55726.08,,,,
1817,05/03/2024 15:00:00,20.55,19082.24,,,,
1818,05/03/2024 15:05:00,20.42,23285.76,,,,
1819,05/03/2024 15:10:00,19.95,39802.88,,,,
1820,05/03/2024 15:15:00,19.90,30269.44,,,,
1821,05/03/2024 15:20:00,19.60,2375.68,,,,
1822,05/03/2024 15:25:00,19.56,2556.80,,,,
1823,05/03/2024 15:30:00,19.60,7045.12,,,,
1824,05/03/2024 15:35:00,19.77,11130.88,,,,
1825,05/03/2024 15:40:00,19.60,4275.20,,,,
1826,05/03/2024 15:45:00,19.65,15411.20,,,,
1827,05/03/2024 15:50:00,19.65,5123.84,,,,
1828,05/03/2024 15:55:00,19.52,7383.04,,,,
1829,05/03/2024 16:00:00,19.65,3815.68,,,,
1830,05/03/2024 16:05:00,19.65,18667.52,,,,
1831,05/03/2024 16:10:00,19.73,23797.76,,,,
1832,05/03/2024 16:15:00,19.60,17177.60,,,,
1833,05/03/2024 16:20:00,19.47,4462.08,,,,
1834,05/03/2024 16:25:00,19.56,20157.44,,,,
1835,05/03/2024 16:30:00,19.39,5468.16,,,,
1836,05/03/2024 16:35:00,19.35,3978.24,,,,
1837,05/03/2024 16:40:00,19.26,7129.60,,,,
1838,05/03/2024 16:45:00,19.26,6755.84,,,,
1839,05/03/2024 16:50:00,19.22,15160.32,,,,
1840,05/03/2024 16:55:00,19.17,3590.40,,,,
1841,05/03/2024 17:00:00,19.13,2327.68,,,,
1842,05/03/2024 17:05:00,19.17,4316.16,,,,
1843,05/03/2024 17:10:00,19.13,5299.20,,,,
1844,05/03/2024 17:15:00,19.09,1884.16,,,,
1845,05/03/2024 17:20:00,19.05,2106.24,,,,
1846,05/03/2024 17:25:00,18.92,7016.96,,,,
1847,05/03/2024 17:30:00,18.87,3284.48,,,,
1848,05/03/2024 17:35:00,18.79,2663.68,,,,
1849,05/03/2024 17:40:00,18.74,4896.00,,,,
1850,05/03/2024 17:45:00,18.70,6448.64,,,,
1851,05/03/2024 17:50:00,18.57,1844.48,,,,
1852,05/03/2024 17:55:00,18.49,741.76,,,,
1853,05/03/2024 18:00:00,18.49,607.36,,,,
1854,05/03/2024 18:05:00,18.44,1994.24,,,,
1855,05/03/2024 18:10:00,18.36,1486.08,,,,
1856,05/03/2024 18:15:00,18.32,1655.04,,,,
1857,05/03/2024 18:20:00,18.23,1061.76,,,,
1858,05/03/2024 18:25:00,18.23,1098.24,,,,
1859,05/03/2024 18:30:00,18.19,795.84,,,,
1860,05/03/2024 18:35:00,18.19,1132.48,,,,
1861,05/03/2024 18:40:00,18.10,219.28,,,,
1862,05/03/2024 18:45:00,18.14,64.30,,,,
1863,05/03/2024 18:50:00,18.10,361.44,,,,
1864,05/03/2024 18:55:00,18.06,720.96,,,,
1865,05/03/2024 19:00:00,18.02,505.92,,,,
1866,05/03/2024 19:05:00,18.02,403.68,,,,
1867,05/03/2024 19:10:00,17.97,580.48,,,,
1868,05/03/2024 19:15:00,17.89,114.28,,,,
1869,05/03/2024 19:20:00,17.89,197.76,,,,
1870,05/03/2024 19:25:00,17.89,144.60,,,,
1871,05/03/2024 19:30:00,17.89,177.68,,,,
1872,05/03/2024 19:35:00,17.84,41.08,,,,
1873,05/03/2024 19:40:00,17.84,37.63,,,,
1874,05/03/2024 19:45:00,17.84,30.27,,,,
1875,05/03/2024 19:50:00,17.84,11.00,,,,
1876,05/03/2024 19:55:00,17.80,2.15,,,,
1877,05/03/2024 20:00:00,17.76,0.86,,,,
1878,05/03/2024 20:05:00,17.76,0.00,,,,
1879,05/03/2024 20:10:00,17.72,0.00,,,,
1880,05/03/2024 20:15:00,17.72,0.00,,,,
1881,05/03/2024 20:20:00,17.72,0.00,,,,
1882,05/03/2024 20:25:00,17.67,0.00,,,,
1883,05/03/2024 20:30:00,17.63,0.00,,,,
1884,05/03/2024 20:35:00,17.59,0.00,,,,
1885,05/03/2024 20:40:00,17.59,0.00,,,,
1886,05/03/2024 20:45:00,17.59,0.00,,,,
1887,05/03/2024 20:50:00,17.54,0.00,,,,
1888,05/03/2024 20:55:00,17.46,0.00,,,,
1889,05/03/2024 21:00:00,17.50,0.00,,,,
1890,05/03/2024 21:05:00,17.46,0.00,,,,
1891,05/03/2024 21:10:00,17.41,0.00,,,,
1892,05/03/2024 21:15:00,17.37,0.00,,,,
1893,05/03/2024 21:20:00,17.37,0.00,,,,
1894,05/03/2024 21:25:00,17.33,0.00,,,,
1895,05/03/2024 21:30:00,17.29,0.00,,,,
1896,05/03/2024 21:35:00,17.29,0.00,,,,
1897,05/03/2024 21:40:00,17.24,0.00,,,,
1898,05/03/2024 21:45:00,17.24,0.00,,,,
1899,05/03/2024 21:50:00,17.11,0.00,,,,
1900,05/03/2024 21:55:00,17.16,0.00,,,,
1901,05/03/2024 22:00:00,17.11,0.00,,,,
1902,05/03/2024 22:05:00,16.99,0.00,,,,
1903,05/03/2024 22:10:00,16.94,0.00,,,,
1904,05/03/2024 22:15:00,16.90,0.00,,,,
1905,05/03/2024 22:20:00,16.90,0.00,,,,
1906,05/03/2024 22:25:00,16.86,0.00,,,,
1907,05/03/2024 22:30:00,16.81,0.00,,,,
1908,05/03/2024 22:35:00,16.77,0.00,,,,
1909,05/03/2024 22:40:00,16.77,0.00,,,,
1910,05/03/2024 22:45:00,16.77,0.00,,,,
1911,05/03/2024 22:50:00,16.81,0.00,,,,
1912,05/03/2024 22:55:00,16.73,0.00,,,,
1913,05/03/2024 23:00:00,16.73,0.00,,,,
1914,05/03/2024 23:05:00,16.69,0.00,,,,
1915,05/03/2024 23:10:00,16.69,0.00,,,,
1916,05/03/2024 23:15:00,16.64,0.00,,,,
1917,05/03/2024 23:20:00,16.60,0.00,,,,
1918,05/03/2024 23:25:00,16.60,0.00,,,,
1919,05/03/2024 23:30:00,16.60,0.00,,,,
1920,05/03/2024 23:35:00,16.64,0.00,,,,
1921,05/03/2024 23:40:00,16.69,0.00,,,,
1922,05/03/2024 23:45:00,16.60,0.00,,,,
1923,05/03/2024 23:50:00,16.64,0.00,,,,
1924,05/03/2024 23:55:00,16.60,0.00,,,,
1925,05/04/2024 00:00:00,16.56,0.00,,,,
1926,05/04/2024 00:05:00,16.60,0.00,,,,
1927,05/04/2024 00:10:00,16.56,0.00,,,,
1928,05/04/2024 00:15:00,16.56,0.00,,,,
1929,05/04/2024 00:20:00,16.56,0.00,,,,
1930,05/04/2024 00:25:00,16.56,0.00,,,,
1931,05/04/2024 00:30:00,16.56,0.00,,,,
1932,05/04/2024 00:35:00,16.51,0.00,,,,
1933,05/04/2024 00:40:00,16.56,0.00,,,,
1934,05/04/2024 00:45:00,16.51,0.00,,,,
1935,05/04/2024 00:50:00,16.51,0.00,,,,
1936,05/04/2024 00:55:00,16.47,0.00,,,,
1937,05/04/2024 01:00:00,16.56,0.00,,,,
1938,05/04/2024 01:05:00,16.51,0.00,,,,
1939,05/04/2024 01:10:00,16.47,0.00,,,,
1940,05/04/2024 01:15:00,16.47,0.00,,,,
1941,05/04/2024 01:20:00,16.47,0.00,,,,
1942,05/04/2024 01:25:00,16.47,0.00,,,,
1943,05/04/2024 01:30:00,16.51,0.00,,,,
1944,05/04/2024 01:35:00,16.47,0.00,,,,
1945,05/04/2024 01:40:00,16.51,0.00,,,,
1946,05/04/2024 01:45:00,16.47,0.00,,,,
1947,05/04/2024 01:50:00,16.43,0.00,,,,
1948,05/04/2024 01:55:00,16.47,0.00,,,,
1949,05/04/2024 02:00:00,16.47,0.00,,,,
1950,05/04/2024 02:05:00,16.43,0.00,,,,
1951,05/04/2024 02:10:00,16.43,0.00,,,,
1952,05/04/2024 02:15:00,16.43,0.00,,,,
1953,05/04/2024 02:20:00,16.43,0.00,,,,
1954,05/04/2024 02:25:00,16.43,0.00,,,,
1955,05/04/2024 02:30:00,16.47,0.00,,,,
1956,05/04/2024 02:35:00,16.43,0.00,,,,
1957,05/04/2024 02:40:00,16.43,0.00,,,,
1958,05/04/2024 02:45:00,16.39,0.00,,,,
1959,05/04/2024 02:50:00,16.39,0.00,,,,
1960,05/04/2024 02:55:00,16.39,0.00,,,,
1961,05/04/2024 03:00:00,16.34,0.00,,,,
1962,05/04/2024 03:05:00,16.39,0.00,,,,
1963,05/04/2024 03:10:00,16.39,0.00,,,,
1964,05/04/2024 03:15:00,16.34,0.00,,,,
1965,05/04/2024 03:20:00,16.39,0.00,,,,
1966,05/04/2024 03:25:00,16.39,0.00,,,,
1967,05/04/2024 03:30:00,16.34,0.00,,,,
1968,05/04/2024 03:35:00,16.30,0.00,,,,
1969,05/04/2024 03:40:00,16.34,0.00,,,,
1970,05/04/2024 03:45:00,16.39,0.00,,,,
1971,05/04/2024 03:50:00,16.39,0.00,,,,
1972,05/04/2024 03:55:00,16.30,0.00,,,,
1973,05/04/2024 04:00:00,16.30,0.00,,,,
1974,05/04/2024 04:05:00,16.30,0.00,,,,
1975,05/04/2024 04:10:00,16.30,0.00,,,,
1976,05/04/2024 04:15:00,16.30,0.00,,,,
1977,05/04/2024 04:20:00,16.34,0.00,,,,
1978,05/04/2024 04:25:00,16.30,0.00,,,,
1979,05/04/2024 04:30:00,16.26,0.00,,,,
1980,05/04/2024 04:35:00,16.26,0.00,,,,
1981,05/04/2024 04:40:00,16.26,0.00,,,,
1982,05/04/2024 04:45:00,16.26,0.00,,,,
1983,05/04/2024 04:50:00,16.26,0.00,,,,
1984,05/04/2024 04:55:00,16.30,0.00,,,,
1985,05/04/2024 05:00:00,16.21,0.00,,,,
1986,05/04/2024 05:05:00,16.21,0.00,,,,
1987,05/04/2024 05:10:00,16.26,0.00,,,,
1988,05/04/2024 05:15:00,16.21,0.00,,,,
1989,05/04/2024 05:20:00,16.21,0.00,,,,
1990,05/04/2024 05:25:00,16.17,0.00,,,,
1991,05/04/2024 05:30:00,16.17,0.00,,,,
1992,05/04/2024 05:35:00,16.17,0.00,,,,
1993,05/04/2024 05:40:00,16.17,0.43,,,,
1994,05/04/2024 05:45:00,16.17,1.07,,,,
1995,05/04/2024 05:50:00,16.13,3.01,,,,
1996,05/04/2024 05:55:00,16.13,10.78,,,,
1997,05/04/2024 06:00:00,16.13,33.70,,,,
1998,05/04/2024 06:05:00,16.13,15.96,,,,
1999,05/04/2024 06:10:00,16.08,65.34,,,,
2000,05/04/2024 06:15:00,16.13,66.64,,,,
2001,05/04/2024 06:20:00,16.13,123.04,,,,
2002,05/04/2024 06:25:00,16.08,112.56,,,,
2003,05/04/2024 06:30:00,16.08,242.64,,,,
2004,05/04/2024 06:35:00,16.04,309.44,,,,
2005,05/04/2024 06:40:00,16.08,96.92,,,,
2006,05/04/2024 06:45:00,16.08,352.00,,,,
2007,05/04/2024 06:50:00,16.04,544.32,,,,
2008,05/04/2024 06:55:00,16.04,586.56,,,,
2009,05/04/2024 07:00:00,16.08,336.96,,,,
2010,05/04/2024 07:05:00,16.04,1066.24,,,,
2011,05/04/2024 07:10:00,16.04,569.28,,,,
2012,05/04/2024 07:15:00,16.04,1431.04,,,,
2013,05/04/2024 07:20:00,16.00,855.68,,,,
2014,05/04/2024 07:25:00,16.04,1263.04,,,,
2015,05/04/2024 07:30:00,16.00,1119.68,,,,
2016,05/04/2024 07:35:00,16.04,1582.08,,,,
2017,05/04/2024 07:40:00,15.96,1191.36,,,,
2018,05/04/2024 07:45:00,16.00,1820.16,,,,
2019,05/04/2024 07:50:00,16.00,2127.36,,,,
2020,05/04/2024 07:55:00,16.00,2413.44,,,,
2021,05/04/2024 08:00:00,16.00,1399.04,,,,
2022,05/04/2024 08:05:00,16.00,2385.92,,,,
2023,05/04/2024 08:10:00,16.00,2624.00,,,,
2024,05/04/2024 08:15:00,16.00,2818.56,,,,
2025,05/04/2024 08:20:00,16.00,1304.32,,,,
2026,05/04/2024 08:25:00,16.00,1362.56,,,,
2027,05/04/2024 08:30:00,15.96,2917.12,,,,
2028,05/04/2024 08:35:00,15.96,366.56,,,,
2029,05/04/2024 08:40:00,15.96,2654.72,,,,
2030,05/04/2024 08:45:00,15.96,4755.20,,,,
2031,05/04/2024 08:50:00,15.96,6218.24,,,,
2032,05/04/2024 08:55:00,16.00,3072.00,,,,
2033,05/04/2024 09:00:00,15.96,4399.36,,,,
2034,05/04/2024 09:05:00,15.91,6845.44,,,,
2035,05/04/2024 09:10:00,15.91,4448.00,,,,
2036,05/04/2024 09:15:00,15.87,2497.92,,,,
2037,05/04/2024 09:20:00,15.96,4206.08,,,,
2038,05/04/2024 09:25:00,15.91,7956.48,,,,
2039,05/04/2024 09:30:00,15.91,7695.36,,,,
2040,05/04/2024 09:35:00,15.87,8412.16,,,,
2041,05/04/2024 09:40:00,15.91,4889.60,,,,
2042,05/04/2024 09:45:00,15.96,2293.12,,,,
2043,05/04/2024 09:50:00,15.91,3874.56,,,,
2044,05/04/2024 09:55:00,15.96,6123.52,,,,
2045,05/04/2024 10:00:00,15.96,5562.88,,,,
2046,05/04/2024 10:05:00,15.91,6776.32,,,,
2047,05/04/2024 10:10:00,16.00,3978.24,,,,
2048,05/04/2024 10:15:00,16.04,6164.48,,,,
2049,05/04/2024 10:20:00,16.04,9991.68,,,,
2050,05/04/2024 10:25:00,16.08,2796.80,,,,
2051,05/04/2024 10:30:00,16.13,7895.04,,,,
2052,05/04/2024 10:35:00,16.17,7736.32,,,,
2053,05/04/2024 10:40:00,16.21,9454.08,,,,
2054,05/04/2024 10:45:00,16.30,8122.88,,,,
2055,05/04/2024 10:50:00,16.39,9917.44,,,,
2056,05/04/2024 10:55:00,16.51,12497.92,,,,
2057,05/04/2024 11:00:00,16.81,20751.36,,,,
2058,05/04/2024 11:05:00,17.03,22415.36,,,,
2059,05/04/2024 11:10:00,17.16,18396.16,,,,
2060,05/04/2024 11:15:00,17.29,26767.36,,,,
2061,05/04/2024 11:20:00,17.46,22845.44,,,,
2062,05/04/2024 11:25:00,18.19,42618.88,,,,
2063,05/04/2024 11:30:00,19.00,57630.72,,,,
2064,05/04/2024 11:35:00,20.42,51363.84,,,,
2065,05/04/2024 11:40:00,20.76,39249.92,,,,
2066,05/04/2024 11:45:00,20.98,67194.88,,,,
2067,05/04/2024 11:50:00,22.35,39690.24,,,,
2068,05/04/2024 11:55:00,21.40,34283.52,,,,
2069,05/04/2024 12:00:00,22.31,34129.92,,,,
2070,05/04/2024 12:05:00,22.22,30289.92,,,,
2071,05/04/2024 12:10:00,22.99,36464.64,,,,
2072,05/04/2024 12:15:00,23.68,37345.28,,,,
2073,05/04/2024 12:20:00,24.45,39229.44,,,,
2074,05/04/2024 12:25:00,24.66,37447.68,,,,
2075,05/04/2024 12:30:00,25.31,43765.76,,,,
2076,05/04/2024 12:35:00,25.57,36177.92,,,,
2077,05/04/2024 12:40:00,25.44,37017.60,,,,
2078,05/04/2024 12:45:00,25.78,41185.28,,,,
2079,05/04/2024 12:50:00,27.75,61173.76,,,,
2080,05/04/2024 12:55:00,30.54,44544.00,,,,
2081,05/04/2024 13:00:00,27.67,38400.00,,,,
2082,05/04/2024 13:05:00,27.20,44052.48,,,,
2083,05/04/2024 13:10:00,28.57,59064.32,,,,
2084,05/04/2024 13:15:00,29.04,59842.56,,,,
2085,05/04/2024 13:20:00,28.40,47247.36,,,,
2086,05/04/2024 13:25:00,27.67,47165.44,,,,
2087,05/04/2024 13:30:00,27.84,50339.84,,,,
2088,05/04/2024 13:35:00,28.78,66048.00,,,,
2089,05/04/2024 13:40:00,30.46,63549.44,,,,
2090,05/04/2024 13:45:00,29.51,43950.08,,,,
2091,05/04/2024 13:50:00,27.15,31180.80,,,,
2092,05/04/2024 13:55:00,25.87,37683.20,,,,
2093,05/04/2024 14:00:00,25.78,40775.68,,,,
2094,05/04/2024 14:05:00,25.87,40622.08,,,,
2095,05/04/2024 14:10:00,26.77,45895.68,,,,
2096,05/04/2024 14:15:00,27.45,46919.68,,,,
2097,05/04/2024 14:20:00,27.75,50319.36,,,,
2098,05/04/2024 14:25:00,28.44,49172.48,,,,
2099,05/04/2024 14:30:00,29.64,65372.16,,,,
2100,05/04/2024 14:35:00,25.78,50626.56,,,,
2101,05/04/2024 14:40:00,23.68,50278.40,,,,
2102,05/04/2024 14:45:00,22.22,44769.28,,,,
2103,05/04/2024 14:50:00,21.02,35307.52,,,,
2104,05/04/2024 14:55:00,20.50,37785.60,,,,
2105,05/04/2024 15:00:00,20.37,35563.52,,,,
2106,05/04/2024 15:05:00,19.26,27463.68,,,,
2107,05/04/2024 15:10:00,18.96,24002.56,,,,
2108,05/04/2024 15:15:00,18.70,17960.96,,,,
2109,05/04/2024 15:20:00,18.57,20864.00,,,,
2110,05/04/2024 15:25:00,18.49,16204.80,,,,
2111,05/04/2024 15:30:00,18.27,7626.24,,,,
2112,05/04/2024 15:35:00,18.27,18416.64,,,,
2113,05/04/2024 15:40:00,18.19,3354.88,,,,
2114,05/04/2024 15:45:00,18.10,6886.40,,,,
2115,05/04/2024 15:50:00,18.23,3203.84,,,,
2116,05/04/2024 15:55:00,18.14,205.52,,,,
2117,05/04/2024 16:00:00,18.19,4668.16,,,,
2118,05/04/2024 16:05:00,18.32,6402.56,,,,
2119,05/04/2024 16:10:00,18.36,16732.16,,,,
2120,05/04/2024 16:15:00,18.40,14643.20,,,,
2121,05/04/2024 16:20:00,18.27,8880.64,,,,
2122,05/04/2024 16:25:00,18.23,6010.88,,,,
2123,05/04/2024 16:30:00,18.23,704.00,,,,
2124,05/04/2024 16:35:00,18.19,1652.48,,,,
2125,05/04/2024 16:40:00,18.10,2378.88,,,,
2126,05/04/2024 16:45:00,17.93,4136.96,,,,
2127,05/04/2024 16:50:00,17.97,6174.72,,,,
2128,05/04/2024 16:55:00,17.89,6812.16,,,,
2129,05/04/2024 17:00:00,17.93,6686.72,,,,
2130,05/04/2024 17:05:00,17.89,2147.84,,,,
2131,05/04/2024 17:10:00,17.80,4751.36,,,,
2132,05/04/2024 17:15:00,17.80,6586.88,,,,
2133,05/04/2024 17:20:00,17.76,1999.36,,,,
2134,05/04/2024 17:25:00,17.76,4519.68,,,,
2135,05/04/2024 17:30:00,17.54,1279.36,,,,
2136,05/04/2024 17:35:00,17.41,3726.08,,,,
2137,05/04/2024 17:40:00,17.41,1928.96,,,,
2138,05/04/2024 17:45:00,17.37,7646.72,,,,
2139,05/04/2024 17:50:00,17.33,2211.84,,,,
2140,05/04/2024 17:55:00,17.33,2556.80,,,,
2141,05/04/2024 18:00:00,17.29,2688.00,,,,
2142,05/04/2024 18:05:00,17.24,2588.16,,,,
2143,05/04/2024 18:10:00,17.24,2947.84,,,,
2144,05/04/2024 18:15:00,17.20,818.24,,,,
2145,05/04/2024 18:20:00,17.24,2270.72,,,,
2146,05/04/2024 18:25:00,17.20,1832.32,,,,
2147,05/04/2024 18:30:00,17.20,2227.20,,,,
2148,05/04/2024 18:35:00,17.11,1040.32,,,,
2149,05/04/2024 18:40:00,17.16,512.32,,,,
2150,05/04/2024 18:45:00,17.11,1056.64,,,,
2151,05/04/2024 18:50:00,17.11,702.40,,,,
2152,05/04/2024 18:55:00,17.07,705.60,,,,
2153,05/04/2024 19:00:00,17.03,138.56,,,,
2154,05/04/2024 19:05:00,17.03,401.92,,,,
2155,05/04/2024 19:10:00,17.03,124.64,,,,
2156,05/04/2024 19:15:00,16.99,240.88,,,,
2157,05/04/2024 19:20:00,16.99,101.24,,,,
2158,05/04/2024 19:25:00,16.94,106.44,,,,
2159,05/04/2024 19:30:00,16.99,83.00,,,,
2160,05/04/2024 19:35:00,16.94,19.00,,,,
2161,05/04/2024 19:40:00,16.94,49.76,,,,
2162,05/04/2024 19:45:00,16.90,29.62,,,,
2163,05/04/2024 19:50:00,16.94,5.39,,,,
2164,05/04/2024 19:55:00,16.94,3.23,,,,
2165,05/04/2024 20:00:00,16.90,1.29,,,,
2166,05/04/2024 20:05:00,16.90,0.00,,,,
2167,05/04/2024 20:10:00,16.86,0.00,,,,
2168,05/04/2024 20:15:00,16.90,0.00,,,,
2169,05/04/2024 20:20:00,16.86,0.00,,,,
2170,05/04/2024 20:25:00,16.81,0.00,,,,
2171,05/04/2024 20:30:00,16.86,0.00,,,,
2172,05/04/2024 20:35:00,16.86,0.00,,,,
2173,05/04/2024 20:40:00,16.73,0.00,,,,
2174,05/04/2024 20:45:00,16.77,0.00,,,,
2175,05/04/2024 20:50:00,16.77,0.00,,,,
2176,05/04/2024 20:55:00,16.77,0.00,,,,
2177,05/04/2024 21:00:00,16.73,0.00,,,,
2178,05/04/2024 21:05:00,16.69,0.00,,,,
2179,05/04/2024 21:10:00,16.69,0.00,,,,
2180,05/04/2024 21:15:00,16.69,0.00,,,,
2181,05/04/2024 21:20:00,16.64,0.00,,,,
2182,05/04/2024 21:25:00,16.64,0.00,,,,
2183,05/04/2024 21:30:00,16.60,0.00,,,,
2184,05/04/2024 21:35:00,16.60,0.00,,,,
2185,05/04/2024 21:40:00,16.51,0.00,,,,
2186,05/04/2024 21:45:00,16.51,0.00,,,,
2187,05/04/2024 21:50:00,16.43,0.00,,,,
2188,05/04/2024 21:55:00,16.39,0.00,,,,
2189,05/04/2024 22:00:00,16.39,0.00,,,,
2190,05/04/2024 22:05:00,16.34,0.00,,,,
2191,05/04/2024 22:10:00,16.30,0.00,,,,
2192,05/04/2024 22:15:00,16.26,0.00,,,,
2193,05/04/2024 22:20:00,16.17,0.00,,,,
2194,05/04/2024 22:25:00,16.13,0.00,,,,
2195,05/04/2024 22:30:00,16.04,0.00,,,,
2196,05/04/2024 22:35:00,15.96,0.00,,,,
2197,05/04/2024 22:40:00,15.87,0.00,,,,
2198,05/04/2024 22:45:00,15.83,0.00,,,,
2199,05/04/2024 22:50:00,15.78,0.00,,,,
2200,05/04/2024 22:55:00,15.83,0.00,,,,
2201,05/04/2024 23:00:00,15.78,0.00,,,,
2202,05/04/2024 23:05:00,15.70,0.00,,,,
2203,05/04/2024 23:10:00,15.57,0.00,,,,
2204,05/04/2024 23:15:00,15.57,0.00,,,,
2205,05/04/2024 23:20:00,15.53,0.00,,,,
2206,05/04/2024 23:25:00,15.48,0.00,,,,
2207,05/04/2024 23:30:00,15.48,0.00,,,,
2208,05/04/2024 23:35:00,15.44,0.00,,,,
2209,05/04/2024 23:40:00,15.48,0.00,,,,
2210,05/04/2024 23:45:00,15.44,0.00,,,,
2211,05/04/2024 23:50:00,15.40,0.00,,,,
2212,05/04/2024 23:55:00,15.36,0.00,,,,
2213,05/05/2024 00:00:00,15.36,0.00,,,,
2214,05/05/2024 00:05:00,15.36,0.00,,,,
2215,05/05/2024 00:10:00,15.36,0.00,,,,
2216,05/05/2024 00:15:00,15.31,0.00,,,,
2217,05/05/2024 00:20:00,15.27,0.00,,,,
2218,05/05/2024 00:25:00,15.23,0.00,,,,
2219,05/05/2024 00:30:00,15.23,0.00,,,,
2220,05/05/2024 00:35:00,15.14,0.00,,,,
2221,05/05/2024 00:40:00,15.14,0.00,,,,
2222,05/05/2024 00:45:00,15.01,0.00,,,,
2223,05/05/2024 00:50:00,14.93,0.00,,,,
2224,05/05/2024 00:55:00,14.75,0.00,,,,
2225,05/05/2024 01:00:00,14.50,0.00,,,,
2226,05/05/2024 01:05:00,14.20,0.00,,,,
2227,05/05/2024 01:10:00,13.94,0.00,,,,
2228,05/05/2024 01:15:00,13.90,0.00,,,,
2229,05/05/2024 01:20:00,14.03,0.00,,,,
2230,05/05/2024 01:25:00,14.07,0.00,,,,
2231,05/05/2024 01:30:00,14.07,0.00,,,,
2232,05/05/2024 01:35:00,14.15,0.00,,,,
2233,05/05/2024 01:40:00,14.11,0.00,,,,
2234,05/05/2024 01:45:00,14.11,0.00,,,,
2235,05/05/2024 01:50:00,14.15,0.00,,,,
2236,05/05/2024 01:55:00,14.15,0.00,,,,
2237,05/05/2024 02:00:00,14.24,0.00,,,,
2238,05/05/2024 02:05:00,14.24,0.00,,,,
2239,05/05/2024 02:10:00,14.24,0.21,,,,
2240,05/05/2024 02:15:00,14.24,0.00,,,,
2241,05/05/2024 02:20:00,14.28,0.00,,,,
2242,05/05/2024 02:25:00,14.24,0.00,,,,
2243,05/05/2024 02:30:00,14.28,0.00,,,,
2244,05/05/2024 02:35:00,14.28,0.00,,,,
2245,05/05/2024 02:40:00,14.24,0.00,,,,
2246,05/05/2024 02:45:00,14.28,0.00,,,,
2247,05/05/2024 02:50:00,14.45,0.00,,,,
2248,05/05/2024 02:55:00,14.28,0.00,,,,
2249,05/05/2024 03:00:00,14.33,0.00,,,,
2250,05/05/2024 03:05:00,14.50,0.00,,,,
2251,05/05/2024 03:10:00,14.67,0.00,,,,
2252,05/05/2024 03:15:00,14.75,0.00,,,,
2253,05/05/2024 03:20:00,14.84,0.00,,,,
2254,05/05/2024 03:25:00,14.93,0.00,,,,
2255,05/05/2024 03:30:00,14.88,0.00,,,,
2256,05/05/2024 03:35:00,14.88,0.00,,,,
2257,05/05/2024 03:40:00,14.84,0.00,,,,
2258,05/05/2024 03:45:00,14.84,0.00,,,,
2259,05/05/2024 03:50:00,14.84,0.00,,,,
2260,05/05/2024 03:55:00,14.84,0.00,,,,
2261,05/05/2024 04:00:00,14.75,0.00,,,,
2262,05/05/2024 04:05:00,14.80,0.00,,,,
2263,05/05/2024 04:10:00,14.75,0.00,,,,
2264,05/05/2024 04:15:00,14.75,0.00,,,,
2265,05/05/2024 04:20:00,14.75,0.00,,,,
2266,05/05/2024 04:25:00,14.75,0.00,,,,
2267,05/05/2024 04:30:00,14.75,0.00,,,,
2268,05/05/2024 04:35:00,14.71,0.00,,,,
2269,05/05/2024 04:40:00,14.71,0.00,,,,
2270,05/05/2024 04:45:00,14.67,0.00,,,,
2271,05/05/2024 04:50:00,14.67,0.00,,,,
2272,05/05/2024 04:55:00,14.67,0.00,,,,
2273,05/05/2024 05:00:00,14.71,0.00,,,,
2274,05/05/2024 05:05:00,14.67,0.00,,,,
2275,05/05/2024 05:10:00,14.67,0.00,,,,
2276,05/05/2024 05:15:00,14.67,0.00,,,,
2277,05/05/2024 05:20:00,14.71,0.21,,,,
2278,05/05/2024 05:25:00,14.67,0.00,,,,
2279,05/05/2024 05:30:00,14.71,0.00,,,,
2280,05/05/2024 05:35:00,14.67,0.00,,,,
2281,05/05/2024 05:40:00,14.67,1.94,,,,
2282,05/05/2024 05:45:00,14.67,2.58,,,,
2283,05/05/2024 05:50:00,14.63,8.41,,,,
2284,05/05/2024 05:55:00,14.67,31.97,,,,
2285,05/05/2024 06:00:00,14.63,55.36,,,,
2286,05/05/2024 06:05:00,14.67,146.52,,,,
2287,05/05/2024 06:10:00,14.63,174.24,,,,
2288,05/05/2024 06:15:00,14.63,250.40,,,,
2289,05/05/2024 06:20:00,14.63,191.68,,,,
2290,05/05/2024 06:25:00,14.63,474.88,,,,
2291,05/05/2024 06:30:00,14.58,384.64,,,,
2292,05/05/2024 06:35:00,14.63,630.08,,,,
2293,05/05/2024 06:40:00,14.54,838.72,,,,
2294,05/05/2024 06:45:00,14.54,528.80,,,,
2295,05/05/2024 06:50:00,14.54,709.12,,,,
2296,05/05/2024 06:55:00,14.54,273.04,,,,
2297,05/05/2024 07:00:00,14.50,509.44,,,,
2298,05/05/2024 07:05:00,14.41,887.68,,,,
2299,05/05/2024 07:10:00,14.41,704.64,,,,
2300,05/05/2024 07:15:00,14.41,1599.36,,,,
2301,05/05/2024 07:20:00,14.41,999.04,,,,
2302,05/05/2024 07:25:00,14.45,1274.24,,,,
2303,05/05/2024 07:30:00,14.41,806.08,,,,
2304,05/05/2024 07:35:00,14.45,2251.52,,,,
2305,05/05/2024 07:40:00,14.37,825.92,,,,
2306,05/05/2024 07:45:00,14.37,2194.56,,,,
2307,05/05/2024 07:50:00,14.41,1850.88,,,,
2308,05/05/2024 07:55:00,14.45,2506.88,,,,
2309,05/05/2024 08:00:00,14.45,2170.24,,,,
2310,05/05/2024 08:05:00,14.45,2068.48,,,,
2311,05/05/2024 08:10:00,14.41,966.08,,,,
2312,05/05/2024 08:15:00,14.45,2782.72,,,,
2313,05/05/2024 08:20:00,14.45,1813.12,,,,
2314,05/05/2024 08:25:00,14.45,3545.60,,,,
2315,05/05/2024 08:30:00,14.54,4037.12,,,,
2316,05/05/2024 08:35:00,14.50,6248.96,,,,
2317,05/05/2024 08:40:00,14.50,5767.68,,,,
2318,05/05/2024 08:45:00,14.50,7390.72,,,,
2319,05/05/2024 08:50:00,14.50,4999.68,,,,
2320,05/05/2024 08:55:00,14.45,5652.48,,,,
2321,05/05/2024 09:00:00,14.50,6108.16,,,,
2322,05/05/2024 09:05:00,14.41,3882.24,,,,
2323,05/05/2024 09:10:00,14.41,2096.00,,,,
2324,05/05/2024 09:15:00,14.33,7329.28,,,,
2325,05/05/2024 09:20:00,14.33,2662.40,,,,
2326,05/05/2024 09:25:00,14.28,1975.68,,,,
2327,05/05/2024 09:30:00,14.28,4096.00,,,,
2328,05/05/2024 09:35:00,14.20,9446.40,,,,
2329,05/05/2024 09:40:00,14.20,7528.96,,,,
2330,05/05/2024 09:45:00,14.24,2306.56,,,,
2331,05/05/2024 09:50:00,14.24,5565.44,,,,
2332,05/05/2024 09:55:00,14.11,1102.40,,,,
2333,05/05/2024 10:00:00,14.15,14284.80,,,,
2334,05/05/2024 10:05:00,14.11,958.40,,,,
2335,05/05/2024 10:10:00,14.11,3439.36,,,,
2336,05/05/2024 10:15:00,14.15,1172.16,,,,
2337,05/05/2024 10:20:00,14.20,6827.52,,,,
2338,05/05/2024 10:25:00,14.24,18206.72,,,,
2339,05/05/2024 10:30:00,14.24,5841.92,,,,
2340,05/05/2024 10:35:00,14.28,14837.76,,,,
2341,05/05/2024 10:40:00,14.28,3902.72,,,,
2342,05/05/2024 10:45:00,14.41,3681.28,,,,
2343,05/05/2024 10:50:00,14.50,8240.64,,,,
2344,05/05/2024 10:55:00,14.50,9722.88,,,,
2345,05/05/2024 11:00:00,14.58,3718.40,,,,
2346,05/05/2024 11:05:00,14.63,9454.08,,,,
2347,05/05/2024 11:10:00,14.67,1569.92,,,,
2348,05/05/2024 11:15:00,14.80,6768.64,,,,
2349,05/05/2024 11:20:00,14.88,15078.40,,,,
2350,05/05/2024 11:25:00,14.97,33167.36,,,,
2351,05/05/2024 11:30:00,15.10,15006.72,,,,
2352,05/05/2024 11:35:00,15.18,12328.96,,,,
2353,05/05/2024 11:40:00,15.23,30873.60,,,,
2354,05/05/2024 11:45:00,15.40,15907.84,,,,
2355,05/05/2024 11:50:00,15.53,15339.52,,,,
2356,05/05/2024 11:55:00,15.78,45813.76,,,,
2357,05/05/2024 12:00:00,16.17,32808.96,,,,
2358,05/05/2024 12:04:31,,,Logged,Logged,,
2359,05/05/2024 12:04:34,,,,,Logged,Logged
